[
  {
    "name": "Application Start",
    "start": 1534753330258,
    "end": 1534753332668,
    "duration": 2410,
    "pid": 980,
    "index": 0
  },
  {
    "name": "Load Plugin",
    "start": 1534753330261,
    "end": 1534753330280,
    "duration": 19,
    "pid": 980,
    "index": 1
  },
  {
    "name": "Load Config",
    "start": 1534753330280,
    "end": 1534753330300,
    "duration": 20,
    "pid": 980,
    "index": 2
  },
  {
    "name": "Require(0) config/config.default.js",
    "start": 1534753330280,
    "end": 1534753330281,
    "duration": 1,
    "pid": 980,
    "index": 3
  },
  {
    "name": "Require(1) node_modules/.3.1.0@egg-session/config/config.default.js",
    "start": 1534753330282,
    "end": 1534753330283,
    "duration": 1,
    "pid": 980,
    "index": 4
  },
  {
    "name": "Require(2) node_modules/.2.2.3@egg-security/config/config.default.js",
    "start": 1534753330283,
    "end": 1534753330283,
    "duration": 0,
    "pid": 980,
    "index": 5
  },
  {
    "name": "Require(3) node_modules/.2.0.0@egg-jsonp/config/config.default.js",
    "start": 1534753330284,
    "end": 1534753330284,
    "duration": 0,
    "pid": 980,
    "index": 6
  },
  {
    "name": "Require(4) node_modules/.2.1.0@egg-onerror/config/config.default.js",
    "start": 1534753330285,
    "end": 1534753330285,
    "duration": 0,
    "pid": 980,
    "index": 7
  },
  {
    "name": "Require(5) node_modules/.2.0.0@egg-i18n/config/config.default.js",
    "start": 1534753330285,
    "end": 1534753330285,
    "duration": 0,
    "pid": 980,
    "index": 8
  },
  {
    "name": "Require(6) node_modules/.3.0.0@egg-watcher/config/config.default.js",
    "start": 1534753330286,
    "end": 1534753330286,
    "duration": 0,
    "pid": 980,
    "index": 9
  },
  {
    "name": "Require(7) node_modules/.2.0.0@egg-multipart/config/config.default.js",
    "start": 1534753330286,
    "end": 1534753330286,
    "duration": 0,
    "pid": 980,
    "index": 10
  },
  {
    "name": "Require(8) node_modules/.2.3.1@egg-development/config/config.default.js",
    "start": 1534753330287,
    "end": 1534753330287,
    "duration": 0,
    "pid": 980,
    "index": 11
  },
  {
    "name": "Require(9) node_modules/.3.3.0@egg-schedule/config/config.default.js",
    "start": 1534753330287,
    "end": 1534753330288,
    "duration": 1,
    "pid": 980,
    "index": 12
  },
  {
    "name": "Require(10) node_modules/.3.0.3@egg-logrotator/config/config.default.js",
    "start": 1534753330288,
    "end": 1534753330288,
    "duration": 0,
    "pid": 980,
    "index": 13
  },
  {
    "name": "Require(11) node_modules/.2.1.1@egg-static/config/config.default.js",
    "start": 1534753330288,
    "end": 1534753330289,
    "duration": 1,
    "pid": 980,
    "index": 14
  },
  {
    "name": "Require(12) node_modules/.2.1.0@egg-view/config/config.default.js",
    "start": 1534753330289,
    "end": 1534753330289,
    "duration": 0,
    "pid": 980,
    "index": 15
  },
  {
    "name": "Require(13) node_modules/.3.1.0@egg-mongoose/config/config.default.js",
    "start": 1534753330290,
    "end": 1534753330290,
    "duration": 0,
    "pid": 980,
    "index": 16
  },
  {
    "name": "Require(14) node_modules/.2.1.0@egg-cors/config/config.default.js",
    "start": 1534753330290,
    "end": 1534753330291,
    "duration": 1,
    "pid": 980,
    "index": 17
  },
  {
    "name": "Require(15) node_modules/.2.2.0@egg-view-nunjucks/config/config.default.js",
    "start": 1534753330291,
    "end": 1534753330291,
    "duration": 0,
    "pid": 980,
    "index": 18
  },
  {
    "name": "Require(16) node_modules/.2.9.1@egg/config/config.default.js",
    "start": 1534753330291,
    "end": 1534753330294,
    "duration": 3,
    "pid": 980,
    "index": 19
  },
  {
    "name": "Require(17) config/config.default.js",
    "start": 1534753330295,
    "end": 1534753330295,
    "duration": 0,
    "pid": 980,
    "index": 20
  },
  {
    "name": "Require(18) node_modules/.2.2.3@egg-security/config/config.local.js",
    "start": 1534753330296,
    "end": 1534753330296,
    "duration": 0,
    "pid": 980,
    "index": 21
  },
  {
    "name": "Require(19) node_modules/.3.0.0@egg-watcher/config/config.local.js",
    "start": 1534753330297,
    "end": 1534753330297,
    "duration": 0,
    "pid": 980,
    "index": 22
  },
  {
    "name": "Require(20) node_modules/.2.1.0@egg-view/config/config.local.js",
    "start": 1534753330297,
    "end": 1534753330298,
    "duration": 1,
    "pid": 980,
    "index": 23
  },
  {
    "name": "Require(21) node_modules/.2.2.0@egg-view-nunjucks/config/config.local.js",
    "start": 1534753330298,
    "end": 1534753330299,
    "duration": 1,
    "pid": 980,
    "index": 24
  },
  {
    "name": "Require(22) node_modules/.2.9.1@egg/config/config.local.js",
    "start": 1534753330299,
    "end": 1534753330299,
    "duration": 0,
    "pid": 980,
    "index": 25
  },
  {
    "name": "Load extend/application.js",
    "start": 1534753330301,
    "end": 1534753330357,
    "duration": 56,
    "pid": 980,
    "index": 26
  },
  {
    "name": "Require(23) node_modules/.3.1.0@egg-session/app/extend/application.js",
    "start": 1534753330301,
    "end": 1534753330301,
    "duration": 0,
    "pid": 980,
    "index": 27
  },
  {
    "name": "Require(24) node_modules/.2.2.3@egg-security/app/extend/application.js",
    "start": 1534753330302,
    "end": 1534753330302,
    "duration": 0,
    "pid": 980,
    "index": 28
  },
  {
    "name": "Require(25) node_modules/.2.0.0@egg-jsonp/app/extend/application.js",
    "start": 1534753330303,
    "end": 1534753330304,
    "duration": 1,
    "pid": 980,
    "index": 29
  },
  {
    "name": "Require(26) node_modules/.3.0.3@egg-logrotator/app/extend/application.js",
    "start": 1534753330305,
    "end": 1534753330307,
    "duration": 2,
    "pid": 980,
    "index": 30
  },
  {
    "name": "Require(27) node_modules/.2.1.0@egg-view/app/extend/application.js",
    "start": 1534753330307,
    "end": 1534753330309,
    "duration": 2,
    "pid": 980,
    "index": 31
  },
  {
    "name": "Require(28) node_modules/.2.2.0@egg-view-nunjucks/app/extend/application.js",
    "start": 1534753330309,
    "end": 1534753330354,
    "duration": 45,
    "pid": 980,
    "index": 32
  },
  {
    "name": "Load extend/request.js",
    "start": 1534753330357,
    "end": 1534753330362,
    "duration": 5,
    "pid": 980,
    "index": 33
  },
  {
    "name": "Require(29) node_modules/.2.9.1@egg/app/extend/request.js",
    "start": 1534753330359,
    "end": 1534753330360,
    "duration": 1,
    "pid": 980,
    "index": 34
  },
  {
    "name": "Load extend/response.js",
    "start": 1534753330362,
    "end": 1534753330367,
    "duration": 5,
    "pid": 980,
    "index": 35
  },
  {
    "name": "Require(30) node_modules/.2.9.1@egg/app/extend/response.js",
    "start": 1534753330364,
    "end": 1534753330365,
    "duration": 1,
    "pid": 980,
    "index": 36
  },
  {
    "name": "Load extend/context.js",
    "start": 1534753330367,
    "end": 1534753330421,
    "duration": 54,
    "pid": 980,
    "index": 37
  },
  {
    "name": "Require(31) node_modules/.2.2.3@egg-security/app/extend/context.js",
    "start": 1534753330367,
    "end": 1534753330376,
    "duration": 9,
    "pid": 980,
    "index": 38
  },
  {
    "name": "Require(32) node_modules/.2.0.0@egg-jsonp/app/extend/context.js",
    "start": 1534753330377,
    "end": 1534753330378,
    "duration": 1,
    "pid": 980,
    "index": 39
  },
  {
    "name": "Require(33) node_modules/.2.0.0@egg-i18n/app/extend/context.js",
    "start": 1534753330378,
    "end": 1534753330379,
    "duration": 1,
    "pid": 980,
    "index": 40
  },
  {
    "name": "Require(34) node_modules/.2.0.0@egg-multipart/app/extend/context.js",
    "start": 1534753330379,
    "end": 1534753330412,
    "duration": 33,
    "pid": 980,
    "index": 41
  },
  {
    "name": "Require(35) node_modules/.2.1.0@egg-view/app/extend/context.js",
    "start": 1534753330413,
    "end": 1534753330414,
    "duration": 1,
    "pid": 980,
    "index": 42
  },
  {
    "name": "Require(36) node_modules/.1.0.0@egg-validate/app/extend/context.js",
    "start": 1534753330414,
    "end": 1534753330414,
    "duration": 0,
    "pid": 980,
    "index": 43
  },
  {
    "name": "Require(37) node_modules/.3.1.0@egg-mongoose/app/extend/context.js",
    "start": 1534753330415,
    "end": 1534753330415,
    "duration": 0,
    "pid": 980,
    "index": 44
  },
  {
    "name": "Require(38) node_modules/.2.9.1@egg/app/extend/context.js",
    "start": 1534753330415,
    "end": 1534753330416,
    "duration": 1,
    "pid": 980,
    "index": 45
  },
  {
    "name": "Load extend/helper.js",
    "start": 1534753330421,
    "end": 1534753330437,
    "duration": 16,
    "pid": 980,
    "index": 46
  },
  {
    "name": "Require(39) node_modules/.2.2.3@egg-security/app/extend/helper.js",
    "start": 1534753330421,
    "end": 1534753330433,
    "duration": 12,
    "pid": 980,
    "index": 47
  },
  {
    "name": "Require(40) node_modules/.2.9.1@egg/app/extend/helper.js",
    "start": 1534753330434,
    "end": 1534753330435,
    "duration": 1,
    "pid": 980,
    "index": 48
  },
  {
    "name": "Load app.js",
    "start": 1534753330437,
    "end": 1534753331273,
    "duration": 836,
    "pid": 980,
    "index": 49
  },
  {
    "name": "Require(41) node_modules/.3.1.0@egg-session/app.js",
    "start": 1534753330437,
    "end": 1534753330437,
    "duration": 0,
    "pid": 980,
    "index": 50
  },
  {
    "name": "Require(42) node_modules/.2.2.3@egg-security/app.js",
    "start": 1534753330437,
    "end": 1534753330439,
    "duration": 2,
    "pid": 980,
    "index": 51
  },
  {
    "name": "Require(43) node_modules/.2.1.0@egg-onerror/app.js",
    "start": 1534753330439,
    "end": 1534753330446,
    "duration": 7,
    "pid": 980,
    "index": 52
  },
  {
    "name": "Require(44) node_modules/.2.0.0@egg-i18n/app.js",
    "start": 1534753330446,
    "end": 1534753330452,
    "duration": 6,
    "pid": 980,
    "index": 53
  },
  {
    "name": "Require(45) node_modules/.3.0.0@egg-watcher/app.js",
    "start": 1534753330454,
    "end": 1534753330457,
    "duration": 3,
    "pid": 980,
    "index": 54
  },
  {
    "name": "Before Start in node_modules/.3.0.0@egg-watcher/app.js:15:7",
    "start": 1534753330464,
    "end": 1534753331663,
    "duration": 1199,
    "pid": 980,
    "index": 55
  },
  {
    "name": "Require(46) node_modules/.2.0.0@egg-multipart/app.js",
    "start": 1534753330465,
    "end": 1534753330469,
    "duration": 4,
    "pid": 980,
    "index": 56
  },
  {
    "name": "Require(47) node_modules/.2.3.1@egg-development/app.js",
    "start": 1534753330469,
    "end": 1534753330471,
    "duration": 2,
    "pid": 980,
    "index": 57
  },
  {
    "name": "Before Start in node_modules/.2.3.1@egg-development/app.js:12:7",
    "start": 1534753330471,
    "end": 1534753331663,
    "duration": 1192,
    "pid": 980,
    "index": 58
  },
  {
    "name": "Require(48) node_modules/.3.3.0@egg-schedule/app.js",
    "start": 1534753330472,
    "end": 1534753330473,
    "duration": 1,
    "pid": 980,
    "index": 59
  },
  {
    "name": "Require(49) node_modules/.3.0.3@egg-logrotator/app.js",
    "start": 1534753330502,
    "end": 1534753330502,
    "duration": 0,
    "pid": 980,
    "index": 60
  },
  {
    "name": "Require(50) node_modules/.2.1.1@egg-static/app.js",
    "start": 1534753330502,
    "end": 1534753330502,
    "duration": 0,
    "pid": 980,
    "index": 61
  },
  {
    "name": "Require(51) node_modules/.1.0.0@egg-validate/app.js",
    "start": 1534753330503,
    "end": 1534753330504,
    "duration": 1,
    "pid": 980,
    "index": 62
  },
  {
    "name": "Require(52) node_modules/.3.1.0@egg-mongoose/app.js",
    "start": 1534753330504,
    "end": 1534753330505,
    "duration": 1,
    "pid": 980,
    "index": 63
  },
  {
    "name": "Before Start in node_modules/.3.1.0@egg-mongoose/lib/mongoose.js:77:7",
    "start": 1534753331271,
    "end": 1534753332668,
    "duration": 1397,
    "pid": 980,
    "index": 64
  },
  {
    "name": "Before Start in node_modules/.3.1.0@egg-mongoose/lib/mongoose.js:42:9",
    "start": 1534753331271,
    "end": 1534753331618,
    "duration": 347,
    "pid": 980,
    "index": 65
  },
  {
    "name": "Require(53) node_modules/.2.1.0@egg-cors/app.js",
    "start": 1534753331271,
    "end": 1534753331272,
    "duration": 1,
    "pid": 980,
    "index": 66
  },
  {
    "name": "Require(54) node_modules/.2.2.0@egg-view-nunjucks/app.js",
    "start": 1534753331272,
    "end": 1534753331272,
    "duration": 0,
    "pid": 980,
    "index": 67
  },
  {
    "name": "Load Service",
    "start": 1534753331273,
    "end": 1534753331519,
    "duration": 246,
    "pid": 980,
    "index": 68
  },
  {
    "name": "Load \"service\" to Context",
    "start": 1534753331273,
    "end": 1534753331519,
    "duration": 246,
    "pid": 980,
    "index": 69
  },
  {
    "name": "Load Middleware",
    "start": 1534753331519,
    "end": 1534753331581,
    "duration": 62,
    "pid": 980,
    "index": 70
  },
  {
    "name": "Load \"middlewares\" to Application",
    "start": 1534753331519,
    "end": 1534753331571,
    "duration": 52,
    "pid": 980,
    "index": 71
  },
  {
    "name": "Load Controller",
    "start": 1534753331581,
    "end": 1534753331586,
    "duration": 5,
    "pid": 980,
    "index": 72
  },
  {
    "name": "Load \"controller\" to Application",
    "start": 1534753331581,
    "end": 1534753331586,
    "duration": 5,
    "pid": 980,
    "index": 73
  },
  {
    "name": "Load Router",
    "start": 1534753331586,
    "end": 1534753331588,
    "duration": 2,
    "pid": 980,
    "index": 74
  },
  {
    "name": "Require(55) app/router.js",
    "start": 1534753331587,
    "end": 1534753331587,
    "duration": 0,
    "pid": 980,
    "index": 75
  },
  {
    "name": "Before Start in node_modules/.4.9.1@egg-core/lib/egg.js:328:10",
    "start": 1534753331587,
    "end": 1534753331618,
    "duration": 31,
    "pid": 980,
    "index": 76
  },
  {
    "name": "Load \"model\" to Application",
    "start": 1534753331602,
    "end": 1534753331618,
    "duration": 16,
    "pid": 980,
    "index": 77
  }
]