[
  {
    "name": "Application Start",
    "start": 1534736774433,
    "end": 1534736777000,
    "duration": 2567,
    "pid": 12864,
    "index": 0
  },
  {
    "name": "Load Plugin",
    "start": 1534736774437,
    "end": 1534736774458,
    "duration": 21,
    "pid": 12864,
    "index": 1
  },
  {
    "name": "Load Config",
    "start": 1534736774458,
    "end": 1534736774492,
    "duration": 34,
    "pid": 12864,
    "index": 2
  },
  {
    "name": "Require(0) config/config.default.js",
    "start": 1534736774459,
    "end": 1534736774459,
    "duration": 0,
    "pid": 12864,
    "index": 3
  },
  {
    "name": "Require(1) node_modules/.3.1.0@egg-session/config/config.default.js",
    "start": 1534736774461,
    "end": 1534736774461,
    "duration": 0,
    "pid": 12864,
    "index": 4
  },
  {
    "name": "Require(2) node_modules/.2.2.3@egg-security/config/config.default.js",
    "start": 1534736774461,
    "end": 1534736774462,
    "duration": 1,
    "pid": 12864,
    "index": 5
  },
  {
    "name": "Require(3) node_modules/.2.0.0@egg-jsonp/config/config.default.js",
    "start": 1534736774463,
    "end": 1534736774463,
    "duration": 0,
    "pid": 12864,
    "index": 6
  },
  {
    "name": "Require(4) node_modules/.2.1.0@egg-onerror/config/config.default.js",
    "start": 1534736774464,
    "end": 1534736774464,
    "duration": 0,
    "pid": 12864,
    "index": 7
  },
  {
    "name": "Require(5) node_modules/.2.0.0@egg-i18n/config/config.default.js",
    "start": 1534736774465,
    "end": 1534736774465,
    "duration": 0,
    "pid": 12864,
    "index": 8
  },
  {
    "name": "Require(6) node_modules/.3.0.0@egg-watcher/config/config.default.js",
    "start": 1534736774466,
    "end": 1534736774466,
    "duration": 0,
    "pid": 12864,
    "index": 9
  },
  {
    "name": "Require(7) node_modules/.2.0.0@egg-multipart/config/config.default.js",
    "start": 1534736774467,
    "end": 1534736774467,
    "duration": 0,
    "pid": 12864,
    "index": 10
  },
  {
    "name": "Require(8) node_modules/.2.3.1@egg-development/config/config.default.js",
    "start": 1534736774467,
    "end": 1534736774468,
    "duration": 1,
    "pid": 12864,
    "index": 11
  },
  {
    "name": "Require(9) node_modules/.3.3.0@egg-schedule/config/config.default.js",
    "start": 1534736774469,
    "end": 1534736774469,
    "duration": 0,
    "pid": 12864,
    "index": 12
  },
  {
    "name": "Require(10) node_modules/.3.0.3@egg-logrotator/config/config.default.js",
    "start": 1534736774470,
    "end": 1534736774471,
    "duration": 1,
    "pid": 12864,
    "index": 13
  },
  {
    "name": "Require(11) node_modules/.2.1.1@egg-static/config/config.default.js",
    "start": 1534736774471,
    "end": 1534736774472,
    "duration": 1,
    "pid": 12864,
    "index": 14
  },
  {
    "name": "Require(12) node_modules/.2.1.0@egg-view/config/config.default.js",
    "start": 1534736774473,
    "end": 1534736774473,
    "duration": 0,
    "pid": 12864,
    "index": 15
  },
  {
    "name": "Require(13) node_modules/.3.1.0@egg-mongoose/config/config.default.js",
    "start": 1534736774474,
    "end": 1534736774474,
    "duration": 0,
    "pid": 12864,
    "index": 16
  },
  {
    "name": "Require(14) node_modules/.2.1.0@egg-cors/config/config.default.js",
    "start": 1534736774474,
    "end": 1534736774475,
    "duration": 1,
    "pid": 12864,
    "index": 17
  },
  {
    "name": "Require(15) node_modules/.2.2.0@egg-view-nunjucks/config/config.default.js",
    "start": 1534736774475,
    "end": 1534736774483,
    "duration": 8,
    "pid": 12864,
    "index": 18
  },
  {
    "name": "Require(16) node_modules/.2.9.1@egg/config/config.default.js",
    "start": 1534736774484,
    "end": 1534736774484,
    "duration": 0,
    "pid": 12864,
    "index": 19
  },
  {
    "name": "Require(17) config/config.default.js",
    "start": 1534736774488,
    "end": 1534736774488,
    "duration": 0,
    "pid": 12864,
    "index": 20
  },
  {
    "name": "Require(18) node_modules/.2.2.3@egg-security/config/config.local.js",
    "start": 1534736774488,
    "end": 1534736774489,
    "duration": 1,
    "pid": 12864,
    "index": 21
  },
  {
    "name": "Require(19) node_modules/.3.0.0@egg-watcher/config/config.local.js",
    "start": 1534736774490,
    "end": 1534736774490,
    "duration": 0,
    "pid": 12864,
    "index": 22
  },
  {
    "name": "Require(20) node_modules/.2.1.0@egg-view/config/config.local.js",
    "start": 1534736774491,
    "end": 1534736774491,
    "duration": 0,
    "pid": 12864,
    "index": 23
  },
  {
    "name": "Require(21) node_modules/.2.2.0@egg-view-nunjucks/config/config.local.js",
    "start": 1534736774491,
    "end": 1534736774492,
    "duration": 1,
    "pid": 12864,
    "index": 24
  },
  {
    "name": "Require(22) node_modules/.2.9.1@egg/config/config.local.js",
    "start": 1534736774492,
    "end": 1534736774492,
    "duration": 0,
    "pid": 12864,
    "index": 25
  },
  {
    "name": "Load extend/application.js",
    "start": 1534736774493,
    "end": 1534736774563,
    "duration": 70,
    "pid": 12864,
    "index": 26
  },
  {
    "name": "Require(23) node_modules/.3.1.0@egg-session/app/extend/application.js",
    "start": 1534736774494,
    "end": 1534736774494,
    "duration": 0,
    "pid": 12864,
    "index": 27
  },
  {
    "name": "Require(24) node_modules/.2.2.3@egg-security/app/extend/application.js",
    "start": 1534736774495,
    "end": 1534736774496,
    "duration": 1,
    "pid": 12864,
    "index": 28
  },
  {
    "name": "Require(25) node_modules/.2.0.0@egg-jsonp/app/extend/application.js",
    "start": 1534736774496,
    "end": 1534736774498,
    "duration": 2,
    "pid": 12864,
    "index": 29
  },
  {
    "name": "Require(26) node_modules/.3.0.3@egg-logrotator/app/extend/application.js",
    "start": 1534736774500,
    "end": 1534736774502,
    "duration": 2,
    "pid": 12864,
    "index": 30
  },
  {
    "name": "Require(27) node_modules/.2.1.0@egg-view/app/extend/application.js",
    "start": 1534736774506,
    "end": 1534736774507,
    "duration": 1,
    "pid": 12864,
    "index": 31
  },
  {
    "name": "Require(28) node_modules/.2.2.0@egg-view-nunjucks/app/extend/application.js",
    "start": 1534736774508,
    "end": 1534736774561,
    "duration": 53,
    "pid": 12864,
    "index": 32
  },
  {
    "name": "Load extend/request.js",
    "start": 1534736774563,
    "end": 1534736774568,
    "duration": 5,
    "pid": 12864,
    "index": 33
  },
  {
    "name": "Require(29) node_modules/.2.9.1@egg/app/extend/request.js",
    "start": 1534736774565,
    "end": 1534736774566,
    "duration": 1,
    "pid": 12864,
    "index": 34
  },
  {
    "name": "Load extend/response.js",
    "start": 1534736774568,
    "end": 1534736774576,
    "duration": 8,
    "pid": 12864,
    "index": 35
  },
  {
    "name": "Require(30) node_modules/.2.9.1@egg/app/extend/response.js",
    "start": 1534736774571,
    "end": 1534736774573,
    "duration": 2,
    "pid": 12864,
    "index": 36
  },
  {
    "name": "Load extend/context.js",
    "start": 1534736774576,
    "end": 1534736774651,
    "duration": 75,
    "pid": 12864,
    "index": 37
  },
  {
    "name": "Require(31) node_modules/.2.2.3@egg-security/app/extend/context.js",
    "start": 1534736774576,
    "end": 1534736774585,
    "duration": 9,
    "pid": 12864,
    "index": 38
  },
  {
    "name": "Require(32) node_modules/.2.0.0@egg-jsonp/app/extend/context.js",
    "start": 1534736774586,
    "end": 1534736774588,
    "duration": 2,
    "pid": 12864,
    "index": 39
  },
  {
    "name": "Require(33) node_modules/.2.0.0@egg-i18n/app/extend/context.js",
    "start": 1534736774588,
    "end": 1534736774589,
    "duration": 1,
    "pid": 12864,
    "index": 40
  },
  {
    "name": "Require(34) node_modules/.2.0.0@egg-multipart/app/extend/context.js",
    "start": 1534736774589,
    "end": 1534736774633,
    "duration": 44,
    "pid": 12864,
    "index": 41
  },
  {
    "name": "Require(35) node_modules/.2.1.0@egg-view/app/extend/context.js",
    "start": 1534736774641,
    "end": 1534736774642,
    "duration": 1,
    "pid": 12864,
    "index": 42
  },
  {
    "name": "Require(36) node_modules/.1.0.0@egg-validate/app/extend/context.js",
    "start": 1534736774642,
    "end": 1534736774643,
    "duration": 1,
    "pid": 12864,
    "index": 43
  },
  {
    "name": "Require(37) node_modules/.3.1.0@egg-mongoose/app/extend/context.js",
    "start": 1534736774643,
    "end": 1534736774643,
    "duration": 0,
    "pid": 12864,
    "index": 44
  },
  {
    "name": "Require(38) node_modules/.2.9.1@egg/app/extend/context.js",
    "start": 1534736774643,
    "end": 1534736774649,
    "duration": 6,
    "pid": 12864,
    "index": 45
  },
  {
    "name": "Load extend/helper.js",
    "start": 1534736774651,
    "end": 1534736774669,
    "duration": 18,
    "pid": 12864,
    "index": 46
  },
  {
    "name": "Require(39) node_modules/.2.2.3@egg-security/app/extend/helper.js",
    "start": 1534736774651,
    "end": 1534736774665,
    "duration": 14,
    "pid": 12864,
    "index": 47
  },
  {
    "name": "Require(40) node_modules/.2.9.1@egg/app/extend/helper.js",
    "start": 1534736774667,
    "end": 1534736774667,
    "duration": 0,
    "pid": 12864,
    "index": 48
  },
  {
    "name": "Load app.js",
    "start": 1534736774669,
    "end": 1534736775568,
    "duration": 899,
    "pid": 12864,
    "index": 49
  },
  {
    "name": "Require(41) node_modules/.3.1.0@egg-session/app.js",
    "start": 1534736774669,
    "end": 1534736774670,
    "duration": 1,
    "pid": 12864,
    "index": 50
  },
  {
    "name": "Require(42) node_modules/.2.2.3@egg-security/app.js",
    "start": 1534736774670,
    "end": 1534736774671,
    "duration": 1,
    "pid": 12864,
    "index": 51
  },
  {
    "name": "Require(43) node_modules/.2.1.0@egg-onerror/app.js",
    "start": 1534736774672,
    "end": 1534736774681,
    "duration": 9,
    "pid": 12864,
    "index": 52
  },
  {
    "name": "Require(44) node_modules/.2.0.0@egg-i18n/app.js",
    "start": 1534736774681,
    "end": 1534736774688,
    "duration": 7,
    "pid": 12864,
    "index": 53
  },
  {
    "name": "Require(45) node_modules/.3.0.0@egg-watcher/app.js",
    "start": 1534736774690,
    "end": 1534736774693,
    "duration": 3,
    "pid": 12864,
    "index": 54
  },
  {
    "name": "Before Start in node_modules/.3.0.0@egg-watcher/app.js:15:7",
    "start": 1534736774700,
    "end": 1534736775988,
    "duration": 1288,
    "pid": 12864,
    "index": 55
  },
  {
    "name": "Require(46) node_modules/.2.0.0@egg-multipart/app.js",
    "start": 1534736774701,
    "end": 1534736774703,
    "duration": 2,
    "pid": 12864,
    "index": 56
  },
  {
    "name": "Require(47) node_modules/.2.3.1@egg-development/app.js",
    "start": 1534736774704,
    "end": 1534736774705,
    "duration": 1,
    "pid": 12864,
    "index": 57
  },
  {
    "name": "Before Start in node_modules/.2.3.1@egg-development/app.js:12:7",
    "start": 1534736774705,
    "end": 1534736775988,
    "duration": 1283,
    "pid": 12864,
    "index": 58
  },
  {
    "name": "Require(48) node_modules/.3.3.0@egg-schedule/app.js",
    "start": 1534736774706,
    "end": 1534736774707,
    "duration": 1,
    "pid": 12864,
    "index": 59
  },
  {
    "name": "Require(49) node_modules/.3.0.3@egg-logrotator/app.js",
    "start": 1534736774748,
    "end": 1534736774748,
    "duration": 0,
    "pid": 12864,
    "index": 60
  },
  {
    "name": "Require(50) node_modules/.2.1.1@egg-static/app.js",
    "start": 1534736774748,
    "end": 1534736774749,
    "duration": 1,
    "pid": 12864,
    "index": 61
  },
  {
    "name": "Require(51) node_modules/.1.0.0@egg-validate/app.js",
    "start": 1534736774749,
    "end": 1534736774751,
    "duration": 2,
    "pid": 12864,
    "index": 62
  },
  {
    "name": "Require(52) node_modules/.3.1.0@egg-mongoose/app.js",
    "start": 1534736774751,
    "end": 1534736774751,
    "duration": 0,
    "pid": 12864,
    "index": 63
  },
  {
    "name": "Before Start in node_modules/.3.1.0@egg-mongoose/lib/mongoose.js:77:7",
    "start": 1534736775566,
    "end": 1534736777000,
    "duration": 1434,
    "pid": 12864,
    "index": 64
  },
  {
    "name": "Before Start in node_modules/.3.1.0@egg-mongoose/lib/mongoose.js:42:9",
    "start": 1534736775566,
    "end": 1534736775943,
    "duration": 377,
    "pid": 12864,
    "index": 65
  },
  {
    "name": "Require(53) node_modules/.2.1.0@egg-cors/app.js",
    "start": 1534736775566,
    "end": 1534736775566,
    "duration": 0,
    "pid": 12864,
    "index": 66
  },
  {
    "name": "Require(54) node_modules/.2.2.0@egg-view-nunjucks/app.js",
    "start": 1534736775567,
    "end": 1534736775567,
    "duration": 0,
    "pid": 12864,
    "index": 67
  },
  {
    "name": "Load Service",
    "start": 1534736775568,
    "end": 1534736775838,
    "duration": 270,
    "pid": 12864,
    "index": 68
  },
  {
    "name": "Load \"service\" to Context",
    "start": 1534736775568,
    "end": 1534736775838,
    "duration": 270,
    "pid": 12864,
    "index": 69
  },
  {
    "name": "Load Middleware",
    "start": 1534736775838,
    "end": 1534736775907,
    "duration": 69,
    "pid": 12864,
    "index": 70
  },
  {
    "name": "Load \"middlewares\" to Application",
    "start": 1534736775838,
    "end": 1534736775900,
    "duration": 62,
    "pid": 12864,
    "index": 71
  },
  {
    "name": "Load Controller",
    "start": 1534736775907,
    "end": 1534736775913,
    "duration": 6,
    "pid": 12864,
    "index": 72
  },
  {
    "name": "Load \"controller\" to Application",
    "start": 1534736775907,
    "end": 1534736775913,
    "duration": 6,
    "pid": 12864,
    "index": 73
  },
  {
    "name": "Load Router",
    "start": 1534736775913,
    "end": 1534736775915,
    "duration": 2,
    "pid": 12864,
    "index": 74
  },
  {
    "name": "Require(55) app/router.js",
    "start": 1534736775913,
    "end": 1534736775913,
    "duration": 0,
    "pid": 12864,
    "index": 75
  },
  {
    "name": "Before Start in node_modules/.4.9.1@egg-core/lib/egg.js:328:10",
    "start": 1534736775914,
    "end": 1534736775943,
    "duration": 29,
    "pid": 12864,
    "index": 76
  },
  {
    "name": "Load \"model\" to Application",
    "start": 1534736775927,
    "end": 1534736775942,
    "duration": 15,
    "pid": 12864,
    "index": 77
  }
]