[
  {
    "name": "Application Start",
    "start": 1534758478631,
    "end": 1534758481046,
    "duration": 2415,
    "pid": 15676,
    "index": 0
  },
  {
    "name": "Load Plugin",
    "start": 1534758478635,
    "end": 1534758478653,
    "duration": 18,
    "pid": 15676,
    "index": 1
  },
  {
    "name": "Load Config",
    "start": 1534758478653,
    "end": 1534758478674,
    "duration": 21,
    "pid": 15676,
    "index": 2
  },
  {
    "name": "Require(0) config/config.default.js",
    "start": 1534758478654,
    "end": 1534758478655,
    "duration": 1,
    "pid": 15676,
    "index": 3
  },
  {
    "name": "Require(1) node_modules/.3.1.0@egg-session/config/config.default.js",
    "start": 1534758478656,
    "end": 1534758478656,
    "duration": 0,
    "pid": 15676,
    "index": 4
  },
  {
    "name": "Require(2) node_modules/.2.2.3@egg-security/config/config.default.js",
    "start": 1534758478656,
    "end": 1534758478656,
    "duration": 0,
    "pid": 15676,
    "index": 5
  },
  {
    "name": "Require(3) node_modules/.2.0.0@egg-jsonp/config/config.default.js",
    "start": 1534758478657,
    "end": 1534758478657,
    "duration": 0,
    "pid": 15676,
    "index": 6
  },
  {
    "name": "Require(4) node_modules/.2.1.0@egg-onerror/config/config.default.js",
    "start": 1534758478658,
    "end": 1534758478658,
    "duration": 0,
    "pid": 15676,
    "index": 7
  },
  {
    "name": "Require(5) node_modules/.2.0.0@egg-i18n/config/config.default.js",
    "start": 1534758478658,
    "end": 1534758478659,
    "duration": 1,
    "pid": 15676,
    "index": 8
  },
  {
    "name": "Require(6) node_modules/.3.0.0@egg-watcher/config/config.default.js",
    "start": 1534758478659,
    "end": 1534758478659,
    "duration": 0,
    "pid": 15676,
    "index": 9
  },
  {
    "name": "Require(7) node_modules/.2.0.0@egg-multipart/config/config.default.js",
    "start": 1534758478660,
    "end": 1534758478660,
    "duration": 0,
    "pid": 15676,
    "index": 10
  },
  {
    "name": "Require(8) node_modules/.2.3.1@egg-development/config/config.default.js",
    "start": 1534758478660,
    "end": 1534758478661,
    "duration": 1,
    "pid": 15676,
    "index": 11
  },
  {
    "name": "Require(9) node_modules/.3.3.0@egg-schedule/config/config.default.js",
    "start": 1534758478661,
    "end": 1534758478661,
    "duration": 0,
    "pid": 15676,
    "index": 12
  },
  {
    "name": "Require(10) node_modules/.3.0.3@egg-logrotator/config/config.default.js",
    "start": 1534758478662,
    "end": 1534758478662,
    "duration": 0,
    "pid": 15676,
    "index": 13
  },
  {
    "name": "Require(11) node_modules/.2.1.1@egg-static/config/config.default.js",
    "start": 1534758478664,
    "end": 1534758478664,
    "duration": 0,
    "pid": 15676,
    "index": 14
  },
  {
    "name": "Require(12) node_modules/.2.1.0@egg-view/config/config.default.js",
    "start": 1534758478665,
    "end": 1534758478665,
    "duration": 0,
    "pid": 15676,
    "index": 15
  },
  {
    "name": "Require(13) node_modules/.3.1.0@egg-mongoose/config/config.default.js",
    "start": 1534758478666,
    "end": 1534758478666,
    "duration": 0,
    "pid": 15676,
    "index": 16
  },
  {
    "name": "Require(14) node_modules/.2.1.0@egg-cors/config/config.default.js",
    "start": 1534758478666,
    "end": 1534758478667,
    "duration": 1,
    "pid": 15676,
    "index": 17
  },
  {
    "name": "Require(15) node_modules/.2.2.0@egg-view-nunjucks/config/config.default.js",
    "start": 1534758478667,
    "end": 1534758478667,
    "duration": 0,
    "pid": 15676,
    "index": 18
  },
  {
    "name": "Require(16) node_modules/.2.9.1@egg/config/config.default.js",
    "start": 1534758478667,
    "end": 1534758478668,
    "duration": 1,
    "pid": 15676,
    "index": 19
  },
  {
    "name": "Require(17) config/config.default.js",
    "start": 1534758478669,
    "end": 1534758478669,
    "duration": 0,
    "pid": 15676,
    "index": 20
  },
  {
    "name": "Require(18) node_modules/.2.2.3@egg-security/config/config.local.js",
    "start": 1534758478671,
    "end": 1534758478671,
    "duration": 0,
    "pid": 15676,
    "index": 21
  },
  {
    "name": "Require(19) node_modules/.3.0.0@egg-watcher/config/config.local.js",
    "start": 1534758478672,
    "end": 1534758478672,
    "duration": 0,
    "pid": 15676,
    "index": 22
  },
  {
    "name": "Require(20) node_modules/.2.1.0@egg-view/config/config.local.js",
    "start": 1534758478673,
    "end": 1534758478673,
    "duration": 0,
    "pid": 15676,
    "index": 23
  },
  {
    "name": "Require(21) node_modules/.2.2.0@egg-view-nunjucks/config/config.local.js",
    "start": 1534758478674,
    "end": 1534758478674,
    "duration": 0,
    "pid": 15676,
    "index": 24
  },
  {
    "name": "Require(22) node_modules/.2.9.1@egg/config/config.local.js",
    "start": 1534758478674,
    "end": 1534758478674,
    "duration": 0,
    "pid": 15676,
    "index": 25
  },
  {
    "name": "Load extend/application.js",
    "start": 1534758478675,
    "end": 1534758478736,
    "duration": 61,
    "pid": 15676,
    "index": 26
  },
  {
    "name": "Require(23) node_modules/.3.1.0@egg-session/app/extend/application.js",
    "start": 1534758478676,
    "end": 1534758478676,
    "duration": 0,
    "pid": 15676,
    "index": 27
  },
  {
    "name": "Require(24) node_modules/.2.2.3@egg-security/app/extend/application.js",
    "start": 1534758478676,
    "end": 1534758478677,
    "duration": 1,
    "pid": 15676,
    "index": 28
  },
  {
    "name": "Require(25) node_modules/.2.0.0@egg-jsonp/app/extend/application.js",
    "start": 1534758478677,
    "end": 1534758478679,
    "duration": 2,
    "pid": 15676,
    "index": 29
  },
  {
    "name": "Require(26) node_modules/.3.0.3@egg-logrotator/app/extend/application.js",
    "start": 1534758478680,
    "end": 1534758478682,
    "duration": 2,
    "pid": 15676,
    "index": 30
  },
  {
    "name": "Require(27) node_modules/.2.1.0@egg-view/app/extend/application.js",
    "start": 1534758478683,
    "end": 1534758478684,
    "duration": 1,
    "pid": 15676,
    "index": 31
  },
  {
    "name": "Require(28) node_modules/.2.2.0@egg-view-nunjucks/app/extend/application.js",
    "start": 1534758478685,
    "end": 1534758478734,
    "duration": 49,
    "pid": 15676,
    "index": 32
  },
  {
    "name": "Load extend/request.js",
    "start": 1534758478736,
    "end": 1534758478741,
    "duration": 5,
    "pid": 15676,
    "index": 33
  },
  {
    "name": "Require(29) node_modules/.2.9.1@egg/app/extend/request.js",
    "start": 1534758478738,
    "end": 1534758478739,
    "duration": 1,
    "pid": 15676,
    "index": 34
  },
  {
    "name": "Load extend/response.js",
    "start": 1534758478741,
    "end": 1534758478747,
    "duration": 6,
    "pid": 15676,
    "index": 35
  },
  {
    "name": "Require(30) node_modules/.2.9.1@egg/app/extend/response.js",
    "start": 1534758478743,
    "end": 1534758478744,
    "duration": 1,
    "pid": 15676,
    "index": 36
  },
  {
    "name": "Load extend/context.js",
    "start": 1534758478747,
    "end": 1534758478808,
    "duration": 61,
    "pid": 15676,
    "index": 37
  },
  {
    "name": "Require(31) node_modules/.2.2.3@egg-security/app/extend/context.js",
    "start": 1534758478748,
    "end": 1534758478756,
    "duration": 8,
    "pid": 15676,
    "index": 38
  },
  {
    "name": "Require(32) node_modules/.2.0.0@egg-jsonp/app/extend/context.js",
    "start": 1534758478757,
    "end": 1534758478758,
    "duration": 1,
    "pid": 15676,
    "index": 39
  },
  {
    "name": "Require(33) node_modules/.2.0.0@egg-i18n/app/extend/context.js",
    "start": 1534758478758,
    "end": 1534758478758,
    "duration": 0,
    "pid": 15676,
    "index": 40
  },
  {
    "name": "Require(34) node_modules/.2.0.0@egg-multipart/app/extend/context.js",
    "start": 1534758478758,
    "end": 1534758478800,
    "duration": 42,
    "pid": 15676,
    "index": 41
  },
  {
    "name": "Require(35) node_modules/.2.1.0@egg-view/app/extend/context.js",
    "start": 1534758478801,
    "end": 1534758478801,
    "duration": 0,
    "pid": 15676,
    "index": 42
  },
  {
    "name": "Require(36) node_modules/.1.0.0@egg-validate/app/extend/context.js",
    "start": 1534758478802,
    "end": 1534758478802,
    "duration": 0,
    "pid": 15676,
    "index": 43
  },
  {
    "name": "Require(37) node_modules/.3.1.0@egg-mongoose/app/extend/context.js",
    "start": 1534758478802,
    "end": 1534758478802,
    "duration": 0,
    "pid": 15676,
    "index": 44
  },
  {
    "name": "Require(38) node_modules/.2.9.1@egg/app/extend/context.js",
    "start": 1534758478806,
    "end": 1534758478807,
    "duration": 1,
    "pid": 15676,
    "index": 45
  },
  {
    "name": "Load extend/helper.js",
    "start": 1534758478809,
    "end": 1534758478824,
    "duration": 15,
    "pid": 15676,
    "index": 46
  },
  {
    "name": "Require(39) node_modules/.2.2.3@egg-security/app/extend/helper.js",
    "start": 1534758478809,
    "end": 1534758478821,
    "duration": 12,
    "pid": 15676,
    "index": 47
  },
  {
    "name": "Require(40) node_modules/.2.9.1@egg/app/extend/helper.js",
    "start": 1534758478822,
    "end": 1534758478822,
    "duration": 0,
    "pid": 15676,
    "index": 48
  },
  {
    "name": "Load app.js",
    "start": 1534758478824,
    "end": 1534758479652,
    "duration": 828,
    "pid": 15676,
    "index": 49
  },
  {
    "name": "Require(41) node_modules/.3.1.0@egg-session/app.js",
    "start": 1534758478824,
    "end": 1534758478824,
    "duration": 0,
    "pid": 15676,
    "index": 50
  },
  {
    "name": "Require(42) node_modules/.2.2.3@egg-security/app.js",
    "start": 1534758478825,
    "end": 1534758478826,
    "duration": 1,
    "pid": 15676,
    "index": 51
  },
  {
    "name": "Require(43) node_modules/.2.1.0@egg-onerror/app.js",
    "start": 1534758478827,
    "end": 1534758478834,
    "duration": 7,
    "pid": 15676,
    "index": 52
  },
  {
    "name": "Require(44) node_modules/.2.0.0@egg-i18n/app.js",
    "start": 1534758478834,
    "end": 1534758478839,
    "duration": 5,
    "pid": 15676,
    "index": 53
  },
  {
    "name": "Require(45) node_modules/.3.0.0@egg-watcher/app.js",
    "start": 1534758478841,
    "end": 1534758478844,
    "duration": 3,
    "pid": 15676,
    "index": 54
  },
  {
    "name": "Before Start in node_modules/.3.0.0@egg-watcher/app.js:15:7",
    "start": 1534758478851,
    "end": 1534758480046,
    "duration": 1195,
    "pid": 15676,
    "index": 55
  },
  {
    "name": "Require(46) node_modules/.2.0.0@egg-multipart/app.js",
    "start": 1534758478852,
    "end": 1534758478854,
    "duration": 2,
    "pid": 15676,
    "index": 56
  },
  {
    "name": "Require(47) node_modules/.2.3.1@egg-development/app.js",
    "start": 1534758478854,
    "end": 1534758478856,
    "duration": 2,
    "pid": 15676,
    "index": 57
  },
  {
    "name": "Before Start in node_modules/.2.3.1@egg-development/app.js:12:7",
    "start": 1534758478856,
    "end": 1534758480047,
    "duration": 1191,
    "pid": 15676,
    "index": 58
  },
  {
    "name": "Require(48) node_modules/.3.3.0@egg-schedule/app.js",
    "start": 1534758478856,
    "end": 1534758478857,
    "duration": 1,
    "pid": 15676,
    "index": 59
  },
  {
    "name": "Require(49) node_modules/.3.0.3@egg-logrotator/app.js",
    "start": 1534758478891,
    "end": 1534758478891,
    "duration": 0,
    "pid": 15676,
    "index": 60
  },
  {
    "name": "Require(50) node_modules/.2.1.1@egg-static/app.js",
    "start": 1534758478891,
    "end": 1534758478892,
    "duration": 1,
    "pid": 15676,
    "index": 61
  },
  {
    "name": "Require(51) node_modules/.1.0.0@egg-validate/app.js",
    "start": 1534758478892,
    "end": 1534758478894,
    "duration": 2,
    "pid": 15676,
    "index": 62
  },
  {
    "name": "Require(52) node_modules/.3.1.0@egg-mongoose/app.js",
    "start": 1534758478894,
    "end": 1534758478894,
    "duration": 0,
    "pid": 15676,
    "index": 63
  },
  {
    "name": "Before Start in node_modules/.3.1.0@egg-mongoose/lib/mongoose.js:77:7",
    "start": 1534758479649,
    "end": 1534758481045,
    "duration": 1396,
    "pid": 15676,
    "index": 64
  },
  {
    "name": "Before Start in node_modules/.3.1.0@egg-mongoose/lib/mongoose.js:42:9",
    "start": 1534758479649,
    "end": 1534758480006,
    "duration": 357,
    "pid": 15676,
    "index": 65
  },
  {
    "name": "Require(53) node_modules/.2.1.0@egg-cors/app.js",
    "start": 1534758479650,
    "end": 1534758479650,
    "duration": 0,
    "pid": 15676,
    "index": 66
  },
  {
    "name": "Require(54) node_modules/.2.2.0@egg-view-nunjucks/app.js",
    "start": 1534758479650,
    "end": 1534758479650,
    "duration": 0,
    "pid": 15676,
    "index": 67
  },
  {
    "name": "Load Service",
    "start": 1534758479652,
    "end": 1534758479908,
    "duration": 256,
    "pid": 15676,
    "index": 68
  },
  {
    "name": "Load \"service\" to Context",
    "start": 1534758479652,
    "end": 1534758479908,
    "duration": 256,
    "pid": 15676,
    "index": 69
  },
  {
    "name": "Load Middleware",
    "start": 1534758479908,
    "end": 1534758479968,
    "duration": 60,
    "pid": 15676,
    "index": 70
  },
  {
    "name": "Load \"middlewares\" to Application",
    "start": 1534758479908,
    "end": 1534758479957,
    "duration": 49,
    "pid": 15676,
    "index": 71
  },
  {
    "name": "Load Controller",
    "start": 1534758479968,
    "end": 1534758479977,
    "duration": 9,
    "pid": 15676,
    "index": 72
  },
  {
    "name": "Load \"controller\" to Application",
    "start": 1534758479968,
    "end": 1534758479977,
    "duration": 9,
    "pid": 15676,
    "index": 73
  },
  {
    "name": "Load Router",
    "start": 1534758479977,
    "end": 1534758479979,
    "duration": 2,
    "pid": 15676,
    "index": 74
  },
  {
    "name": "Require(55) app/router.js",
    "start": 1534758479977,
    "end": 1534758479978,
    "duration": 1,
    "pid": 15676,
    "index": 75
  },
  {
    "name": "Before Start in node_modules/.4.9.1@egg-core/lib/egg.js:328:10",
    "start": 1534758479978,
    "end": 1534758480006,
    "duration": 28,
    "pid": 15676,
    "index": 76
  },
  {
    "name": "Load \"model\" to Application",
    "start": 1534758479990,
    "end": 1534758480005,
    "duration": 15,
    "pid": 15676,
    "index": 77
  }
]