[
  {
    "name": "Application Start",
    "start": 1534751118674,
    "end": 1534751121318,
    "duration": 2644,
    "pid": 14748,
    "index": 0
  },
  {
    "name": "Load Plugin",
    "start": 1534751118678,
    "end": 1534751118696,
    "duration": 18,
    "pid": 14748,
    "index": 1
  },
  {
    "name": "Load Config",
    "start": 1534751118696,
    "end": 1534751118716,
    "duration": 20,
    "pid": 14748,
    "index": 2
  },
  {
    "name": "Require(0) config/config.default.js",
    "start": 1534751118697,
    "end": 1534751118697,
    "duration": 0,
    "pid": 14748,
    "index": 3
  },
  {
    "name": "Require(1) node_modules/.3.1.0@egg-session/config/config.default.js",
    "start": 1534751118699,
    "end": 1534751118699,
    "duration": 0,
    "pid": 14748,
    "index": 4
  },
  {
    "name": "Require(2) node_modules/.2.2.3@egg-security/config/config.default.js",
    "start": 1534751118699,
    "end": 1534751118699,
    "duration": 0,
    "pid": 14748,
    "index": 5
  },
  {
    "name": "Require(3) node_modules/.2.0.0@egg-jsonp/config/config.default.js",
    "start": 1534751118700,
    "end": 1534751118700,
    "duration": 0,
    "pid": 14748,
    "index": 6
  },
  {
    "name": "Require(4) node_modules/.2.1.0@egg-onerror/config/config.default.js",
    "start": 1534751118701,
    "end": 1534751118701,
    "duration": 0,
    "pid": 14748,
    "index": 7
  },
  {
    "name": "Require(5) node_modules/.2.0.0@egg-i18n/config/config.default.js",
    "start": 1534751118701,
    "end": 1534751118702,
    "duration": 1,
    "pid": 14748,
    "index": 8
  },
  {
    "name": "Require(6) node_modules/.3.0.0@egg-watcher/config/config.default.js",
    "start": 1534751118702,
    "end": 1534751118702,
    "duration": 0,
    "pid": 14748,
    "index": 9
  },
  {
    "name": "Require(7) node_modules/.2.0.0@egg-multipart/config/config.default.js",
    "start": 1534751118703,
    "end": 1534751118703,
    "duration": 0,
    "pid": 14748,
    "index": 10
  },
  {
    "name": "Require(8) node_modules/.2.3.1@egg-development/config/config.default.js",
    "start": 1534751118703,
    "end": 1534751118704,
    "duration": 1,
    "pid": 14748,
    "index": 11
  },
  {
    "name": "Require(9) node_modules/.3.3.0@egg-schedule/config/config.default.js",
    "start": 1534751118704,
    "end": 1534751118704,
    "duration": 0,
    "pid": 14748,
    "index": 12
  },
  {
    "name": "Require(10) node_modules/.3.0.3@egg-logrotator/config/config.default.js",
    "start": 1534751118704,
    "end": 1534751118705,
    "duration": 1,
    "pid": 14748,
    "index": 13
  },
  {
    "name": "Require(11) node_modules/.2.1.1@egg-static/config/config.default.js",
    "start": 1534751118705,
    "end": 1534751118705,
    "duration": 0,
    "pid": 14748,
    "index": 14
  },
  {
    "name": "Require(12) node_modules/.2.1.0@egg-view/config/config.default.js",
    "start": 1534751118706,
    "end": 1534751118706,
    "duration": 0,
    "pid": 14748,
    "index": 15
  },
  {
    "name": "Require(13) node_modules/.3.1.0@egg-mongoose/config/config.default.js",
    "start": 1534751118707,
    "end": 1534751118707,
    "duration": 0,
    "pid": 14748,
    "index": 16
  },
  {
    "name": "Require(14) node_modules/.2.1.0@egg-cors/config/config.default.js",
    "start": 1534751118708,
    "end": 1534751118708,
    "duration": 0,
    "pid": 14748,
    "index": 17
  },
  {
    "name": "Require(15) node_modules/.2.2.0@egg-view-nunjucks/config/config.default.js",
    "start": 1534751118708,
    "end": 1534751118708,
    "duration": 0,
    "pid": 14748,
    "index": 18
  },
  {
    "name": "Require(16) node_modules/.2.9.1@egg/config/config.default.js",
    "start": 1534751118708,
    "end": 1534751118709,
    "duration": 1,
    "pid": 14748,
    "index": 19
  },
  {
    "name": "Require(17) config/config.default.js",
    "start": 1534751118710,
    "end": 1534751118710,
    "duration": 0,
    "pid": 14748,
    "index": 20
  },
  {
    "name": "Require(18) node_modules/.2.2.3@egg-security/config/config.local.js",
    "start": 1534751118711,
    "end": 1534751118711,
    "duration": 0,
    "pid": 14748,
    "index": 21
  },
  {
    "name": "Require(19) node_modules/.3.0.0@egg-watcher/config/config.local.js",
    "start": 1534751118712,
    "end": 1534751118714,
    "duration": 2,
    "pid": 14748,
    "index": 22
  },
  {
    "name": "Require(20) node_modules/.2.1.0@egg-view/config/config.local.js",
    "start": 1534751118715,
    "end": 1534751118715,
    "duration": 0,
    "pid": 14748,
    "index": 23
  },
  {
    "name": "Require(21) node_modules/.2.2.0@egg-view-nunjucks/config/config.local.js",
    "start": 1534751118716,
    "end": 1534751118716,
    "duration": 0,
    "pid": 14748,
    "index": 24
  },
  {
    "name": "Require(22) node_modules/.2.9.1@egg/config/config.local.js",
    "start": 1534751118716,
    "end": 1534751118716,
    "duration": 0,
    "pid": 14748,
    "index": 25
  },
  {
    "name": "Load extend/application.js",
    "start": 1534751118718,
    "end": 1534751118775,
    "duration": 57,
    "pid": 14748,
    "index": 26
  },
  {
    "name": "Require(23) node_modules/.3.1.0@egg-session/app/extend/application.js",
    "start": 1534751118718,
    "end": 1534751118718,
    "duration": 0,
    "pid": 14748,
    "index": 27
  },
  {
    "name": "Require(24) node_modules/.2.2.3@egg-security/app/extend/application.js",
    "start": 1534751118718,
    "end": 1534751118719,
    "duration": 1,
    "pid": 14748,
    "index": 28
  },
  {
    "name": "Require(25) node_modules/.2.0.0@egg-jsonp/app/extend/application.js",
    "start": 1534751118719,
    "end": 1534751118721,
    "duration": 2,
    "pid": 14748,
    "index": 29
  },
  {
    "name": "Require(26) node_modules/.3.0.3@egg-logrotator/app/extend/application.js",
    "start": 1534751118723,
    "end": 1534751118725,
    "duration": 2,
    "pid": 14748,
    "index": 30
  },
  {
    "name": "Require(27) node_modules/.2.1.0@egg-view/app/extend/application.js",
    "start": 1534751118726,
    "end": 1534751118727,
    "duration": 1,
    "pid": 14748,
    "index": 31
  },
  {
    "name": "Require(28) node_modules/.2.2.0@egg-view-nunjucks/app/extend/application.js",
    "start": 1534751118728,
    "end": 1534751118772,
    "duration": 44,
    "pid": 14748,
    "index": 32
  },
  {
    "name": "Load extend/request.js",
    "start": 1534751118775,
    "end": 1534751118780,
    "duration": 5,
    "pid": 14748,
    "index": 33
  },
  {
    "name": "Require(29) node_modules/.2.9.1@egg/app/extend/request.js",
    "start": 1534751118776,
    "end": 1534751118778,
    "duration": 2,
    "pid": 14748,
    "index": 34
  },
  {
    "name": "Load extend/response.js",
    "start": 1534751118780,
    "end": 1534751118787,
    "duration": 7,
    "pid": 14748,
    "index": 35
  },
  {
    "name": "Require(30) node_modules/.2.9.1@egg/app/extend/response.js",
    "start": 1534751118782,
    "end": 1534751118785,
    "duration": 3,
    "pid": 14748,
    "index": 36
  },
  {
    "name": "Load extend/context.js",
    "start": 1534751118787,
    "end": 1534751118845,
    "duration": 58,
    "pid": 14748,
    "index": 37
  },
  {
    "name": "Require(31) node_modules/.2.2.3@egg-security/app/extend/context.js",
    "start": 1534751118787,
    "end": 1534751118798,
    "duration": 11,
    "pid": 14748,
    "index": 38
  },
  {
    "name": "Require(32) node_modules/.2.0.0@egg-jsonp/app/extend/context.js",
    "start": 1534751118798,
    "end": 1534751118799,
    "duration": 1,
    "pid": 14748,
    "index": 39
  },
  {
    "name": "Require(33) node_modules/.2.0.0@egg-i18n/app/extend/context.js",
    "start": 1534751118800,
    "end": 1534751118800,
    "duration": 0,
    "pid": 14748,
    "index": 40
  },
  {
    "name": "Require(34) node_modules/.2.0.0@egg-multipart/app/extend/context.js",
    "start": 1534751118800,
    "end": 1534751118840,
    "duration": 40,
    "pid": 14748,
    "index": 41
  },
  {
    "name": "Require(35) node_modules/.2.1.0@egg-view/app/extend/context.js",
    "start": 1534751118841,
    "end": 1534751118841,
    "duration": 0,
    "pid": 14748,
    "index": 42
  },
  {
    "name": "Require(36) node_modules/.1.0.0@egg-validate/app/extend/context.js",
    "start": 1534751118842,
    "end": 1534751118842,
    "duration": 0,
    "pid": 14748,
    "index": 43
  },
  {
    "name": "Require(37) node_modules/.3.1.0@egg-mongoose/app/extend/context.js",
    "start": 1534751118842,
    "end": 1534751118842,
    "duration": 0,
    "pid": 14748,
    "index": 44
  },
  {
    "name": "Require(38) node_modules/.2.9.1@egg/app/extend/context.js",
    "start": 1534751118843,
    "end": 1534751118844,
    "duration": 1,
    "pid": 14748,
    "index": 45
  },
  {
    "name": "Load extend/helper.js",
    "start": 1534751118845,
    "end": 1534751118861,
    "duration": 16,
    "pid": 14748,
    "index": 46
  },
  {
    "name": "Require(39) node_modules/.2.2.3@egg-security/app/extend/helper.js",
    "start": 1534751118846,
    "end": 1534751118858,
    "duration": 12,
    "pid": 14748,
    "index": 47
  },
  {
    "name": "Require(40) node_modules/.2.9.1@egg/app/extend/helper.js",
    "start": 1534751118859,
    "end": 1534751118859,
    "duration": 0,
    "pid": 14748,
    "index": 48
  },
  {
    "name": "Load app.js",
    "start": 1534751118861,
    "end": 1534751119817,
    "duration": 956,
    "pid": 14748,
    "index": 49
  },
  {
    "name": "Require(41) node_modules/.3.1.0@egg-session/app.js",
    "start": 1534751118861,
    "end": 1534751118861,
    "duration": 0,
    "pid": 14748,
    "index": 50
  },
  {
    "name": "Require(42) node_modules/.2.2.3@egg-security/app.js",
    "start": 1534751118862,
    "end": 1534751118863,
    "duration": 1,
    "pid": 14748,
    "index": 51
  },
  {
    "name": "Require(43) node_modules/.2.1.0@egg-onerror/app.js",
    "start": 1534751118864,
    "end": 1534751118871,
    "duration": 7,
    "pid": 14748,
    "index": 52
  },
  {
    "name": "Require(44) node_modules/.2.0.0@egg-i18n/app.js",
    "start": 1534751118872,
    "end": 1534751118878,
    "duration": 6,
    "pid": 14748,
    "index": 53
  },
  {
    "name": "Require(45) node_modules/.3.0.0@egg-watcher/app.js",
    "start": 1534751118880,
    "end": 1534751118883,
    "duration": 3,
    "pid": 14748,
    "index": 54
  },
  {
    "name": "Before Start in node_modules/.3.0.0@egg-watcher/app.js:15:7",
    "start": 1534751118894,
    "end": 1534751120245,
    "duration": 1351,
    "pid": 14748,
    "index": 55
  },
  {
    "name": "Require(46) node_modules/.2.0.0@egg-multipart/app.js",
    "start": 1534751118895,
    "end": 1534751118897,
    "duration": 2,
    "pid": 14748,
    "index": 56
  },
  {
    "name": "Require(47) node_modules/.2.3.1@egg-development/app.js",
    "start": 1534751118898,
    "end": 1534751118899,
    "duration": 1,
    "pid": 14748,
    "index": 57
  },
  {
    "name": "Before Start in node_modules/.2.3.1@egg-development/app.js:12:7",
    "start": 1534751118899,
    "end": 1534751120248,
    "duration": 1349,
    "pid": 14748,
    "index": 58
  },
  {
    "name": "Require(48) node_modules/.3.3.0@egg-schedule/app.js",
    "start": 1534751118900,
    "end": 1534751118901,
    "duration": 1,
    "pid": 14748,
    "index": 59
  },
  {
    "name": "Require(49) node_modules/.3.0.3@egg-logrotator/app.js",
    "start": 1534751118933,
    "end": 1534751118933,
    "duration": 0,
    "pid": 14748,
    "index": 60
  },
  {
    "name": "Require(50) node_modules/.2.1.1@egg-static/app.js",
    "start": 1534751118934,
    "end": 1534751118934,
    "duration": 0,
    "pid": 14748,
    "index": 61
  },
  {
    "name": "Require(51) node_modules/.1.0.0@egg-validate/app.js",
    "start": 1534751118934,
    "end": 1534751118936,
    "duration": 2,
    "pid": 14748,
    "index": 62
  },
  {
    "name": "Require(52) node_modules/.3.1.0@egg-mongoose/app.js",
    "start": 1534751118937,
    "end": 1534751118937,
    "duration": 0,
    "pid": 14748,
    "index": 63
  },
  {
    "name": "Before Start in node_modules/.3.1.0@egg-mongoose/lib/mongoose.js:77:7",
    "start": 1534751119815,
    "end": 1534751121318,
    "duration": 1503,
    "pid": 14748,
    "index": 64
  },
  {
    "name": "Before Start in node_modules/.3.1.0@egg-mongoose/lib/mongoose.js:42:9",
    "start": 1534751119815,
    "end": 1534751120197,
    "duration": 382,
    "pid": 14748,
    "index": 65
  },
  {
    "name": "Require(53) node_modules/.2.1.0@egg-cors/app.js",
    "start": 1534751119815,
    "end": 1534751119815,
    "duration": 0,
    "pid": 14748,
    "index": 66
  },
  {
    "name": "Require(54) node_modules/.2.2.0@egg-view-nunjucks/app.js",
    "start": 1534751119816,
    "end": 1534751119816,
    "duration": 0,
    "pid": 14748,
    "index": 67
  },
  {
    "name": "Load Service",
    "start": 1534751119817,
    "end": 1534751120093,
    "duration": 276,
    "pid": 14748,
    "index": 68
  },
  {
    "name": "Load \"service\" to Context",
    "start": 1534751119817,
    "end": 1534751120093,
    "duration": 276,
    "pid": 14748,
    "index": 69
  },
  {
    "name": "Load Middleware",
    "start": 1534751120093,
    "end": 1534751120159,
    "duration": 66,
    "pid": 14748,
    "index": 70
  },
  {
    "name": "Load \"middlewares\" to Application",
    "start": 1534751120094,
    "end": 1534751120152,
    "duration": 58,
    "pid": 14748,
    "index": 71
  },
  {
    "name": "Load Controller",
    "start": 1534751120159,
    "end": 1534751120164,
    "duration": 5,
    "pid": 14748,
    "index": 72
  },
  {
    "name": "Load \"controller\" to Application",
    "start": 1534751120159,
    "end": 1534751120164,
    "duration": 5,
    "pid": 14748,
    "index": 73
  },
  {
    "name": "Load Router",
    "start": 1534751120164,
    "end": 1534751120166,
    "duration": 2,
    "pid": 14748,
    "index": 74
  },
  {
    "name": "Require(55) app/router.js",
    "start": 1534751120164,
    "end": 1534751120164,
    "duration": 0,
    "pid": 14748,
    "index": 75
  },
  {
    "name": "Before Start in node_modules/.4.9.1@egg-core/lib/egg.js:328:10",
    "start": 1534751120165,
    "end": 1534751120197,
    "duration": 32,
    "pid": 14748,
    "index": 76
  },
  {
    "name": "Load \"model\" to Application",
    "start": 1534751120175,
    "end": 1534751120196,
    "duration": 21,
    "pid": 14748,
    "index": 77
  }
]