[
  {
    "name": "Application Start",
    "start": 1534758586363,
    "end": 1534758588736,
    "duration": 2373,
    "pid": 9144,
    "index": 0
  },
  {
    "name": "Load Plugin",
    "start": 1534758586366,
    "end": 1534758586383,
    "duration": 17,
    "pid": 9144,
    "index": 1
  },
  {
    "name": "Load Config",
    "start": 1534758586383,
    "end": 1534758586401,
    "duration": 18,
    "pid": 9144,
    "index": 2
  },
  {
    "name": "Require(0) config/config.default.js",
    "start": 1534758586384,
    "end": 1534758586384,
    "duration": 0,
    "pid": 9144,
    "index": 3
  },
  {
    "name": "Require(1) node_modules/.3.1.0@egg-session/config/config.default.js",
    "start": 1534758586385,
    "end": 1534758586385,
    "duration": 0,
    "pid": 9144,
    "index": 4
  },
  {
    "name": "Require(2) node_modules/.2.2.3@egg-security/config/config.default.js",
    "start": 1534758586386,
    "end": 1534758586386,
    "duration": 0,
    "pid": 9144,
    "index": 5
  },
  {
    "name": "Require(3) node_modules/.2.0.0@egg-jsonp/config/config.default.js",
    "start": 1534758586387,
    "end": 1534758586387,
    "duration": 0,
    "pid": 9144,
    "index": 6
  },
  {
    "name": "Require(4) node_modules/.2.1.0@egg-onerror/config/config.default.js",
    "start": 1534758586387,
    "end": 1534758586387,
    "duration": 0,
    "pid": 9144,
    "index": 7
  },
  {
    "name": "Require(5) node_modules/.2.0.0@egg-i18n/config/config.default.js",
    "start": 1534758586388,
    "end": 1534758586388,
    "duration": 0,
    "pid": 9144,
    "index": 8
  },
  {
    "name": "Require(6) node_modules/.3.0.0@egg-watcher/config/config.default.js",
    "start": 1534758586388,
    "end": 1534758586389,
    "duration": 1,
    "pid": 9144,
    "index": 9
  },
  {
    "name": "Require(7) node_modules/.2.0.0@egg-multipart/config/config.default.js",
    "start": 1534758586389,
    "end": 1534758586389,
    "duration": 0,
    "pid": 9144,
    "index": 10
  },
  {
    "name": "Require(8) node_modules/.2.3.1@egg-development/config/config.default.js",
    "start": 1534758586390,
    "end": 1534758586390,
    "duration": 0,
    "pid": 9144,
    "index": 11
  },
  {
    "name": "Require(9) node_modules/.3.3.0@egg-schedule/config/config.default.js",
    "start": 1534758586390,
    "end": 1534758586390,
    "duration": 0,
    "pid": 9144,
    "index": 12
  },
  {
    "name": "Require(10) node_modules/.3.0.3@egg-logrotator/config/config.default.js",
    "start": 1534758586391,
    "end": 1534758586391,
    "duration": 0,
    "pid": 9144,
    "index": 13
  },
  {
    "name": "Require(11) node_modules/.2.1.1@egg-static/config/config.default.js",
    "start": 1534758586391,
    "end": 1534758586392,
    "duration": 1,
    "pid": 9144,
    "index": 14
  },
  {
    "name": "Require(12) node_modules/.2.1.0@egg-view/config/config.default.js",
    "start": 1534758586392,
    "end": 1534758586392,
    "duration": 0,
    "pid": 9144,
    "index": 15
  },
  {
    "name": "Require(13) node_modules/.3.1.0@egg-mongoose/config/config.default.js",
    "start": 1534758586393,
    "end": 1534758586393,
    "duration": 0,
    "pid": 9144,
    "index": 16
  },
  {
    "name": "Require(14) node_modules/.2.1.0@egg-cors/config/config.default.js",
    "start": 1534758586393,
    "end": 1534758586393,
    "duration": 0,
    "pid": 9144,
    "index": 17
  },
  {
    "name": "Require(15) node_modules/.2.2.0@egg-view-nunjucks/config/config.default.js",
    "start": 1534758586394,
    "end": 1534758586394,
    "duration": 0,
    "pid": 9144,
    "index": 18
  },
  {
    "name": "Require(16) node_modules/.2.9.1@egg/config/config.default.js",
    "start": 1534758586394,
    "end": 1534758586397,
    "duration": 3,
    "pid": 9144,
    "index": 19
  },
  {
    "name": "Require(17) config/config.default.js",
    "start": 1534758586398,
    "end": 1534758586398,
    "duration": 0,
    "pid": 9144,
    "index": 20
  },
  {
    "name": "Require(18) node_modules/.2.2.3@egg-security/config/config.local.js",
    "start": 1534758586398,
    "end": 1534758586399,
    "duration": 1,
    "pid": 9144,
    "index": 21
  },
  {
    "name": "Require(19) node_modules/.3.0.0@egg-watcher/config/config.local.js",
    "start": 1534758586399,
    "end": 1534758586399,
    "duration": 0,
    "pid": 9144,
    "index": 22
  },
  {
    "name": "Require(20) node_modules/.2.1.0@egg-view/config/config.local.js",
    "start": 1534758586400,
    "end": 1534758586400,
    "duration": 0,
    "pid": 9144,
    "index": 23
  },
  {
    "name": "Require(21) node_modules/.2.2.0@egg-view-nunjucks/config/config.local.js",
    "start": 1534758586401,
    "end": 1534758586401,
    "duration": 0,
    "pid": 9144,
    "index": 24
  },
  {
    "name": "Require(22) node_modules/.2.9.1@egg/config/config.local.js",
    "start": 1534758586401,
    "end": 1534758586401,
    "duration": 0,
    "pid": 9144,
    "index": 25
  },
  {
    "name": "Load extend/application.js",
    "start": 1534758586402,
    "end": 1534758586460,
    "duration": 58,
    "pid": 9144,
    "index": 26
  },
  {
    "name": "Require(23) node_modules/.3.1.0@egg-session/app/extend/application.js",
    "start": 1534758586403,
    "end": 1534758586403,
    "duration": 0,
    "pid": 9144,
    "index": 27
  },
  {
    "name": "Require(24) node_modules/.2.2.3@egg-security/app/extend/application.js",
    "start": 1534758586403,
    "end": 1534758586404,
    "duration": 1,
    "pid": 9144,
    "index": 28
  },
  {
    "name": "Require(25) node_modules/.2.0.0@egg-jsonp/app/extend/application.js",
    "start": 1534758586404,
    "end": 1534758586405,
    "duration": 1,
    "pid": 9144,
    "index": 29
  },
  {
    "name": "Require(26) node_modules/.3.0.3@egg-logrotator/app/extend/application.js",
    "start": 1534758586406,
    "end": 1534758586408,
    "duration": 2,
    "pid": 9144,
    "index": 30
  },
  {
    "name": "Require(27) node_modules/.2.1.0@egg-view/app/extend/application.js",
    "start": 1534758586409,
    "end": 1534758586410,
    "duration": 1,
    "pid": 9144,
    "index": 31
  },
  {
    "name": "Require(28) node_modules/.2.2.0@egg-view-nunjucks/app/extend/application.js",
    "start": 1534758586411,
    "end": 1534758586458,
    "duration": 47,
    "pid": 9144,
    "index": 32
  },
  {
    "name": "Load extend/request.js",
    "start": 1534758586460,
    "end": 1534758586466,
    "duration": 6,
    "pid": 9144,
    "index": 33
  },
  {
    "name": "Require(29) node_modules/.2.9.1@egg/app/extend/request.js",
    "start": 1534758586463,
    "end": 1534758586464,
    "duration": 1,
    "pid": 9144,
    "index": 34
  },
  {
    "name": "Load extend/response.js",
    "start": 1534758586466,
    "end": 1534758586472,
    "duration": 6,
    "pid": 9144,
    "index": 35
  },
  {
    "name": "Require(30) node_modules/.2.9.1@egg/app/extend/response.js",
    "start": 1534758586468,
    "end": 1534758586469,
    "duration": 1,
    "pid": 9144,
    "index": 36
  },
  {
    "name": "Load extend/context.js",
    "start": 1534758586472,
    "end": 1534758586527,
    "duration": 55,
    "pid": 9144,
    "index": 37
  },
  {
    "name": "Require(31) node_modules/.2.2.3@egg-security/app/extend/context.js",
    "start": 1534758586472,
    "end": 1534758586480,
    "duration": 8,
    "pid": 9144,
    "index": 38
  },
  {
    "name": "Require(32) node_modules/.2.0.0@egg-jsonp/app/extend/context.js",
    "start": 1534758586480,
    "end": 1534758586481,
    "duration": 1,
    "pid": 9144,
    "index": 39
  },
  {
    "name": "Require(33) node_modules/.2.0.0@egg-i18n/app/extend/context.js",
    "start": 1534758586481,
    "end": 1534758586482,
    "duration": 1,
    "pid": 9144,
    "index": 40
  },
  {
    "name": "Require(34) node_modules/.2.0.0@egg-multipart/app/extend/context.js",
    "start": 1534758586482,
    "end": 1534758586518,
    "duration": 36,
    "pid": 9144,
    "index": 41
  },
  {
    "name": "Require(35) node_modules/.2.1.0@egg-view/app/extend/context.js",
    "start": 1534758586519,
    "end": 1534758586519,
    "duration": 0,
    "pid": 9144,
    "index": 42
  },
  {
    "name": "Require(36) node_modules/.1.0.0@egg-validate/app/extend/context.js",
    "start": 1534758586520,
    "end": 1534758586520,
    "duration": 0,
    "pid": 9144,
    "index": 43
  },
  {
    "name": "Require(37) node_modules/.3.1.0@egg-mongoose/app/extend/context.js",
    "start": 1534758586520,
    "end": 1534758586520,
    "duration": 0,
    "pid": 9144,
    "index": 44
  },
  {
    "name": "Require(38) node_modules/.2.9.1@egg/app/extend/context.js",
    "start": 1534758586521,
    "end": 1534758586522,
    "duration": 1,
    "pid": 9144,
    "index": 45
  },
  {
    "name": "Load extend/helper.js",
    "start": 1534758586527,
    "end": 1534758586542,
    "duration": 15,
    "pid": 9144,
    "index": 46
  },
  {
    "name": "Require(39) node_modules/.2.2.3@egg-security/app/extend/helper.js",
    "start": 1534758586528,
    "end": 1534758586539,
    "duration": 11,
    "pid": 9144,
    "index": 47
  },
  {
    "name": "Require(40) node_modules/.2.9.1@egg/app/extend/helper.js",
    "start": 1534758586540,
    "end": 1534758586540,
    "duration": 0,
    "pid": 9144,
    "index": 48
  },
  {
    "name": "Load app.js",
    "start": 1534758586542,
    "end": 1534758587348,
    "duration": 806,
    "pid": 9144,
    "index": 49
  },
  {
    "name": "Require(41) node_modules/.3.1.0@egg-session/app.js",
    "start": 1534758586542,
    "end": 1534758586542,
    "duration": 0,
    "pid": 9144,
    "index": 50
  },
  {
    "name": "Require(42) node_modules/.2.2.3@egg-security/app.js",
    "start": 1534758586543,
    "end": 1534758586544,
    "duration": 1,
    "pid": 9144,
    "index": 51
  },
  {
    "name": "Require(43) node_modules/.2.1.0@egg-onerror/app.js",
    "start": 1534758586544,
    "end": 1534758586551,
    "duration": 7,
    "pid": 9144,
    "index": 52
  },
  {
    "name": "Require(44) node_modules/.2.0.0@egg-i18n/app.js",
    "start": 1534758586551,
    "end": 1534758586556,
    "duration": 5,
    "pid": 9144,
    "index": 53
  },
  {
    "name": "Require(45) node_modules/.3.0.0@egg-watcher/app.js",
    "start": 1534758586558,
    "end": 1534758586561,
    "duration": 3,
    "pid": 9144,
    "index": 54
  },
  {
    "name": "Before Start in node_modules/.3.0.0@egg-watcher/app.js:15:7",
    "start": 1534758586567,
    "end": 1534758587734,
    "duration": 1167,
    "pid": 9144,
    "index": 55
  },
  {
    "name": "Require(46) node_modules/.2.0.0@egg-multipart/app.js",
    "start": 1534758586568,
    "end": 1534758586570,
    "duration": 2,
    "pid": 9144,
    "index": 56
  },
  {
    "name": "Require(47) node_modules/.2.3.1@egg-development/app.js",
    "start": 1534758586570,
    "end": 1534758586572,
    "duration": 2,
    "pid": 9144,
    "index": 57
  },
  {
    "name": "Before Start in node_modules/.2.3.1@egg-development/app.js:12:7",
    "start": 1534758586572,
    "end": 1534758587734,
    "duration": 1162,
    "pid": 9144,
    "index": 58
  },
  {
    "name": "Require(48) node_modules/.3.3.0@egg-schedule/app.js",
    "start": 1534758586572,
    "end": 1534758586574,
    "duration": 2,
    "pid": 9144,
    "index": 59
  },
  {
    "name": "Require(49) node_modules/.3.0.3@egg-logrotator/app.js",
    "start": 1534758586601,
    "end": 1534758586602,
    "duration": 1,
    "pid": 9144,
    "index": 60
  },
  {
    "name": "Require(50) node_modules/.2.1.1@egg-static/app.js",
    "start": 1534758586602,
    "end": 1534758586602,
    "duration": 0,
    "pid": 9144,
    "index": 61
  },
  {
    "name": "Require(51) node_modules/.1.0.0@egg-validate/app.js",
    "start": 1534758586602,
    "end": 1534758586604,
    "duration": 2,
    "pid": 9144,
    "index": 62
  },
  {
    "name": "Require(52) node_modules/.3.1.0@egg-mongoose/app.js",
    "start": 1534758586604,
    "end": 1534758586604,
    "duration": 0,
    "pid": 9144,
    "index": 63
  },
  {
    "name": "Before Start in node_modules/.3.1.0@egg-mongoose/lib/mongoose.js:77:7",
    "start": 1534758587346,
    "end": 1534758588736,
    "duration": 1390,
    "pid": 9144,
    "index": 64
  },
  {
    "name": "Before Start in node_modules/.3.1.0@egg-mongoose/lib/mongoose.js:42:9",
    "start": 1534758587346,
    "end": 1534758587689,
    "duration": 343,
    "pid": 9144,
    "index": 65
  },
  {
    "name": "Require(53) node_modules/.2.1.0@egg-cors/app.js",
    "start": 1534758587346,
    "end": 1534758587347,
    "duration": 1,
    "pid": 9144,
    "index": 66
  },
  {
    "name": "Require(54) node_modules/.2.2.0@egg-view-nunjucks/app.js",
    "start": 1534758587347,
    "end": 1534758587347,
    "duration": 0,
    "pid": 9144,
    "index": 67
  },
  {
    "name": "Load Service",
    "start": 1534758587348,
    "end": 1534758587601,
    "duration": 253,
    "pid": 9144,
    "index": 68
  },
  {
    "name": "Load \"service\" to Context",
    "start": 1534758587349,
    "end": 1534758587601,
    "duration": 252,
    "pid": 9144,
    "index": 69
  },
  {
    "name": "Load Middleware",
    "start": 1534758587601,
    "end": 1534758587657,
    "duration": 56,
    "pid": 9144,
    "index": 70
  },
  {
    "name": "Load \"middlewares\" to Application",
    "start": 1534758587601,
    "end": 1534758587650,
    "duration": 49,
    "pid": 9144,
    "index": 71
  },
  {
    "name": "Load Controller",
    "start": 1534758587657,
    "end": 1534758587662,
    "duration": 5,
    "pid": 9144,
    "index": 72
  },
  {
    "name": "Load \"controller\" to Application",
    "start": 1534758587657,
    "end": 1534758587662,
    "duration": 5,
    "pid": 9144,
    "index": 73
  },
  {
    "name": "Load Router",
    "start": 1534758587662,
    "end": 1534758587664,
    "duration": 2,
    "pid": 9144,
    "index": 74
  },
  {
    "name": "Require(55) app/router.js",
    "start": 1534758587662,
    "end": 1534758587663,
    "duration": 1,
    "pid": 9144,
    "index": 75
  },
  {
    "name": "Before Start in node_modules/.4.9.1@egg-core/lib/egg.js:328:10",
    "start": 1534758587663,
    "end": 1534758587689,
    "duration": 26,
    "pid": 9144,
    "index": 76
  },
  {
    "name": "Load \"model\" to Application",
    "start": 1534758587674,
    "end": 1534758587688,
    "duration": 14,
    "pid": 9144,
    "index": 77
  }
]