[
  {
    "name": "Application Start",
    "start": 1534758889101,
    "end": 1534758891447,
    "duration": 2346,
    "pid": 15272,
    "index": 0
  },
  {
    "name": "Load Plugin",
    "start": 1534758889104,
    "end": 1534758889122,
    "duration": 18,
    "pid": 15272,
    "index": 1
  },
  {
    "name": "Load Config",
    "start": 1534758889122,
    "end": 1534758889140,
    "duration": 18,
    "pid": 15272,
    "index": 2
  },
  {
    "name": "Require(0) config/config.default.js",
    "start": 1534758889122,
    "end": 1534758889123,
    "duration": 1,
    "pid": 15272,
    "index": 3
  },
  {
    "name": "Require(1) node_modules/.3.1.0@egg-session/config/config.default.js",
    "start": 1534758889124,
    "end": 1534758889124,
    "duration": 0,
    "pid": 15272,
    "index": 4
  },
  {
    "name": "Require(2) node_modules/.2.2.3@egg-security/config/config.default.js",
    "start": 1534758889125,
    "end": 1534758889125,
    "duration": 0,
    "pid": 15272,
    "index": 5
  },
  {
    "name": "Require(3) node_modules/.2.0.0@egg-jsonp/config/config.default.js",
    "start": 1534758889126,
    "end": 1534758889126,
    "duration": 0,
    "pid": 15272,
    "index": 6
  },
  {
    "name": "Require(4) node_modules/.2.1.0@egg-onerror/config/config.default.js",
    "start": 1534758889127,
    "end": 1534758889127,
    "duration": 0,
    "pid": 15272,
    "index": 7
  },
  {
    "name": "Require(5) node_modules/.2.0.0@egg-i18n/config/config.default.js",
    "start": 1534758889127,
    "end": 1534758889127,
    "duration": 0,
    "pid": 15272,
    "index": 8
  },
  {
    "name": "Require(6) node_modules/.3.0.0@egg-watcher/config/config.default.js",
    "start": 1534758889128,
    "end": 1534758889128,
    "duration": 0,
    "pid": 15272,
    "index": 9
  },
  {
    "name": "Require(7) node_modules/.2.0.0@egg-multipart/config/config.default.js",
    "start": 1534758889128,
    "end": 1534758889128,
    "duration": 0,
    "pid": 15272,
    "index": 10
  },
  {
    "name": "Require(8) node_modules/.2.3.1@egg-development/config/config.default.js",
    "start": 1534758889129,
    "end": 1534758889129,
    "duration": 0,
    "pid": 15272,
    "index": 11
  },
  {
    "name": "Require(9) node_modules/.3.3.0@egg-schedule/config/config.default.js",
    "start": 1534758889129,
    "end": 1534758889129,
    "duration": 0,
    "pid": 15272,
    "index": 12
  },
  {
    "name": "Require(10) node_modules/.3.0.3@egg-logrotator/config/config.default.js",
    "start": 1534758889130,
    "end": 1534758889130,
    "duration": 0,
    "pid": 15272,
    "index": 13
  },
  {
    "name": "Require(11) node_modules/.2.1.1@egg-static/config/config.default.js",
    "start": 1534758889131,
    "end": 1534758889131,
    "duration": 0,
    "pid": 15272,
    "index": 14
  },
  {
    "name": "Require(12) node_modules/.2.1.0@egg-view/config/config.default.js",
    "start": 1534758889131,
    "end": 1534758889131,
    "duration": 0,
    "pid": 15272,
    "index": 15
  },
  {
    "name": "Require(13) node_modules/.3.1.0@egg-mongoose/config/config.default.js",
    "start": 1534758889132,
    "end": 1534758889132,
    "duration": 0,
    "pid": 15272,
    "index": 16
  },
  {
    "name": "Require(14) node_modules/.2.1.0@egg-cors/config/config.default.js",
    "start": 1534758889134,
    "end": 1534758889134,
    "duration": 0,
    "pid": 15272,
    "index": 17
  },
  {
    "name": "Require(15) node_modules/.2.2.0@egg-view-nunjucks/config/config.default.js",
    "start": 1534758889134,
    "end": 1534758889135,
    "duration": 1,
    "pid": 15272,
    "index": 18
  },
  {
    "name": "Require(16) node_modules/.2.9.1@egg/config/config.default.js",
    "start": 1534758889135,
    "end": 1534758889136,
    "duration": 1,
    "pid": 15272,
    "index": 19
  },
  {
    "name": "Require(17) config/config.default.js",
    "start": 1534758889137,
    "end": 1534758889137,
    "duration": 0,
    "pid": 15272,
    "index": 20
  },
  {
    "name": "Require(18) node_modules/.2.2.3@egg-security/config/config.local.js",
    "start": 1534758889137,
    "end": 1534758889138,
    "duration": 1,
    "pid": 15272,
    "index": 21
  },
  {
    "name": "Require(19) node_modules/.3.0.0@egg-watcher/config/config.local.js",
    "start": 1534758889138,
    "end": 1534758889138,
    "duration": 0,
    "pid": 15272,
    "index": 22
  },
  {
    "name": "Require(20) node_modules/.2.1.0@egg-view/config/config.local.js",
    "start": 1534758889139,
    "end": 1534758889139,
    "duration": 0,
    "pid": 15272,
    "index": 23
  },
  {
    "name": "Require(21) node_modules/.2.2.0@egg-view-nunjucks/config/config.local.js",
    "start": 1534758889140,
    "end": 1534758889140,
    "duration": 0,
    "pid": 15272,
    "index": 24
  },
  {
    "name": "Require(22) node_modules/.2.9.1@egg/config/config.local.js",
    "start": 1534758889140,
    "end": 1534758889140,
    "duration": 0,
    "pid": 15272,
    "index": 25
  },
  {
    "name": "Load extend/application.js",
    "start": 1534758889142,
    "end": 1534758889203,
    "duration": 61,
    "pid": 15272,
    "index": 26
  },
  {
    "name": "Require(23) node_modules/.3.1.0@egg-session/app/extend/application.js",
    "start": 1534758889142,
    "end": 1534758889142,
    "duration": 0,
    "pid": 15272,
    "index": 27
  },
  {
    "name": "Require(24) node_modules/.2.2.3@egg-security/app/extend/application.js",
    "start": 1534758889143,
    "end": 1534758889144,
    "duration": 1,
    "pid": 15272,
    "index": 28
  },
  {
    "name": "Require(25) node_modules/.2.0.0@egg-jsonp/app/extend/application.js",
    "start": 1534758889144,
    "end": 1534758889145,
    "duration": 1,
    "pid": 15272,
    "index": 29
  },
  {
    "name": "Require(26) node_modules/.3.0.3@egg-logrotator/app/extend/application.js",
    "start": 1534758889146,
    "end": 1534758889148,
    "duration": 2,
    "pid": 15272,
    "index": 30
  },
  {
    "name": "Require(27) node_modules/.2.1.0@egg-view/app/extend/application.js",
    "start": 1534758889148,
    "end": 1534758889150,
    "duration": 2,
    "pid": 15272,
    "index": 31
  },
  {
    "name": "Require(28) node_modules/.2.2.0@egg-view-nunjucks/app/extend/application.js",
    "start": 1534758889150,
    "end": 1534758889198,
    "duration": 48,
    "pid": 15272,
    "index": 32
  },
  {
    "name": "Load extend/request.js",
    "start": 1534758889203,
    "end": 1534758889209,
    "duration": 6,
    "pid": 15272,
    "index": 33
  },
  {
    "name": "Require(29) node_modules/.2.9.1@egg/app/extend/request.js",
    "start": 1534758889205,
    "end": 1534758889206,
    "duration": 1,
    "pid": 15272,
    "index": 34
  },
  {
    "name": "Load extend/response.js",
    "start": 1534758889209,
    "end": 1534758889214,
    "duration": 5,
    "pid": 15272,
    "index": 35
  },
  {
    "name": "Require(30) node_modules/.2.9.1@egg/app/extend/response.js",
    "start": 1534758889210,
    "end": 1534758889212,
    "duration": 2,
    "pid": 15272,
    "index": 36
  },
  {
    "name": "Load extend/context.js",
    "start": 1534758889214,
    "end": 1534758889269,
    "duration": 55,
    "pid": 15272,
    "index": 37
  },
  {
    "name": "Require(31) node_modules/.2.2.3@egg-security/app/extend/context.js",
    "start": 1534758889214,
    "end": 1534758889223,
    "duration": 9,
    "pid": 15272,
    "index": 38
  },
  {
    "name": "Require(32) node_modules/.2.0.0@egg-jsonp/app/extend/context.js",
    "start": 1534758889223,
    "end": 1534758889224,
    "duration": 1,
    "pid": 15272,
    "index": 39
  },
  {
    "name": "Require(33) node_modules/.2.0.0@egg-i18n/app/extend/context.js",
    "start": 1534758889225,
    "end": 1534758889225,
    "duration": 0,
    "pid": 15272,
    "index": 40
  },
  {
    "name": "Require(34) node_modules/.2.0.0@egg-multipart/app/extend/context.js",
    "start": 1534758889225,
    "end": 1534758889260,
    "duration": 35,
    "pid": 15272,
    "index": 41
  },
  {
    "name": "Require(35) node_modules/.2.1.0@egg-view/app/extend/context.js",
    "start": 1534758889260,
    "end": 1534758889261,
    "duration": 1,
    "pid": 15272,
    "index": 42
  },
  {
    "name": "Require(36) node_modules/.1.0.0@egg-validate/app/extend/context.js",
    "start": 1534758889261,
    "end": 1534758889262,
    "duration": 1,
    "pid": 15272,
    "index": 43
  },
  {
    "name": "Require(37) node_modules/.3.1.0@egg-mongoose/app/extend/context.js",
    "start": 1534758889262,
    "end": 1534758889262,
    "duration": 0,
    "pid": 15272,
    "index": 44
  },
  {
    "name": "Require(38) node_modules/.2.9.1@egg/app/extend/context.js",
    "start": 1534758889263,
    "end": 1534758889267,
    "duration": 4,
    "pid": 15272,
    "index": 45
  },
  {
    "name": "Load extend/helper.js",
    "start": 1534758889269,
    "end": 1534758889282,
    "duration": 13,
    "pid": 15272,
    "index": 46
  },
  {
    "name": "Require(39) node_modules/.2.2.3@egg-security/app/extend/helper.js",
    "start": 1534758889269,
    "end": 1534758889279,
    "duration": 10,
    "pid": 15272,
    "index": 47
  },
  {
    "name": "Require(40) node_modules/.2.9.1@egg/app/extend/helper.js",
    "start": 1534758889280,
    "end": 1534758889280,
    "duration": 0,
    "pid": 15272,
    "index": 48
  },
  {
    "name": "Load app.js",
    "start": 1534758889282,
    "end": 1534758890051,
    "duration": 769,
    "pid": 15272,
    "index": 49
  },
  {
    "name": "Require(41) node_modules/.3.1.0@egg-session/app.js",
    "start": 1534758889282,
    "end": 1534758889282,
    "duration": 0,
    "pid": 15272,
    "index": 50
  },
  {
    "name": "Require(42) node_modules/.2.2.3@egg-security/app.js",
    "start": 1534758889283,
    "end": 1534758889284,
    "duration": 1,
    "pid": 15272,
    "index": 51
  },
  {
    "name": "Require(43) node_modules/.2.1.0@egg-onerror/app.js",
    "start": 1534758889285,
    "end": 1534758889291,
    "duration": 6,
    "pid": 15272,
    "index": 52
  },
  {
    "name": "Require(44) node_modules/.2.0.0@egg-i18n/app.js",
    "start": 1534758889292,
    "end": 1534758889297,
    "duration": 5,
    "pid": 15272,
    "index": 53
  },
  {
    "name": "Require(45) node_modules/.3.0.0@egg-watcher/app.js",
    "start": 1534758889299,
    "end": 1534758889301,
    "duration": 2,
    "pid": 15272,
    "index": 54
  },
  {
    "name": "Before Start in node_modules/.3.0.0@egg-watcher/app.js:15:7",
    "start": 1534758889308,
    "end": 1534758890442,
    "duration": 1134,
    "pid": 15272,
    "index": 55
  },
  {
    "name": "Require(46) node_modules/.2.0.0@egg-multipart/app.js",
    "start": 1534758889309,
    "end": 1534758889311,
    "duration": 2,
    "pid": 15272,
    "index": 56
  },
  {
    "name": "Require(47) node_modules/.2.3.1@egg-development/app.js",
    "start": 1534758889311,
    "end": 1534758889312,
    "duration": 1,
    "pid": 15272,
    "index": 57
  },
  {
    "name": "Before Start in node_modules/.2.3.1@egg-development/app.js:12:7",
    "start": 1534758889312,
    "end": 1534758890443,
    "duration": 1131,
    "pid": 15272,
    "index": 58
  },
  {
    "name": "Require(48) node_modules/.3.3.0@egg-schedule/app.js",
    "start": 1534758889313,
    "end": 1534758889314,
    "duration": 1,
    "pid": 15272,
    "index": 59
  },
  {
    "name": "Require(49) node_modules/.3.0.3@egg-logrotator/app.js",
    "start": 1534758889341,
    "end": 1534758889341,
    "duration": 0,
    "pid": 15272,
    "index": 60
  },
  {
    "name": "Require(50) node_modules/.2.1.1@egg-static/app.js",
    "start": 1534758889341,
    "end": 1534758889342,
    "duration": 1,
    "pid": 15272,
    "index": 61
  },
  {
    "name": "Require(51) node_modules/.1.0.0@egg-validate/app.js",
    "start": 1534758889342,
    "end": 1534758889344,
    "duration": 2,
    "pid": 15272,
    "index": 62
  },
  {
    "name": "Require(52) node_modules/.3.1.0@egg-mongoose/app.js",
    "start": 1534758889344,
    "end": 1534758889344,
    "duration": 0,
    "pid": 15272,
    "index": 63
  },
  {
    "name": "Before Start in node_modules/.3.1.0@egg-mongoose/lib/mongoose.js:77:7",
    "start": 1534758890048,
    "end": 1534758891446,
    "duration": 1398,
    "pid": 15272,
    "index": 64
  },
  {
    "name": "Before Start in node_modules/.3.1.0@egg-mongoose/lib/mongoose.js:42:9",
    "start": 1534758890048,
    "end": 1534758890397,
    "duration": 349,
    "pid": 15272,
    "index": 65
  },
  {
    "name": "Require(53) node_modules/.2.1.0@egg-cors/app.js",
    "start": 1534758890049,
    "end": 1534758890049,
    "duration": 0,
    "pid": 15272,
    "index": 66
  },
  {
    "name": "Require(54) node_modules/.2.2.0@egg-view-nunjucks/app.js",
    "start": 1534758890049,
    "end": 1534758890049,
    "duration": 0,
    "pid": 15272,
    "index": 67
  },
  {
    "name": "Load Service",
    "start": 1534758890051,
    "end": 1534758890301,
    "duration": 250,
    "pid": 15272,
    "index": 68
  },
  {
    "name": "Load \"service\" to Context",
    "start": 1534758890051,
    "end": 1534758890301,
    "duration": 250,
    "pid": 15272,
    "index": 69
  },
  {
    "name": "Load Middleware",
    "start": 1534758890301,
    "end": 1534758890361,
    "duration": 60,
    "pid": 15272,
    "index": 70
  },
  {
    "name": "Load \"middlewares\" to Application",
    "start": 1534758890301,
    "end": 1534758890354,
    "duration": 53,
    "pid": 15272,
    "index": 71
  },
  {
    "name": "Load Controller",
    "start": 1534758890361,
    "end": 1534758890366,
    "duration": 5,
    "pid": 15272,
    "index": 72
  },
  {
    "name": "Load \"controller\" to Application",
    "start": 1534758890361,
    "end": 1534758890366,
    "duration": 5,
    "pid": 15272,
    "index": 73
  },
  {
    "name": "Load Router",
    "start": 1534758890366,
    "end": 1534758890368,
    "duration": 2,
    "pid": 15272,
    "index": 74
  },
  {
    "name": "Require(55) app/router.js",
    "start": 1534758890366,
    "end": 1534758890366,
    "duration": 0,
    "pid": 15272,
    "index": 75
  },
  {
    "name": "Before Start in node_modules/.4.9.1@egg-core/lib/egg.js:328:10",
    "start": 1534758890367,
    "end": 1534758890397,
    "duration": 30,
    "pid": 15272,
    "index": 76
  },
  {
    "name": "Load \"model\" to Application",
    "start": 1534758890382,
    "end": 1534758890396,
    "duration": 14,
    "pid": 15272,
    "index": 77
  }
]