[
  {
    "name": "Application Start",
    "start": 1534757588369,
    "end": 1534757590770,
    "duration": 2401,
    "pid": 16220,
    "index": 0
  },
  {
    "name": "Load Plugin",
    "start": 1534757588373,
    "end": 1534757588391,
    "duration": 18,
    "pid": 16220,
    "index": 1
  },
  {
    "name": "Load Config",
    "start": 1534757588391,
    "end": 1534757588411,
    "duration": 20,
    "pid": 16220,
    "index": 2
  },
  {
    "name": "Require(0) config/config.default.js",
    "start": 1534757588391,
    "end": 1534757588392,
    "duration": 1,
    "pid": 16220,
    "index": 3
  },
  {
    "name": "Require(1) node_modules/.3.1.0@egg-session/config/config.default.js",
    "start": 1534757588393,
    "end": 1534757588394,
    "duration": 1,
    "pid": 16220,
    "index": 4
  },
  {
    "name": "Require(2) node_modules/.2.2.3@egg-security/config/config.default.js",
    "start": 1534757588394,
    "end": 1534757588394,
    "duration": 0,
    "pid": 16220,
    "index": 5
  },
  {
    "name": "Require(3) node_modules/.2.0.0@egg-jsonp/config/config.default.js",
    "start": 1534757588395,
    "end": 1534757588395,
    "duration": 0,
    "pid": 16220,
    "index": 6
  },
  {
    "name": "Require(4) node_modules/.2.1.0@egg-onerror/config/config.default.js",
    "start": 1534757588396,
    "end": 1534757588396,
    "duration": 0,
    "pid": 16220,
    "index": 7
  },
  {
    "name": "Require(5) node_modules/.2.0.0@egg-i18n/config/config.default.js",
    "start": 1534757588396,
    "end": 1534757588397,
    "duration": 1,
    "pid": 16220,
    "index": 8
  },
  {
    "name": "Require(6) node_modules/.3.0.0@egg-watcher/config/config.default.js",
    "start": 1534757588398,
    "end": 1534757588398,
    "duration": 0,
    "pid": 16220,
    "index": 9
  },
  {
    "name": "Require(7) node_modules/.2.0.0@egg-multipart/config/config.default.js",
    "start": 1534757588398,
    "end": 1534757588398,
    "duration": 0,
    "pid": 16220,
    "index": 10
  },
  {
    "name": "Require(8) node_modules/.2.3.1@egg-development/config/config.default.js",
    "start": 1534757588399,
    "end": 1534757588399,
    "duration": 0,
    "pid": 16220,
    "index": 11
  },
  {
    "name": "Require(9) node_modules/.3.3.0@egg-schedule/config/config.default.js",
    "start": 1534757588399,
    "end": 1534757588399,
    "duration": 0,
    "pid": 16220,
    "index": 12
  },
  {
    "name": "Require(10) node_modules/.3.0.3@egg-logrotator/config/config.default.js",
    "start": 1534757588400,
    "end": 1534757588400,
    "duration": 0,
    "pid": 16220,
    "index": 13
  },
  {
    "name": "Require(11) node_modules/.2.1.1@egg-static/config/config.default.js",
    "start": 1534757588400,
    "end": 1534757588401,
    "duration": 1,
    "pid": 16220,
    "index": 14
  },
  {
    "name": "Require(12) node_modules/.2.1.0@egg-view/config/config.default.js",
    "start": 1534757588401,
    "end": 1534757588401,
    "duration": 0,
    "pid": 16220,
    "index": 15
  },
  {
    "name": "Require(13) node_modules/.3.1.0@egg-mongoose/config/config.default.js",
    "start": 1534757588402,
    "end": 1534757588402,
    "duration": 0,
    "pid": 16220,
    "index": 16
  },
  {
    "name": "Require(14) node_modules/.2.1.0@egg-cors/config/config.default.js",
    "start": 1534757588402,
    "end": 1534757588403,
    "duration": 1,
    "pid": 16220,
    "index": 17
  },
  {
    "name": "Require(15) node_modules/.2.2.0@egg-view-nunjucks/config/config.default.js",
    "start": 1534757588403,
    "end": 1534757588403,
    "duration": 0,
    "pid": 16220,
    "index": 18
  },
  {
    "name": "Require(16) node_modules/.2.9.1@egg/config/config.default.js",
    "start": 1534757588403,
    "end": 1534757588404,
    "duration": 1,
    "pid": 16220,
    "index": 19
  },
  {
    "name": "Require(17) config/config.default.js",
    "start": 1534757588407,
    "end": 1534757588408,
    "duration": 1,
    "pid": 16220,
    "index": 20
  },
  {
    "name": "Require(18) node_modules/.2.2.3@egg-security/config/config.local.js",
    "start": 1534757588408,
    "end": 1534757588408,
    "duration": 0,
    "pid": 16220,
    "index": 21
  },
  {
    "name": "Require(19) node_modules/.3.0.0@egg-watcher/config/config.local.js",
    "start": 1534757588409,
    "end": 1534757588409,
    "duration": 0,
    "pid": 16220,
    "index": 22
  },
  {
    "name": "Require(20) node_modules/.2.1.0@egg-view/config/config.local.js",
    "start": 1534757588410,
    "end": 1534757588410,
    "duration": 0,
    "pid": 16220,
    "index": 23
  },
  {
    "name": "Require(21) node_modules/.2.2.0@egg-view-nunjucks/config/config.local.js",
    "start": 1534757588410,
    "end": 1534757588411,
    "duration": 1,
    "pid": 16220,
    "index": 24
  },
  {
    "name": "Require(22) node_modules/.2.9.1@egg/config/config.local.js",
    "start": 1534757588411,
    "end": 1534757588411,
    "duration": 0,
    "pid": 16220,
    "index": 25
  },
  {
    "name": "Load extend/application.js",
    "start": 1534757588412,
    "end": 1534757588466,
    "duration": 54,
    "pid": 16220,
    "index": 26
  },
  {
    "name": "Require(23) node_modules/.3.1.0@egg-session/app/extend/application.js",
    "start": 1534757588413,
    "end": 1534757588413,
    "duration": 0,
    "pid": 16220,
    "index": 27
  },
  {
    "name": "Require(24) node_modules/.2.2.3@egg-security/app/extend/application.js",
    "start": 1534757588413,
    "end": 1534757588414,
    "duration": 1,
    "pid": 16220,
    "index": 28
  },
  {
    "name": "Require(25) node_modules/.2.0.0@egg-jsonp/app/extend/application.js",
    "start": 1534757588414,
    "end": 1534757588416,
    "duration": 2,
    "pid": 16220,
    "index": 29
  },
  {
    "name": "Require(26) node_modules/.3.0.3@egg-logrotator/app/extend/application.js",
    "start": 1534757588416,
    "end": 1534757588418,
    "duration": 2,
    "pid": 16220,
    "index": 30
  },
  {
    "name": "Require(27) node_modules/.2.1.0@egg-view/app/extend/application.js",
    "start": 1534757588419,
    "end": 1534757588420,
    "duration": 1,
    "pid": 16220,
    "index": 31
  },
  {
    "name": "Require(28) node_modules/.2.2.0@egg-view-nunjucks/app/extend/application.js",
    "start": 1534757588420,
    "end": 1534757588463,
    "duration": 43,
    "pid": 16220,
    "index": 32
  },
  {
    "name": "Load extend/request.js",
    "start": 1534757588466,
    "end": 1534757588473,
    "duration": 7,
    "pid": 16220,
    "index": 33
  },
  {
    "name": "Require(29) node_modules/.2.9.1@egg/app/extend/request.js",
    "start": 1534757588469,
    "end": 1534757588471,
    "duration": 2,
    "pid": 16220,
    "index": 34
  },
  {
    "name": "Load extend/response.js",
    "start": 1534757588473,
    "end": 1534757588478,
    "duration": 5,
    "pid": 16220,
    "index": 35
  },
  {
    "name": "Require(30) node_modules/.2.9.1@egg/app/extend/response.js",
    "start": 1534757588474,
    "end": 1534757588476,
    "duration": 2,
    "pid": 16220,
    "index": 36
  },
  {
    "name": "Load extend/context.js",
    "start": 1534757588478,
    "end": 1534757588537,
    "duration": 59,
    "pid": 16220,
    "index": 37
  },
  {
    "name": "Require(31) node_modules/.2.2.3@egg-security/app/extend/context.js",
    "start": 1534757588478,
    "end": 1534757588487,
    "duration": 9,
    "pid": 16220,
    "index": 38
  },
  {
    "name": "Require(32) node_modules/.2.0.0@egg-jsonp/app/extend/context.js",
    "start": 1534757588487,
    "end": 1534757588488,
    "duration": 1,
    "pid": 16220,
    "index": 39
  },
  {
    "name": "Require(33) node_modules/.2.0.0@egg-i18n/app/extend/context.js",
    "start": 1534757588488,
    "end": 1534757588488,
    "duration": 0,
    "pid": 16220,
    "index": 40
  },
  {
    "name": "Require(34) node_modules/.2.0.0@egg-multipart/app/extend/context.js",
    "start": 1534757588489,
    "end": 1534757588526,
    "duration": 37,
    "pid": 16220,
    "index": 41
  },
  {
    "name": "Require(35) node_modules/.2.1.0@egg-view/app/extend/context.js",
    "start": 1534757588528,
    "end": 1534757588529,
    "duration": 1,
    "pid": 16220,
    "index": 42
  },
  {
    "name": "Require(36) node_modules/.1.0.0@egg-validate/app/extend/context.js",
    "start": 1534757588529,
    "end": 1534757588530,
    "duration": 1,
    "pid": 16220,
    "index": 43
  },
  {
    "name": "Require(37) node_modules/.3.1.0@egg-mongoose/app/extend/context.js",
    "start": 1534757588530,
    "end": 1534757588530,
    "duration": 0,
    "pid": 16220,
    "index": 44
  },
  {
    "name": "Require(38) node_modules/.2.9.1@egg/app/extend/context.js",
    "start": 1534757588530,
    "end": 1534757588535,
    "duration": 5,
    "pid": 16220,
    "index": 45
  },
  {
    "name": "Load extend/helper.js",
    "start": 1534757588537,
    "end": 1534757588553,
    "duration": 16,
    "pid": 16220,
    "index": 46
  },
  {
    "name": "Require(39) node_modules/.2.2.3@egg-security/app/extend/helper.js",
    "start": 1534757588537,
    "end": 1534757588550,
    "duration": 13,
    "pid": 16220,
    "index": 47
  },
  {
    "name": "Require(40) node_modules/.2.9.1@egg/app/extend/helper.js",
    "start": 1534757588551,
    "end": 1534757588551,
    "duration": 0,
    "pid": 16220,
    "index": 48
  },
  {
    "name": "Load app.js",
    "start": 1534757588553,
    "end": 1534757589366,
    "duration": 813,
    "pid": 16220,
    "index": 49
  },
  {
    "name": "Require(41) node_modules/.3.1.0@egg-session/app.js",
    "start": 1534757588553,
    "end": 1534757588553,
    "duration": 0,
    "pid": 16220,
    "index": 50
  },
  {
    "name": "Require(42) node_modules/.2.2.3@egg-security/app.js",
    "start": 1534757588554,
    "end": 1534757588555,
    "duration": 1,
    "pid": 16220,
    "index": 51
  },
  {
    "name": "Require(43) node_modules/.2.1.0@egg-onerror/app.js",
    "start": 1534757588555,
    "end": 1534757588562,
    "duration": 7,
    "pid": 16220,
    "index": 52
  },
  {
    "name": "Require(44) node_modules/.2.0.0@egg-i18n/app.js",
    "start": 1534757588563,
    "end": 1534757588569,
    "duration": 6,
    "pid": 16220,
    "index": 53
  },
  {
    "name": "Require(45) node_modules/.3.0.0@egg-watcher/app.js",
    "start": 1534757588571,
    "end": 1534757588574,
    "duration": 3,
    "pid": 16220,
    "index": 54
  },
  {
    "name": "Before Start in node_modules/.3.0.0@egg-watcher/app.js:15:7",
    "start": 1534757588581,
    "end": 1534757589756,
    "duration": 1175,
    "pid": 16220,
    "index": 55
  },
  {
    "name": "Require(46) node_modules/.2.0.0@egg-multipart/app.js",
    "start": 1534757588582,
    "end": 1534757588584,
    "duration": 2,
    "pid": 16220,
    "index": 56
  },
  {
    "name": "Require(47) node_modules/.2.3.1@egg-development/app.js",
    "start": 1534757588585,
    "end": 1534757588586,
    "duration": 1,
    "pid": 16220,
    "index": 57
  },
  {
    "name": "Before Start in node_modules/.2.3.1@egg-development/app.js:12:7",
    "start": 1534757588586,
    "end": 1534757589756,
    "duration": 1170,
    "pid": 16220,
    "index": 58
  },
  {
    "name": "Require(48) node_modules/.3.3.0@egg-schedule/app.js",
    "start": 1534757588587,
    "end": 1534757588588,
    "duration": 1,
    "pid": 16220,
    "index": 59
  },
  {
    "name": "Require(49) node_modules/.3.0.3@egg-logrotator/app.js",
    "start": 1534757588616,
    "end": 1534757588616,
    "duration": 0,
    "pid": 16220,
    "index": 60
  },
  {
    "name": "Require(50) node_modules/.2.1.1@egg-static/app.js",
    "start": 1534757588616,
    "end": 1534757588616,
    "duration": 0,
    "pid": 16220,
    "index": 61
  },
  {
    "name": "Require(51) node_modules/.1.0.0@egg-validate/app.js",
    "start": 1534757588617,
    "end": 1534757588618,
    "duration": 1,
    "pid": 16220,
    "index": 62
  },
  {
    "name": "Require(52) node_modules/.3.1.0@egg-mongoose/app.js",
    "start": 1534757588619,
    "end": 1534757588619,
    "duration": 0,
    "pid": 16220,
    "index": 63
  },
  {
    "name": "Before Start in node_modules/.3.1.0@egg-mongoose/lib/mongoose.js:77:7",
    "start": 1534757589364,
    "end": 1534757590769,
    "duration": 1405,
    "pid": 16220,
    "index": 64
  },
  {
    "name": "Before Start in node_modules/.3.1.0@egg-mongoose/lib/mongoose.js:42:9",
    "start": 1534757589364,
    "end": 1534757589715,
    "duration": 351,
    "pid": 16220,
    "index": 65
  },
  {
    "name": "Require(53) node_modules/.2.1.0@egg-cors/app.js",
    "start": 1534757589364,
    "end": 1534757589365,
    "duration": 1,
    "pid": 16220,
    "index": 66
  },
  {
    "name": "Require(54) node_modules/.2.2.0@egg-view-nunjucks/app.js",
    "start": 1534757589365,
    "end": 1534757589365,
    "duration": 0,
    "pid": 16220,
    "index": 67
  },
  {
    "name": "Load Service",
    "start": 1534757589366,
    "end": 1534757589622,
    "duration": 256,
    "pid": 16220,
    "index": 68
  },
  {
    "name": "Load \"service\" to Context",
    "start": 1534757589366,
    "end": 1534757589622,
    "duration": 256,
    "pid": 16220,
    "index": 69
  },
  {
    "name": "Load Middleware",
    "start": 1534757589622,
    "end": 1534757589680,
    "duration": 58,
    "pid": 16220,
    "index": 70
  },
  {
    "name": "Load \"middlewares\" to Application",
    "start": 1534757589622,
    "end": 1534757589672,
    "duration": 50,
    "pid": 16220,
    "index": 71
  },
  {
    "name": "Load Controller",
    "start": 1534757589680,
    "end": 1534757589685,
    "duration": 5,
    "pid": 16220,
    "index": 72
  },
  {
    "name": "Load \"controller\" to Application",
    "start": 1534757589680,
    "end": 1534757589685,
    "duration": 5,
    "pid": 16220,
    "index": 73
  },
  {
    "name": "Load Router",
    "start": 1534757589685,
    "end": 1534757589687,
    "duration": 2,
    "pid": 16220,
    "index": 74
  },
  {
    "name": "Require(55) app/router.js",
    "start": 1534757589685,
    "end": 1534757589686,
    "duration": 1,
    "pid": 16220,
    "index": 75
  },
  {
    "name": "Before Start in node_modules/.4.9.1@egg-core/lib/egg.js:328:10",
    "start": 1534757589686,
    "end": 1534757589715,
    "duration": 29,
    "pid": 16220,
    "index": 76
  },
  {
    "name": "Load \"model\" to Application",
    "start": 1534757589699,
    "end": 1534757589714,
    "duration": 15,
    "pid": 16220,
    "index": 77
  }
]