[
  {
    "name": "Application Start",
    "start": 1534753642971,
    "end": 1534753645650,
    "duration": 2679,
    "pid": 13532,
    "index": 0
  },
  {
    "name": "Load Plugin",
    "start": 1534753642975,
    "end": 1534753642992,
    "duration": 17,
    "pid": 13532,
    "index": 1
  },
  {
    "name": "Load Config",
    "start": 1534753642992,
    "end": 1534753643013,
    "duration": 21,
    "pid": 13532,
    "index": 2
  },
  {
    "name": "Require(0) config/config.default.js",
    "start": 1534753642993,
    "end": 1534753642994,
    "duration": 1,
    "pid": 13532,
    "index": 3
  },
  {
    "name": "Require(1) node_modules/.3.1.0@egg-session/config/config.default.js",
    "start": 1534753642995,
    "end": 1534753642995,
    "duration": 0,
    "pid": 13532,
    "index": 4
  },
  {
    "name": "Require(2) node_modules/.2.2.3@egg-security/config/config.default.js",
    "start": 1534753642996,
    "end": 1534753642996,
    "duration": 0,
    "pid": 13532,
    "index": 5
  },
  {
    "name": "Require(3) node_modules/.2.0.0@egg-jsonp/config/config.default.js",
    "start": 1534753642997,
    "end": 1534753642997,
    "duration": 0,
    "pid": 13532,
    "index": 6
  },
  {
    "name": "Require(4) node_modules/.2.1.0@egg-onerror/config/config.default.js",
    "start": 1534753642998,
    "end": 1534753642998,
    "duration": 0,
    "pid": 13532,
    "index": 7
  },
  {
    "name": "Require(5) node_modules/.2.0.0@egg-i18n/config/config.default.js",
    "start": 1534753642998,
    "end": 1534753642999,
    "duration": 1,
    "pid": 13532,
    "index": 8
  },
  {
    "name": "Require(6) node_modules/.3.0.0@egg-watcher/config/config.default.js",
    "start": 1534753642999,
    "end": 1534753642999,
    "duration": 0,
    "pid": 13532,
    "index": 9
  },
  {
    "name": "Require(7) node_modules/.2.0.0@egg-multipart/config/config.default.js",
    "start": 1534753643000,
    "end": 1534753643000,
    "duration": 0,
    "pid": 13532,
    "index": 10
  },
  {
    "name": "Require(8) node_modules/.2.3.1@egg-development/config/config.default.js",
    "start": 1534753643000,
    "end": 1534753643000,
    "duration": 0,
    "pid": 13532,
    "index": 11
  },
  {
    "name": "Require(9) node_modules/.3.3.0@egg-schedule/config/config.default.js",
    "start": 1534753643001,
    "end": 1534753643001,
    "duration": 0,
    "pid": 13532,
    "index": 12
  },
  {
    "name": "Require(10) node_modules/.3.0.3@egg-logrotator/config/config.default.js",
    "start": 1534753643001,
    "end": 1534753643001,
    "duration": 0,
    "pid": 13532,
    "index": 13
  },
  {
    "name": "Require(11) node_modules/.2.1.1@egg-static/config/config.default.js",
    "start": 1534753643002,
    "end": 1534753643002,
    "duration": 0,
    "pid": 13532,
    "index": 14
  },
  {
    "name": "Require(12) node_modules/.2.1.0@egg-view/config/config.default.js",
    "start": 1534753643003,
    "end": 1534753643003,
    "duration": 0,
    "pid": 13532,
    "index": 15
  },
  {
    "name": "Require(13) node_modules/.3.1.0@egg-mongoose/config/config.default.js",
    "start": 1534753643004,
    "end": 1534753643006,
    "duration": 2,
    "pid": 13532,
    "index": 16
  },
  {
    "name": "Require(14) node_modules/.2.1.0@egg-cors/config/config.default.js",
    "start": 1534753643006,
    "end": 1534753643007,
    "duration": 1,
    "pid": 13532,
    "index": 17
  },
  {
    "name": "Require(15) node_modules/.2.2.0@egg-view-nunjucks/config/config.default.js",
    "start": 1534753643007,
    "end": 1534753643007,
    "duration": 0,
    "pid": 13532,
    "index": 18
  },
  {
    "name": "Require(16) node_modules/.2.9.1@egg/config/config.default.js",
    "start": 1534753643007,
    "end": 1534753643008,
    "duration": 1,
    "pid": 13532,
    "index": 19
  },
  {
    "name": "Require(17) config/config.default.js",
    "start": 1534753643009,
    "end": 1534753643009,
    "duration": 0,
    "pid": 13532,
    "index": 20
  },
  {
    "name": "Require(18) node_modules/.2.2.3@egg-security/config/config.local.js",
    "start": 1534753643010,
    "end": 1534753643010,
    "duration": 0,
    "pid": 13532,
    "index": 21
  },
  {
    "name": "Require(19) node_modules/.3.0.0@egg-watcher/config/config.local.js",
    "start": 1534753643011,
    "end": 1534753643011,
    "duration": 0,
    "pid": 13532,
    "index": 22
  },
  {
    "name": "Require(20) node_modules/.2.1.0@egg-view/config/config.local.js",
    "start": 1534753643012,
    "end": 1534753643012,
    "duration": 0,
    "pid": 13532,
    "index": 23
  },
  {
    "name": "Require(21) node_modules/.2.2.0@egg-view-nunjucks/config/config.local.js",
    "start": 1534753643013,
    "end": 1534753643013,
    "duration": 0,
    "pid": 13532,
    "index": 24
  },
  {
    "name": "Require(22) node_modules/.2.9.1@egg/config/config.local.js",
    "start": 1534753643013,
    "end": 1534753643013,
    "duration": 0,
    "pid": 13532,
    "index": 25
  },
  {
    "name": "Load extend/application.js",
    "start": 1534753643014,
    "end": 1534753643076,
    "duration": 62,
    "pid": 13532,
    "index": 26
  },
  {
    "name": "Require(23) node_modules/.3.1.0@egg-session/app/extend/application.js",
    "start": 1534753643015,
    "end": 1534753643015,
    "duration": 0,
    "pid": 13532,
    "index": 27
  },
  {
    "name": "Require(24) node_modules/.2.2.3@egg-security/app/extend/application.js",
    "start": 1534753643015,
    "end": 1534753643016,
    "duration": 1,
    "pid": 13532,
    "index": 28
  },
  {
    "name": "Require(25) node_modules/.2.0.0@egg-jsonp/app/extend/application.js",
    "start": 1534753643016,
    "end": 1534753643017,
    "duration": 1,
    "pid": 13532,
    "index": 29
  },
  {
    "name": "Require(26) node_modules/.3.0.3@egg-logrotator/app/extend/application.js",
    "start": 1534753643018,
    "end": 1534753643020,
    "duration": 2,
    "pid": 13532,
    "index": 30
  },
  {
    "name": "Require(27) node_modules/.2.1.0@egg-view/app/extend/application.js",
    "start": 1534753643021,
    "end": 1534753643022,
    "duration": 1,
    "pid": 13532,
    "index": 31
  },
  {
    "name": "Require(28) node_modules/.2.2.0@egg-view-nunjucks/app/extend/application.js",
    "start": 1534753643023,
    "end": 1534753643072,
    "duration": 49,
    "pid": 13532,
    "index": 32
  },
  {
    "name": "Load extend/request.js",
    "start": 1534753643076,
    "end": 1534753643082,
    "duration": 6,
    "pid": 13532,
    "index": 33
  },
  {
    "name": "Require(29) node_modules/.2.9.1@egg/app/extend/request.js",
    "start": 1534753643078,
    "end": 1534753643080,
    "duration": 2,
    "pid": 13532,
    "index": 34
  },
  {
    "name": "Load extend/response.js",
    "start": 1534753643082,
    "end": 1534753643088,
    "duration": 6,
    "pid": 13532,
    "index": 35
  },
  {
    "name": "Require(30) node_modules/.2.9.1@egg/app/extend/response.js",
    "start": 1534753643084,
    "end": 1534753643086,
    "duration": 2,
    "pid": 13532,
    "index": 36
  },
  {
    "name": "Load extend/context.js",
    "start": 1534753643088,
    "end": 1534753643159,
    "duration": 71,
    "pid": 13532,
    "index": 37
  },
  {
    "name": "Require(31) node_modules/.2.2.3@egg-security/app/extend/context.js",
    "start": 1534753643089,
    "end": 1534753643099,
    "duration": 10,
    "pid": 13532,
    "index": 38
  },
  {
    "name": "Require(32) node_modules/.2.0.0@egg-jsonp/app/extend/context.js",
    "start": 1534753643100,
    "end": 1534753643101,
    "duration": 1,
    "pid": 13532,
    "index": 39
  },
  {
    "name": "Require(33) node_modules/.2.0.0@egg-i18n/app/extend/context.js",
    "start": 1534753643101,
    "end": 1534753643101,
    "duration": 0,
    "pid": 13532,
    "index": 40
  },
  {
    "name": "Require(34) node_modules/.2.0.0@egg-multipart/app/extend/context.js",
    "start": 1534753643102,
    "end": 1534753643149,
    "duration": 47,
    "pid": 13532,
    "index": 41
  },
  {
    "name": "Require(35) node_modules/.2.1.0@egg-view/app/extend/context.js",
    "start": 1534753643150,
    "end": 1534753643150,
    "duration": 0,
    "pid": 13532,
    "index": 42
  },
  {
    "name": "Require(36) node_modules/.1.0.0@egg-validate/app/extend/context.js",
    "start": 1534753643151,
    "end": 1534753643151,
    "duration": 0,
    "pid": 13532,
    "index": 43
  },
  {
    "name": "Require(37) node_modules/.3.1.0@egg-mongoose/app/extend/context.js",
    "start": 1534753643151,
    "end": 1534753643151,
    "duration": 0,
    "pid": 13532,
    "index": 44
  },
  {
    "name": "Require(38) node_modules/.2.9.1@egg/app/extend/context.js",
    "start": 1534753643155,
    "end": 1534753643157,
    "duration": 2,
    "pid": 13532,
    "index": 45
  },
  {
    "name": "Load extend/helper.js",
    "start": 1534753643159,
    "end": 1534753643172,
    "duration": 13,
    "pid": 13532,
    "index": 46
  },
  {
    "name": "Require(39) node_modules/.2.2.3@egg-security/app/extend/helper.js",
    "start": 1534753643159,
    "end": 1534753643169,
    "duration": 10,
    "pid": 13532,
    "index": 47
  },
  {
    "name": "Require(40) node_modules/.2.9.1@egg/app/extend/helper.js",
    "start": 1534753643170,
    "end": 1534753643170,
    "duration": 0,
    "pid": 13532,
    "index": 48
  },
  {
    "name": "Load app.js",
    "start": 1534753643172,
    "end": 1534753644122,
    "duration": 950,
    "pid": 13532,
    "index": 49
  },
  {
    "name": "Require(41) node_modules/.3.1.0@egg-session/app.js",
    "start": 1534753643173,
    "end": 1534753643173,
    "duration": 0,
    "pid": 13532,
    "index": 50
  },
  {
    "name": "Require(42) node_modules/.2.2.3@egg-security/app.js",
    "start": 1534753643173,
    "end": 1534753643175,
    "duration": 2,
    "pid": 13532,
    "index": 51
  },
  {
    "name": "Require(43) node_modules/.2.1.0@egg-onerror/app.js",
    "start": 1534753643176,
    "end": 1534753643182,
    "duration": 6,
    "pid": 13532,
    "index": 52
  },
  {
    "name": "Require(44) node_modules/.2.0.0@egg-i18n/app.js",
    "start": 1534753643182,
    "end": 1534753643187,
    "duration": 5,
    "pid": 13532,
    "index": 53
  },
  {
    "name": "Require(45) node_modules/.3.0.0@egg-watcher/app.js",
    "start": 1534753643190,
    "end": 1534753643192,
    "duration": 2,
    "pid": 13532,
    "index": 54
  },
  {
    "name": "Before Start in node_modules/.3.0.0@egg-watcher/app.js:15:7",
    "start": 1534753643198,
    "end": 1534753644629,
    "duration": 1431,
    "pid": 13532,
    "index": 55
  },
  {
    "name": "Require(46) node_modules/.2.0.0@egg-multipart/app.js",
    "start": 1534753643199,
    "end": 1534753643201,
    "duration": 2,
    "pid": 13532,
    "index": 56
  },
  {
    "name": "Require(47) node_modules/.2.3.1@egg-development/app.js",
    "start": 1534753643202,
    "end": 1534753643203,
    "duration": 1,
    "pid": 13532,
    "index": 57
  },
  {
    "name": "Before Start in node_modules/.2.3.1@egg-development/app.js:12:7",
    "start": 1534753643203,
    "end": 1534753644629,
    "duration": 1426,
    "pid": 13532,
    "index": 58
  },
  {
    "name": "Require(48) node_modules/.3.3.0@egg-schedule/app.js",
    "start": 1534753643204,
    "end": 1534753643205,
    "duration": 1,
    "pid": 13532,
    "index": 59
  },
  {
    "name": "Require(49) node_modules/.3.0.3@egg-logrotator/app.js",
    "start": 1534753643232,
    "end": 1534753643232,
    "duration": 0,
    "pid": 13532,
    "index": 60
  },
  {
    "name": "Require(50) node_modules/.2.1.1@egg-static/app.js",
    "start": 1534753643232,
    "end": 1534753643232,
    "duration": 0,
    "pid": 13532,
    "index": 61
  },
  {
    "name": "Require(51) node_modules/.1.0.0@egg-validate/app.js",
    "start": 1534753643233,
    "end": 1534753643234,
    "duration": 1,
    "pid": 13532,
    "index": 62
  },
  {
    "name": "Require(52) node_modules/.3.1.0@egg-mongoose/app.js",
    "start": 1534753643235,
    "end": 1534753643235,
    "duration": 0,
    "pid": 13532,
    "index": 63
  },
  {
    "name": "Before Start in node_modules/.3.1.0@egg-mongoose/lib/mongoose.js:77:7",
    "start": 1534753644118,
    "end": 1534753645650,
    "duration": 1532,
    "pid": 13532,
    "index": 64
  },
  {
    "name": "Before Start in node_modules/.3.1.0@egg-mongoose/lib/mongoose.js:42:9",
    "start": 1534753644118,
    "end": 1534753644578,
    "duration": 460,
    "pid": 13532,
    "index": 65
  },
  {
    "name": "Require(53) node_modules/.2.1.0@egg-cors/app.js",
    "start": 1534753644118,
    "end": 1534753644119,
    "duration": 1,
    "pid": 13532,
    "index": 66
  },
  {
    "name": "Require(54) node_modules/.2.2.0@egg-view-nunjucks/app.js",
    "start": 1534753644121,
    "end": 1534753644121,
    "duration": 0,
    "pid": 13532,
    "index": 67
  },
  {
    "name": "Load Service",
    "start": 1534753644122,
    "end": 1534753644469,
    "duration": 347,
    "pid": 13532,
    "index": 68
  },
  {
    "name": "Load \"service\" to Context",
    "start": 1534753644124,
    "end": 1534753644469,
    "duration": 345,
    "pid": 13532,
    "index": 69
  },
  {
    "name": "Load Middleware",
    "start": 1534753644469,
    "end": 1534753644538,
    "duration": 69,
    "pid": 13532,
    "index": 70
  },
  {
    "name": "Load \"middlewares\" to Application",
    "start": 1534753644469,
    "end": 1534753644530,
    "duration": 61,
    "pid": 13532,
    "index": 71
  },
  {
    "name": "Load Controller",
    "start": 1534753644538,
    "end": 1534753644545,
    "duration": 7,
    "pid": 13532,
    "index": 72
  },
  {
    "name": "Load \"controller\" to Application",
    "start": 1534753644538,
    "end": 1534753644545,
    "duration": 7,
    "pid": 13532,
    "index": 73
  },
  {
    "name": "Load Router",
    "start": 1534753644545,
    "end": 1534753644547,
    "duration": 2,
    "pid": 13532,
    "index": 74
  },
  {
    "name": "Require(55) app/router.js",
    "start": 1534753644545,
    "end": 1534753644545,
    "duration": 0,
    "pid": 13532,
    "index": 75
  },
  {
    "name": "Before Start in node_modules/.4.9.1@egg-core/lib/egg.js:328:10",
    "start": 1534753644545,
    "end": 1534753644578,
    "duration": 33,
    "pid": 13532,
    "index": 76
  },
  {
    "name": "Load \"model\" to Application",
    "start": 1534753644559,
    "end": 1534753644577,
    "duration": 18,
    "pid": 13532,
    "index": 77
  }
]