[
  {
    "name": "Application Start",
    "start": 1534736810331,
    "end": 1534736812728,
    "duration": 2397,
    "pid": 9332,
    "index": 0
  },
  {
    "name": "Load Plugin",
    "start": 1534736810336,
    "end": 1534736810370,
    "duration": 34,
    "pid": 9332,
    "index": 1
  },
  {
    "name": "Load Config",
    "start": 1534736810370,
    "end": 1534736810395,
    "duration": 25,
    "pid": 9332,
    "index": 2
  },
  {
    "name": "Require(0) config/config.default.js",
    "start": 1534736810373,
    "end": 1534736810374,
    "duration": 1,
    "pid": 9332,
    "index": 3
  },
  {
    "name": "Require(1) node_modules/.3.1.0@egg-session/config/config.default.js",
    "start": 1534736810376,
    "end": 1534736810376,
    "duration": 0,
    "pid": 9332,
    "index": 4
  },
  {
    "name": "Require(2) node_modules/.2.2.3@egg-security/config/config.default.js",
    "start": 1534736810376,
    "end": 1534736810377,
    "duration": 1,
    "pid": 9332,
    "index": 5
  },
  {
    "name": "Require(3) node_modules/.2.0.0@egg-jsonp/config/config.default.js",
    "start": 1534736810377,
    "end": 1534736810377,
    "duration": 0,
    "pid": 9332,
    "index": 6
  },
  {
    "name": "Require(4) node_modules/.2.1.0@egg-onerror/config/config.default.js",
    "start": 1534736810378,
    "end": 1534736810378,
    "duration": 0,
    "pid": 9332,
    "index": 7
  },
  {
    "name": "Require(5) node_modules/.2.0.0@egg-i18n/config/config.default.js",
    "start": 1534736810378,
    "end": 1534736810379,
    "duration": 1,
    "pid": 9332,
    "index": 8
  },
  {
    "name": "Require(6) node_modules/.3.0.0@egg-watcher/config/config.default.js",
    "start": 1534736810379,
    "end": 1534736810379,
    "duration": 0,
    "pid": 9332,
    "index": 9
  },
  {
    "name": "Require(7) node_modules/.2.0.0@egg-multipart/config/config.default.js",
    "start": 1534736810380,
    "end": 1534736810380,
    "duration": 0,
    "pid": 9332,
    "index": 10
  },
  {
    "name": "Require(8) node_modules/.2.3.1@egg-development/config/config.default.js",
    "start": 1534736810381,
    "end": 1534736810381,
    "duration": 0,
    "pid": 9332,
    "index": 11
  },
  {
    "name": "Require(9) node_modules/.3.3.0@egg-schedule/config/config.default.js",
    "start": 1534736810381,
    "end": 1534736810381,
    "duration": 0,
    "pid": 9332,
    "index": 12
  },
  {
    "name": "Require(10) node_modules/.3.0.3@egg-logrotator/config/config.default.js",
    "start": 1534736810382,
    "end": 1534736810382,
    "duration": 0,
    "pid": 9332,
    "index": 13
  },
  {
    "name": "Require(11) node_modules/.2.1.1@egg-static/config/config.default.js",
    "start": 1534736810382,
    "end": 1534736810382,
    "duration": 0,
    "pid": 9332,
    "index": 14
  },
  {
    "name": "Require(12) node_modules/.2.1.0@egg-view/config/config.default.js",
    "start": 1534736810383,
    "end": 1534736810383,
    "duration": 0,
    "pid": 9332,
    "index": 15
  },
  {
    "name": "Require(13) node_modules/.3.1.0@egg-mongoose/config/config.default.js",
    "start": 1534736810385,
    "end": 1534736810387,
    "duration": 2,
    "pid": 9332,
    "index": 16
  },
  {
    "name": "Require(14) node_modules/.2.1.0@egg-cors/config/config.default.js",
    "start": 1534736810388,
    "end": 1534736810388,
    "duration": 0,
    "pid": 9332,
    "index": 17
  },
  {
    "name": "Require(15) node_modules/.2.2.0@egg-view-nunjucks/config/config.default.js",
    "start": 1534736810389,
    "end": 1534736810390,
    "duration": 1,
    "pid": 9332,
    "index": 18
  },
  {
    "name": "Require(16) node_modules/.2.9.1@egg/config/config.default.js",
    "start": 1534736810390,
    "end": 1534736810391,
    "duration": 1,
    "pid": 9332,
    "index": 19
  },
  {
    "name": "Require(17) config/config.default.js",
    "start": 1534736810392,
    "end": 1534736810392,
    "duration": 0,
    "pid": 9332,
    "index": 20
  },
  {
    "name": "Require(18) node_modules/.2.2.3@egg-security/config/config.local.js",
    "start": 1534736810392,
    "end": 1534736810392,
    "duration": 0,
    "pid": 9332,
    "index": 21
  },
  {
    "name": "Require(19) node_modules/.3.0.0@egg-watcher/config/config.local.js",
    "start": 1534736810393,
    "end": 1534736810393,
    "duration": 0,
    "pid": 9332,
    "index": 22
  },
  {
    "name": "Require(20) node_modules/.2.1.0@egg-view/config/config.local.js",
    "start": 1534736810394,
    "end": 1534736810394,
    "duration": 0,
    "pid": 9332,
    "index": 23
  },
  {
    "name": "Require(21) node_modules/.2.2.0@egg-view-nunjucks/config/config.local.js",
    "start": 1534736810395,
    "end": 1534736810395,
    "duration": 0,
    "pid": 9332,
    "index": 24
  },
  {
    "name": "Require(22) node_modules/.2.9.1@egg/config/config.local.js",
    "start": 1534736810395,
    "end": 1534736810395,
    "duration": 0,
    "pid": 9332,
    "index": 25
  },
  {
    "name": "Load extend/application.js",
    "start": 1534736810397,
    "end": 1534736810456,
    "duration": 59,
    "pid": 9332,
    "index": 26
  },
  {
    "name": "Require(23) node_modules/.3.1.0@egg-session/app/extend/application.js",
    "start": 1534736810397,
    "end": 1534736810397,
    "duration": 0,
    "pid": 9332,
    "index": 27
  },
  {
    "name": "Require(24) node_modules/.2.2.3@egg-security/app/extend/application.js",
    "start": 1534736810398,
    "end": 1534736810398,
    "duration": 0,
    "pid": 9332,
    "index": 28
  },
  {
    "name": "Require(25) node_modules/.2.0.0@egg-jsonp/app/extend/application.js",
    "start": 1534736810399,
    "end": 1534736810400,
    "duration": 1,
    "pid": 9332,
    "index": 29
  },
  {
    "name": "Require(26) node_modules/.3.0.3@egg-logrotator/app/extend/application.js",
    "start": 1534736810401,
    "end": 1534736810409,
    "duration": 8,
    "pid": 9332,
    "index": 30
  },
  {
    "name": "Require(27) node_modules/.2.1.0@egg-view/app/extend/application.js",
    "start": 1534736810409,
    "end": 1534736810410,
    "duration": 1,
    "pid": 9332,
    "index": 31
  },
  {
    "name": "Require(28) node_modules/.2.2.0@egg-view-nunjucks/app/extend/application.js",
    "start": 1534736810411,
    "end": 1534736810454,
    "duration": 43,
    "pid": 9332,
    "index": 32
  },
  {
    "name": "Load extend/request.js",
    "start": 1534736810456,
    "end": 1534736810461,
    "duration": 5,
    "pid": 9332,
    "index": 33
  },
  {
    "name": "Require(29) node_modules/.2.9.1@egg/app/extend/request.js",
    "start": 1534736810458,
    "end": 1534736810459,
    "duration": 1,
    "pid": 9332,
    "index": 34
  },
  {
    "name": "Load extend/response.js",
    "start": 1534736810462,
    "end": 1534736810470,
    "duration": 8,
    "pid": 9332,
    "index": 35
  },
  {
    "name": "Require(30) node_modules/.2.9.1@egg/app/extend/response.js",
    "start": 1534736810464,
    "end": 1534736810465,
    "duration": 1,
    "pid": 9332,
    "index": 36
  },
  {
    "name": "Load extend/context.js",
    "start": 1534736810470,
    "end": 1534736810517,
    "duration": 47,
    "pid": 9332,
    "index": 37
  },
  {
    "name": "Require(31) node_modules/.2.2.3@egg-security/app/extend/context.js",
    "start": 1534736810470,
    "end": 1534736810478,
    "duration": 8,
    "pid": 9332,
    "index": 38
  },
  {
    "name": "Require(32) node_modules/.2.0.0@egg-jsonp/app/extend/context.js",
    "start": 1534736810478,
    "end": 1534736810479,
    "duration": 1,
    "pid": 9332,
    "index": 39
  },
  {
    "name": "Require(33) node_modules/.2.0.0@egg-i18n/app/extend/context.js",
    "start": 1534736810479,
    "end": 1534736810479,
    "duration": 0,
    "pid": 9332,
    "index": 40
  },
  {
    "name": "Require(34) node_modules/.2.0.0@egg-multipart/app/extend/context.js",
    "start": 1534736810480,
    "end": 1534736810512,
    "duration": 32,
    "pid": 9332,
    "index": 41
  },
  {
    "name": "Require(35) node_modules/.2.1.0@egg-view/app/extend/context.js",
    "start": 1534736810512,
    "end": 1534736810513,
    "duration": 1,
    "pid": 9332,
    "index": 42
  },
  {
    "name": "Require(36) node_modules/.1.0.0@egg-validate/app/extend/context.js",
    "start": 1534736810513,
    "end": 1534736810514,
    "duration": 1,
    "pid": 9332,
    "index": 43
  },
  {
    "name": "Require(37) node_modules/.3.1.0@egg-mongoose/app/extend/context.js",
    "start": 1534736810514,
    "end": 1534736810514,
    "duration": 0,
    "pid": 9332,
    "index": 44
  },
  {
    "name": "Require(38) node_modules/.2.9.1@egg/app/extend/context.js",
    "start": 1534736810514,
    "end": 1534736810515,
    "duration": 1,
    "pid": 9332,
    "index": 45
  },
  {
    "name": "Load extend/helper.js",
    "start": 1534736810517,
    "end": 1534736810531,
    "duration": 14,
    "pid": 9332,
    "index": 46
  },
  {
    "name": "Require(39) node_modules/.2.2.3@egg-security/app/extend/helper.js",
    "start": 1534736810517,
    "end": 1534736810528,
    "duration": 11,
    "pid": 9332,
    "index": 47
  },
  {
    "name": "Require(40) node_modules/.2.9.1@egg/app/extend/helper.js",
    "start": 1534736810529,
    "end": 1534736810529,
    "duration": 0,
    "pid": 9332,
    "index": 48
  },
  {
    "name": "Load app.js",
    "start": 1534736810531,
    "end": 1534736811329,
    "duration": 798,
    "pid": 9332,
    "index": 49
  },
  {
    "name": "Require(41) node_modules/.3.1.0@egg-session/app.js",
    "start": 1534736810531,
    "end": 1534736810531,
    "duration": 0,
    "pid": 9332,
    "index": 50
  },
  {
    "name": "Require(42) node_modules/.2.2.3@egg-security/app.js",
    "start": 1534736810532,
    "end": 1534736810533,
    "duration": 1,
    "pid": 9332,
    "index": 51
  },
  {
    "name": "Require(43) node_modules/.2.1.0@egg-onerror/app.js",
    "start": 1534736810533,
    "end": 1534736810539,
    "duration": 6,
    "pid": 9332,
    "index": 52
  },
  {
    "name": "Require(44) node_modules/.2.0.0@egg-i18n/app.js",
    "start": 1534736810540,
    "end": 1534736810545,
    "duration": 5,
    "pid": 9332,
    "index": 53
  },
  {
    "name": "Require(45) node_modules/.3.0.0@egg-watcher/app.js",
    "start": 1534736810547,
    "end": 1534736810550,
    "duration": 3,
    "pid": 9332,
    "index": 54
  },
  {
    "name": "Before Start in node_modules/.3.0.0@egg-watcher/app.js:15:7",
    "start": 1534736810556,
    "end": 1534736811723,
    "duration": 1167,
    "pid": 9332,
    "index": 55
  },
  {
    "name": "Require(46) node_modules/.2.0.0@egg-multipart/app.js",
    "start": 1534736810557,
    "end": 1534736810559,
    "duration": 2,
    "pid": 9332,
    "index": 56
  },
  {
    "name": "Require(47) node_modules/.2.3.1@egg-development/app.js",
    "start": 1534736810560,
    "end": 1534736810561,
    "duration": 1,
    "pid": 9332,
    "index": 57
  },
  {
    "name": "Before Start in node_modules/.2.3.1@egg-development/app.js:12:7",
    "start": 1534736810561,
    "end": 1534736811723,
    "duration": 1162,
    "pid": 9332,
    "index": 58
  },
  {
    "name": "Require(48) node_modules/.3.3.0@egg-schedule/app.js",
    "start": 1534736810561,
    "end": 1534736810562,
    "duration": 1,
    "pid": 9332,
    "index": 59
  },
  {
    "name": "Require(49) node_modules/.3.0.3@egg-logrotator/app.js",
    "start": 1534736810589,
    "end": 1534736810589,
    "duration": 0,
    "pid": 9332,
    "index": 60
  },
  {
    "name": "Require(50) node_modules/.2.1.1@egg-static/app.js",
    "start": 1534736810589,
    "end": 1534736810589,
    "duration": 0,
    "pid": 9332,
    "index": 61
  },
  {
    "name": "Require(51) node_modules/.1.0.0@egg-validate/app.js",
    "start": 1534736810590,
    "end": 1534736810591,
    "duration": 1,
    "pid": 9332,
    "index": 62
  },
  {
    "name": "Require(52) node_modules/.3.1.0@egg-mongoose/app.js",
    "start": 1534736810592,
    "end": 1534736810592,
    "duration": 0,
    "pid": 9332,
    "index": 63
  },
  {
    "name": "Before Start in node_modules/.3.1.0@egg-mongoose/lib/mongoose.js:77:7",
    "start": 1534736811326,
    "end": 1534736812728,
    "duration": 1402,
    "pid": 9332,
    "index": 64
  },
  {
    "name": "Before Start in node_modules/.3.1.0@egg-mongoose/lib/mongoose.js:42:9",
    "start": 1534736811326,
    "end": 1534736811683,
    "duration": 357,
    "pid": 9332,
    "index": 65
  },
  {
    "name": "Require(53) node_modules/.2.1.0@egg-cors/app.js",
    "start": 1534736811327,
    "end": 1534736811327,
    "duration": 0,
    "pid": 9332,
    "index": 66
  },
  {
    "name": "Require(54) node_modules/.2.2.0@egg-view-nunjucks/app.js",
    "start": 1534736811327,
    "end": 1534736811327,
    "duration": 0,
    "pid": 9332,
    "index": 67
  },
  {
    "name": "Load Service",
    "start": 1534736811329,
    "end": 1534736811597,
    "duration": 268,
    "pid": 9332,
    "index": 68
  },
  {
    "name": "Load \"service\" to Context",
    "start": 1534736811330,
    "end": 1534736811597,
    "duration": 267,
    "pid": 9332,
    "index": 69
  },
  {
    "name": "Load Middleware",
    "start": 1534736811597,
    "end": 1534736811652,
    "duration": 55,
    "pid": 9332,
    "index": 70
  },
  {
    "name": "Load \"middlewares\" to Application",
    "start": 1534736811597,
    "end": 1534736811645,
    "duration": 48,
    "pid": 9332,
    "index": 71
  },
  {
    "name": "Load Controller",
    "start": 1534736811652,
    "end": 1534736811656,
    "duration": 4,
    "pid": 9332,
    "index": 72
  },
  {
    "name": "Load \"controller\" to Application",
    "start": 1534736811652,
    "end": 1534736811656,
    "duration": 4,
    "pid": 9332,
    "index": 73
  },
  {
    "name": "Load Router",
    "start": 1534736811656,
    "end": 1534736811658,
    "duration": 2,
    "pid": 9332,
    "index": 74
  },
  {
    "name": "Require(55) app/router.js",
    "start": 1534736811657,
    "end": 1534736811657,
    "duration": 0,
    "pid": 9332,
    "index": 75
  },
  {
    "name": "Before Start in node_modules/.4.9.1@egg-core/lib/egg.js:328:10",
    "start": 1534736811657,
    "end": 1534736811683,
    "duration": 26,
    "pid": 9332,
    "index": 76
  },
  {
    "name": "Load \"model\" to Application",
    "start": 1534736811669,
    "end": 1534736811682,
    "duration": 13,
    "pid": 9332,
    "index": 77
  }
]