[
  {
    "name": "Application Start",
    "start": 1534758222366,
    "end": 1534758224829,
    "duration": 2463,
    "pid": 13084,
    "index": 0
  },
  {
    "name": "Load Plugin",
    "start": 1534758222370,
    "end": 1534758222389,
    "duration": 19,
    "pid": 13084,
    "index": 1
  },
  {
    "name": "Load Config",
    "start": 1534758222389,
    "end": 1534758222408,
    "duration": 19,
    "pid": 13084,
    "index": 2
  },
  {
    "name": "Require(0) config/config.default.js",
    "start": 1534758222390,
    "end": 1534758222391,
    "duration": 1,
    "pid": 13084,
    "index": 3
  },
  {
    "name": "Require(1) node_modules/.3.1.0@egg-session/config/config.default.js",
    "start": 1534758222392,
    "end": 1534758222392,
    "duration": 0,
    "pid": 13084,
    "index": 4
  },
  {
    "name": "Require(2) node_modules/.2.2.3@egg-security/config/config.default.js",
    "start": 1534758222392,
    "end": 1534758222392,
    "duration": 0,
    "pid": 13084,
    "index": 5
  },
  {
    "name": "Require(3) node_modules/.2.0.0@egg-jsonp/config/config.default.js",
    "start": 1534758222393,
    "end": 1534758222393,
    "duration": 0,
    "pid": 13084,
    "index": 6
  },
  {
    "name": "Require(4) node_modules/.2.1.0@egg-onerror/config/config.default.js",
    "start": 1534758222394,
    "end": 1534758222394,
    "duration": 0,
    "pid": 13084,
    "index": 7
  },
  {
    "name": "Require(5) node_modules/.2.0.0@egg-i18n/config/config.default.js",
    "start": 1534758222394,
    "end": 1534758222394,
    "duration": 0,
    "pid": 13084,
    "index": 8
  },
  {
    "name": "Require(6) node_modules/.3.0.0@egg-watcher/config/config.default.js",
    "start": 1534758222395,
    "end": 1534758222395,
    "duration": 0,
    "pid": 13084,
    "index": 9
  },
  {
    "name": "Require(7) node_modules/.2.0.0@egg-multipart/config/config.default.js",
    "start": 1534758222395,
    "end": 1534758222396,
    "duration": 1,
    "pid": 13084,
    "index": 10
  },
  {
    "name": "Require(8) node_modules/.2.3.1@egg-development/config/config.default.js",
    "start": 1534758222396,
    "end": 1534758222396,
    "duration": 0,
    "pid": 13084,
    "index": 11
  },
  {
    "name": "Require(9) node_modules/.3.3.0@egg-schedule/config/config.default.js",
    "start": 1534758222397,
    "end": 1534758222397,
    "duration": 0,
    "pid": 13084,
    "index": 12
  },
  {
    "name": "Require(10) node_modules/.3.0.3@egg-logrotator/config/config.default.js",
    "start": 1534758222397,
    "end": 1534758222397,
    "duration": 0,
    "pid": 13084,
    "index": 13
  },
  {
    "name": "Require(11) node_modules/.2.1.1@egg-static/config/config.default.js",
    "start": 1534758222398,
    "end": 1534758222398,
    "duration": 0,
    "pid": 13084,
    "index": 14
  },
  {
    "name": "Require(12) node_modules/.2.1.0@egg-view/config/config.default.js",
    "start": 1534758222398,
    "end": 1534758222398,
    "duration": 0,
    "pid": 13084,
    "index": 15
  },
  {
    "name": "Require(13) node_modules/.3.1.0@egg-mongoose/config/config.default.js",
    "start": 1534758222399,
    "end": 1534758222399,
    "duration": 0,
    "pid": 13084,
    "index": 16
  },
  {
    "name": "Require(14) node_modules/.2.1.0@egg-cors/config/config.default.js",
    "start": 1534758222399,
    "end": 1534758222400,
    "duration": 1,
    "pid": 13084,
    "index": 17
  },
  {
    "name": "Require(15) node_modules/.2.2.0@egg-view-nunjucks/config/config.default.js",
    "start": 1534758222400,
    "end": 1534758222400,
    "duration": 0,
    "pid": 13084,
    "index": 18
  },
  {
    "name": "Require(16) node_modules/.2.9.1@egg/config/config.default.js",
    "start": 1534758222402,
    "end": 1534758222403,
    "duration": 1,
    "pid": 13084,
    "index": 19
  },
  {
    "name": "Require(17) config/config.default.js",
    "start": 1534758222404,
    "end": 1534758222404,
    "duration": 0,
    "pid": 13084,
    "index": 20
  },
  {
    "name": "Require(18) node_modules/.2.2.3@egg-security/config/config.local.js",
    "start": 1534758222404,
    "end": 1534758222405,
    "duration": 1,
    "pid": 13084,
    "index": 21
  },
  {
    "name": "Require(19) node_modules/.3.0.0@egg-watcher/config/config.local.js",
    "start": 1534758222405,
    "end": 1534758222405,
    "duration": 0,
    "pid": 13084,
    "index": 22
  },
  {
    "name": "Require(20) node_modules/.2.1.0@egg-view/config/config.local.js",
    "start": 1534758222406,
    "end": 1534758222407,
    "duration": 1,
    "pid": 13084,
    "index": 23
  },
  {
    "name": "Require(21) node_modules/.2.2.0@egg-view-nunjucks/config/config.local.js",
    "start": 1534758222407,
    "end": 1534758222407,
    "duration": 0,
    "pid": 13084,
    "index": 24
  },
  {
    "name": "Require(22) node_modules/.2.9.1@egg/config/config.local.js",
    "start": 1534758222408,
    "end": 1534758222408,
    "duration": 0,
    "pid": 13084,
    "index": 25
  },
  {
    "name": "Load extend/application.js",
    "start": 1534758222409,
    "end": 1534758222466,
    "duration": 57,
    "pid": 13084,
    "index": 26
  },
  {
    "name": "Require(23) node_modules/.3.1.0@egg-session/app/extend/application.js",
    "start": 1534758222409,
    "end": 1534758222410,
    "duration": 1,
    "pid": 13084,
    "index": 27
  },
  {
    "name": "Require(24) node_modules/.2.2.3@egg-security/app/extend/application.js",
    "start": 1534758222410,
    "end": 1534758222411,
    "duration": 1,
    "pid": 13084,
    "index": 28
  },
  {
    "name": "Require(25) node_modules/.2.0.0@egg-jsonp/app/extend/application.js",
    "start": 1534758222411,
    "end": 1534758222413,
    "duration": 2,
    "pid": 13084,
    "index": 29
  },
  {
    "name": "Require(26) node_modules/.3.0.3@egg-logrotator/app/extend/application.js",
    "start": 1534758222414,
    "end": 1534758222416,
    "duration": 2,
    "pid": 13084,
    "index": 30
  },
  {
    "name": "Require(27) node_modules/.2.1.0@egg-view/app/extend/application.js",
    "start": 1534758222416,
    "end": 1534758222417,
    "duration": 1,
    "pid": 13084,
    "index": 31
  },
  {
    "name": "Require(28) node_modules/.2.2.0@egg-view-nunjucks/app/extend/application.js",
    "start": 1534758222418,
    "end": 1534758222463,
    "duration": 45,
    "pid": 13084,
    "index": 32
  },
  {
    "name": "Load extend/request.js",
    "start": 1534758222466,
    "end": 1534758222471,
    "duration": 5,
    "pid": 13084,
    "index": 33
  },
  {
    "name": "Require(29) node_modules/.2.9.1@egg/app/extend/request.js",
    "start": 1534758222468,
    "end": 1534758222469,
    "duration": 1,
    "pid": 13084,
    "index": 34
  },
  {
    "name": "Load extend/response.js",
    "start": 1534758222471,
    "end": 1534758222478,
    "duration": 7,
    "pid": 13084,
    "index": 35
  },
  {
    "name": "Require(30) node_modules/.2.9.1@egg/app/extend/response.js",
    "start": 1534758222474,
    "end": 1534758222476,
    "duration": 2,
    "pid": 13084,
    "index": 36
  },
  {
    "name": "Load extend/context.js",
    "start": 1534758222478,
    "end": 1534758222535,
    "duration": 57,
    "pid": 13084,
    "index": 37
  },
  {
    "name": "Require(31) node_modules/.2.2.3@egg-security/app/extend/context.js",
    "start": 1534758222478,
    "end": 1534758222488,
    "duration": 10,
    "pid": 13084,
    "index": 38
  },
  {
    "name": "Require(32) node_modules/.2.0.0@egg-jsonp/app/extend/context.js",
    "start": 1534758222488,
    "end": 1534758222489,
    "duration": 1,
    "pid": 13084,
    "index": 39
  },
  {
    "name": "Require(33) node_modules/.2.0.0@egg-i18n/app/extend/context.js",
    "start": 1534758222490,
    "end": 1534758222490,
    "duration": 0,
    "pid": 13084,
    "index": 40
  },
  {
    "name": "Require(34) node_modules/.2.0.0@egg-multipart/app/extend/context.js",
    "start": 1534758222490,
    "end": 1534758222526,
    "duration": 36,
    "pid": 13084,
    "index": 41
  },
  {
    "name": "Require(35) node_modules/.2.1.0@egg-view/app/extend/context.js",
    "start": 1534758222526,
    "end": 1534758222527,
    "duration": 1,
    "pid": 13084,
    "index": 42
  },
  {
    "name": "Require(36) node_modules/.1.0.0@egg-validate/app/extend/context.js",
    "start": 1534758222527,
    "end": 1534758222527,
    "duration": 0,
    "pid": 13084,
    "index": 43
  },
  {
    "name": "Require(37) node_modules/.3.1.0@egg-mongoose/app/extend/context.js",
    "start": 1534758222528,
    "end": 1534758222528,
    "duration": 0,
    "pid": 13084,
    "index": 44
  },
  {
    "name": "Require(38) node_modules/.2.9.1@egg/app/extend/context.js",
    "start": 1534758222528,
    "end": 1534758222529,
    "duration": 1,
    "pid": 13084,
    "index": 45
  },
  {
    "name": "Load extend/helper.js",
    "start": 1534758222535,
    "end": 1534758222552,
    "duration": 17,
    "pid": 13084,
    "index": 46
  },
  {
    "name": "Require(39) node_modules/.2.2.3@egg-security/app/extend/helper.js",
    "start": 1534758222535,
    "end": 1534758222547,
    "duration": 12,
    "pid": 13084,
    "index": 47
  },
  {
    "name": "Require(40) node_modules/.2.9.1@egg/app/extend/helper.js",
    "start": 1534758222549,
    "end": 1534758222550,
    "duration": 1,
    "pid": 13084,
    "index": 48
  },
  {
    "name": "Load app.js",
    "start": 1534758222553,
    "end": 1534758223411,
    "duration": 858,
    "pid": 13084,
    "index": 49
  },
  {
    "name": "Require(41) node_modules/.3.1.0@egg-session/app.js",
    "start": 1534758222553,
    "end": 1534758222553,
    "duration": 0,
    "pid": 13084,
    "index": 50
  },
  {
    "name": "Require(42) node_modules/.2.2.3@egg-security/app.js",
    "start": 1534758222553,
    "end": 1534758222555,
    "duration": 2,
    "pid": 13084,
    "index": 51
  },
  {
    "name": "Require(43) node_modules/.2.1.0@egg-onerror/app.js",
    "start": 1534758222555,
    "end": 1534758222564,
    "duration": 9,
    "pid": 13084,
    "index": 52
  },
  {
    "name": "Require(44) node_modules/.2.0.0@egg-i18n/app.js",
    "start": 1534758222565,
    "end": 1534758222571,
    "duration": 6,
    "pid": 13084,
    "index": 53
  },
  {
    "name": "Require(45) node_modules/.3.0.0@egg-watcher/app.js",
    "start": 1534758222572,
    "end": 1534758222575,
    "duration": 3,
    "pid": 13084,
    "index": 54
  },
  {
    "name": "Before Start in node_modules/.3.0.0@egg-watcher/app.js:15:7",
    "start": 1534758222583,
    "end": 1534758223827,
    "duration": 1244,
    "pid": 13084,
    "index": 55
  },
  {
    "name": "Require(46) node_modules/.2.0.0@egg-multipart/app.js",
    "start": 1534758222584,
    "end": 1534758222586,
    "duration": 2,
    "pid": 13084,
    "index": 56
  },
  {
    "name": "Require(47) node_modules/.2.3.1@egg-development/app.js",
    "start": 1534758222587,
    "end": 1534758222588,
    "duration": 1,
    "pid": 13084,
    "index": 57
  },
  {
    "name": "Before Start in node_modules/.2.3.1@egg-development/app.js:12:7",
    "start": 1534758222588,
    "end": 1534758223828,
    "duration": 1240,
    "pid": 13084,
    "index": 58
  },
  {
    "name": "Require(48) node_modules/.3.3.0@egg-schedule/app.js",
    "start": 1534758222588,
    "end": 1534758222590,
    "duration": 2,
    "pid": 13084,
    "index": 59
  },
  {
    "name": "Require(49) node_modules/.3.0.3@egg-logrotator/app.js",
    "start": 1534758222619,
    "end": 1534758222619,
    "duration": 0,
    "pid": 13084,
    "index": 60
  },
  {
    "name": "Require(50) node_modules/.2.1.1@egg-static/app.js",
    "start": 1534758222619,
    "end": 1534758222620,
    "duration": 1,
    "pid": 13084,
    "index": 61
  },
  {
    "name": "Require(51) node_modules/.1.0.0@egg-validate/app.js",
    "start": 1534758222620,
    "end": 1534758222621,
    "duration": 1,
    "pid": 13084,
    "index": 62
  },
  {
    "name": "Require(52) node_modules/.3.1.0@egg-mongoose/app.js",
    "start": 1534758222622,
    "end": 1534758222622,
    "duration": 0,
    "pid": 13084,
    "index": 63
  },
  {
    "name": "Before Start in node_modules/.3.1.0@egg-mongoose/lib/mongoose.js:77:7",
    "start": 1534758223409,
    "end": 1534758224829,
    "duration": 1420,
    "pid": 13084,
    "index": 64
  },
  {
    "name": "Before Start in node_modules/.3.1.0@egg-mongoose/lib/mongoose.js:42:9",
    "start": 1534758223409,
    "end": 1534758223784,
    "duration": 375,
    "pid": 13084,
    "index": 65
  },
  {
    "name": "Require(53) node_modules/.2.1.0@egg-cors/app.js",
    "start": 1534758223409,
    "end": 1534758223409,
    "duration": 0,
    "pid": 13084,
    "index": 66
  },
  {
    "name": "Require(54) node_modules/.2.2.0@egg-view-nunjucks/app.js",
    "start": 1534758223410,
    "end": 1534758223410,
    "duration": 0,
    "pid": 13084,
    "index": 67
  },
  {
    "name": "Load Service",
    "start": 1534758223411,
    "end": 1534758223667,
    "duration": 256,
    "pid": 13084,
    "index": 68
  },
  {
    "name": "Load \"service\" to Context",
    "start": 1534758223411,
    "end": 1534758223667,
    "duration": 256,
    "pid": 13084,
    "index": 69
  },
  {
    "name": "Load Middleware",
    "start": 1534758223667,
    "end": 1534758223747,
    "duration": 80,
    "pid": 13084,
    "index": 70
  },
  {
    "name": "Load \"middlewares\" to Application",
    "start": 1534758223667,
    "end": 1534758223738,
    "duration": 71,
    "pid": 13084,
    "index": 71
  },
  {
    "name": "Load Controller",
    "start": 1534758223747,
    "end": 1534758223753,
    "duration": 6,
    "pid": 13084,
    "index": 72
  },
  {
    "name": "Load \"controller\" to Application",
    "start": 1534758223747,
    "end": 1534758223753,
    "duration": 6,
    "pid": 13084,
    "index": 73
  },
  {
    "name": "Load Router",
    "start": 1534758223753,
    "end": 1534758223754,
    "duration": 1,
    "pid": 13084,
    "index": 74
  },
  {
    "name": "Require(55) app/router.js",
    "start": 1534758223753,
    "end": 1534758223753,
    "duration": 0,
    "pid": 13084,
    "index": 75
  },
  {
    "name": "Before Start in node_modules/.4.9.1@egg-core/lib/egg.js:328:10",
    "start": 1534758223753,
    "end": 1534758223784,
    "duration": 31,
    "pid": 13084,
    "index": 76
  },
  {
    "name": "Load \"model\" to Application",
    "start": 1534758223767,
    "end": 1534758223783,
    "duration": 16,
    "pid": 13084,
    "index": 77
  }
]