[
  {
    "name": "Application Start",
    "start": 1534751433815,
    "end": 1534751436282,
    "duration": 2467,
    "pid": 13020,
    "index": 0
  },
  {
    "name": "Load Plugin",
    "start": 1534751433818,
    "end": 1534751433836,
    "duration": 18,
    "pid": 13020,
    "index": 1
  },
  {
    "name": "Load Config",
    "start": 1534751433836,
    "end": 1534751433855,
    "duration": 19,
    "pid": 13020,
    "index": 2
  },
  {
    "name": "Require(0) config/config.default.js",
    "start": 1534751433836,
    "end": 1534751433837,
    "duration": 1,
    "pid": 13020,
    "index": 3
  },
  {
    "name": "Require(1) node_modules/.3.1.0@egg-session/config/config.default.js",
    "start": 1534751433838,
    "end": 1534751433838,
    "duration": 0,
    "pid": 13020,
    "index": 4
  },
  {
    "name": "Require(2) node_modules/.2.2.3@egg-security/config/config.default.js",
    "start": 1534751433839,
    "end": 1534751433839,
    "duration": 0,
    "pid": 13020,
    "index": 5
  },
  {
    "name": "Require(3) node_modules/.2.0.0@egg-jsonp/config/config.default.js",
    "start": 1534751433840,
    "end": 1534751433840,
    "duration": 0,
    "pid": 13020,
    "index": 6
  },
  {
    "name": "Require(4) node_modules/.2.1.0@egg-onerror/config/config.default.js",
    "start": 1534751433840,
    "end": 1534751433841,
    "duration": 1,
    "pid": 13020,
    "index": 7
  },
  {
    "name": "Require(5) node_modules/.2.0.0@egg-i18n/config/config.default.js",
    "start": 1534751433841,
    "end": 1534751433841,
    "duration": 0,
    "pid": 13020,
    "index": 8
  },
  {
    "name": "Require(6) node_modules/.3.0.0@egg-watcher/config/config.default.js",
    "start": 1534751433841,
    "end": 1534751433842,
    "duration": 1,
    "pid": 13020,
    "index": 9
  },
  {
    "name": "Require(7) node_modules/.2.0.0@egg-multipart/config/config.default.js",
    "start": 1534751433842,
    "end": 1534751433842,
    "duration": 0,
    "pid": 13020,
    "index": 10
  },
  {
    "name": "Require(8) node_modules/.2.3.1@egg-development/config/config.default.js",
    "start": 1534751433843,
    "end": 1534751433843,
    "duration": 0,
    "pid": 13020,
    "index": 11
  },
  {
    "name": "Require(9) node_modules/.3.3.0@egg-schedule/config/config.default.js",
    "start": 1534751433843,
    "end": 1534751433843,
    "duration": 0,
    "pid": 13020,
    "index": 12
  },
  {
    "name": "Require(10) node_modules/.3.0.3@egg-logrotator/config/config.default.js",
    "start": 1534751433844,
    "end": 1534751433844,
    "duration": 0,
    "pid": 13020,
    "index": 13
  },
  {
    "name": "Require(11) node_modules/.2.1.1@egg-static/config/config.default.js",
    "start": 1534751433844,
    "end": 1534751433844,
    "duration": 0,
    "pid": 13020,
    "index": 14
  },
  {
    "name": "Require(12) node_modules/.2.1.0@egg-view/config/config.default.js",
    "start": 1534751433845,
    "end": 1534751433845,
    "duration": 0,
    "pid": 13020,
    "index": 15
  },
  {
    "name": "Require(13) node_modules/.3.1.0@egg-mongoose/config/config.default.js",
    "start": 1534751433846,
    "end": 1534751433846,
    "duration": 0,
    "pid": 13020,
    "index": 16
  },
  {
    "name": "Require(14) node_modules/.2.1.0@egg-cors/config/config.default.js",
    "start": 1534751433846,
    "end": 1534751433846,
    "duration": 0,
    "pid": 13020,
    "index": 17
  },
  {
    "name": "Require(15) node_modules/.2.2.0@egg-view-nunjucks/config/config.default.js",
    "start": 1534751433847,
    "end": 1534751433847,
    "duration": 0,
    "pid": 13020,
    "index": 18
  },
  {
    "name": "Require(16) node_modules/.2.9.1@egg/config/config.default.js",
    "start": 1534751433847,
    "end": 1534751433847,
    "duration": 0,
    "pid": 13020,
    "index": 19
  },
  {
    "name": "Require(17) config/config.default.js",
    "start": 1534751433849,
    "end": 1534751433849,
    "duration": 0,
    "pid": 13020,
    "index": 20
  },
  {
    "name": "Require(18) node_modules/.2.2.3@egg-security/config/config.local.js",
    "start": 1534751433849,
    "end": 1534751433849,
    "duration": 0,
    "pid": 13020,
    "index": 21
  },
  {
    "name": "Require(19) node_modules/.3.0.0@egg-watcher/config/config.local.js",
    "start": 1534751433852,
    "end": 1534751433852,
    "duration": 0,
    "pid": 13020,
    "index": 22
  },
  {
    "name": "Require(20) node_modules/.2.1.0@egg-view/config/config.local.js",
    "start": 1534751433853,
    "end": 1534751433853,
    "duration": 0,
    "pid": 13020,
    "index": 23
  },
  {
    "name": "Require(21) node_modules/.2.2.0@egg-view-nunjucks/config/config.local.js",
    "start": 1534751433854,
    "end": 1534751433854,
    "duration": 0,
    "pid": 13020,
    "index": 24
  },
  {
    "name": "Require(22) node_modules/.2.9.1@egg/config/config.local.js",
    "start": 1534751433854,
    "end": 1534751433854,
    "duration": 0,
    "pid": 13020,
    "index": 25
  },
  {
    "name": "Load extend/application.js",
    "start": 1534751433856,
    "end": 1534751433909,
    "duration": 53,
    "pid": 13020,
    "index": 26
  },
  {
    "name": "Require(23) node_modules/.3.1.0@egg-session/app/extend/application.js",
    "start": 1534751433856,
    "end": 1534751433856,
    "duration": 0,
    "pid": 13020,
    "index": 27
  },
  {
    "name": "Require(24) node_modules/.2.2.3@egg-security/app/extend/application.js",
    "start": 1534751433857,
    "end": 1534751433857,
    "duration": 0,
    "pid": 13020,
    "index": 28
  },
  {
    "name": "Require(25) node_modules/.2.0.0@egg-jsonp/app/extend/application.js",
    "start": 1534751433857,
    "end": 1534751433859,
    "duration": 2,
    "pid": 13020,
    "index": 29
  },
  {
    "name": "Require(26) node_modules/.3.0.3@egg-logrotator/app/extend/application.js",
    "start": 1534751433860,
    "end": 1534751433862,
    "duration": 2,
    "pid": 13020,
    "index": 30
  },
  {
    "name": "Require(27) node_modules/.2.1.0@egg-view/app/extend/application.js",
    "start": 1534751433862,
    "end": 1534751433864,
    "duration": 2,
    "pid": 13020,
    "index": 31
  },
  {
    "name": "Require(28) node_modules/.2.2.0@egg-view-nunjucks/app/extend/application.js",
    "start": 1534751433864,
    "end": 1534751433906,
    "duration": 42,
    "pid": 13020,
    "index": 32
  },
  {
    "name": "Load extend/request.js",
    "start": 1534751433909,
    "end": 1534751433919,
    "duration": 10,
    "pid": 13020,
    "index": 33
  },
  {
    "name": "Require(29) node_modules/.2.9.1@egg/app/extend/request.js",
    "start": 1534751433912,
    "end": 1534751433914,
    "duration": 2,
    "pid": 13020,
    "index": 34
  },
  {
    "name": "Load extend/response.js",
    "start": 1534751433919,
    "end": 1534751433927,
    "duration": 8,
    "pid": 13020,
    "index": 35
  },
  {
    "name": "Require(30) node_modules/.2.9.1@egg/app/extend/response.js",
    "start": 1534751433923,
    "end": 1534751433925,
    "duration": 2,
    "pid": 13020,
    "index": 36
  },
  {
    "name": "Load extend/context.js",
    "start": 1534751433927,
    "end": 1534751433994,
    "duration": 67,
    "pid": 13020,
    "index": 37
  },
  {
    "name": "Require(31) node_modules/.2.2.3@egg-security/app/extend/context.js",
    "start": 1534751433927,
    "end": 1534751433936,
    "duration": 9,
    "pid": 13020,
    "index": 38
  },
  {
    "name": "Require(32) node_modules/.2.0.0@egg-jsonp/app/extend/context.js",
    "start": 1534751433936,
    "end": 1534751433937,
    "duration": 1,
    "pid": 13020,
    "index": 39
  },
  {
    "name": "Require(33) node_modules/.2.0.0@egg-i18n/app/extend/context.js",
    "start": 1534751433938,
    "end": 1534751433938,
    "duration": 0,
    "pid": 13020,
    "index": 40
  },
  {
    "name": "Require(34) node_modules/.2.0.0@egg-multipart/app/extend/context.js",
    "start": 1534751433939,
    "end": 1534751433975,
    "duration": 36,
    "pid": 13020,
    "index": 41
  },
  {
    "name": "Require(35) node_modules/.2.1.0@egg-view/app/extend/context.js",
    "start": 1534751433975,
    "end": 1534751433977,
    "duration": 2,
    "pid": 13020,
    "index": 42
  },
  {
    "name": "Require(36) node_modules/.1.0.0@egg-validate/app/extend/context.js",
    "start": 1534751433977,
    "end": 1534751433978,
    "duration": 1,
    "pid": 13020,
    "index": 43
  },
  {
    "name": "Require(37) node_modules/.3.1.0@egg-mongoose/app/extend/context.js",
    "start": 1534751433978,
    "end": 1534751433978,
    "duration": 0,
    "pid": 13020,
    "index": 44
  },
  {
    "name": "Require(38) node_modules/.2.9.1@egg/app/extend/context.js",
    "start": 1534751433978,
    "end": 1534751433980,
    "duration": 2,
    "pid": 13020,
    "index": 45
  },
  {
    "name": "Load extend/helper.js",
    "start": 1534751433995,
    "end": 1534751434015,
    "duration": 20,
    "pid": 13020,
    "index": 46
  },
  {
    "name": "Require(39) node_modules/.2.2.3@egg-security/app/extend/helper.js",
    "start": 1534751433997,
    "end": 1534751434012,
    "duration": 15,
    "pid": 13020,
    "index": 47
  },
  {
    "name": "Require(40) node_modules/.2.9.1@egg/app/extend/helper.js",
    "start": 1534751434013,
    "end": 1534751434013,
    "duration": 0,
    "pid": 13020,
    "index": 48
  },
  {
    "name": "Load app.js",
    "start": 1534751434015,
    "end": 1534751434868,
    "duration": 853,
    "pid": 13020,
    "index": 49
  },
  {
    "name": "Require(41) node_modules/.3.1.0@egg-session/app.js",
    "start": 1534751434015,
    "end": 1534751434015,
    "duration": 0,
    "pid": 13020,
    "index": 50
  },
  {
    "name": "Require(42) node_modules/.2.2.3@egg-security/app.js",
    "start": 1534751434015,
    "end": 1534751434017,
    "duration": 2,
    "pid": 13020,
    "index": 51
  },
  {
    "name": "Require(43) node_modules/.2.1.0@egg-onerror/app.js",
    "start": 1534751434017,
    "end": 1534751434025,
    "duration": 8,
    "pid": 13020,
    "index": 52
  },
  {
    "name": "Require(44) node_modules/.2.0.0@egg-i18n/app.js",
    "start": 1534751434026,
    "end": 1534751434031,
    "duration": 5,
    "pid": 13020,
    "index": 53
  },
  {
    "name": "Require(45) node_modules/.3.0.0@egg-watcher/app.js",
    "start": 1534751434033,
    "end": 1534751434035,
    "duration": 2,
    "pid": 13020,
    "index": 54
  },
  {
    "name": "Before Start in node_modules/.3.0.0@egg-watcher/app.js:15:7",
    "start": 1534751434043,
    "end": 1534751435276,
    "duration": 1233,
    "pid": 13020,
    "index": 55
  },
  {
    "name": "Require(46) node_modules/.2.0.0@egg-multipart/app.js",
    "start": 1534751434044,
    "end": 1534751434046,
    "duration": 2,
    "pid": 13020,
    "index": 56
  },
  {
    "name": "Require(47) node_modules/.2.3.1@egg-development/app.js",
    "start": 1534751434046,
    "end": 1534751434048,
    "duration": 2,
    "pid": 13020,
    "index": 57
  },
  {
    "name": "Before Start in node_modules/.2.3.1@egg-development/app.js:12:7",
    "start": 1534751434048,
    "end": 1534751435277,
    "duration": 1229,
    "pid": 13020,
    "index": 58
  },
  {
    "name": "Require(48) node_modules/.3.3.0@egg-schedule/app.js",
    "start": 1534751434048,
    "end": 1534751434050,
    "duration": 2,
    "pid": 13020,
    "index": 59
  },
  {
    "name": "Require(49) node_modules/.3.0.3@egg-logrotator/app.js",
    "start": 1534751434078,
    "end": 1534751434078,
    "duration": 0,
    "pid": 13020,
    "index": 60
  },
  {
    "name": "Require(50) node_modules/.2.1.1@egg-static/app.js",
    "start": 1534751434079,
    "end": 1534751434079,
    "duration": 0,
    "pid": 13020,
    "index": 61
  },
  {
    "name": "Require(51) node_modules/.1.0.0@egg-validate/app.js",
    "start": 1534751434079,
    "end": 1534751434080,
    "duration": 1,
    "pid": 13020,
    "index": 62
  },
  {
    "name": "Require(52) node_modules/.3.1.0@egg-mongoose/app.js",
    "start": 1534751434081,
    "end": 1534751434081,
    "duration": 0,
    "pid": 13020,
    "index": 63
  },
  {
    "name": "Before Start in node_modules/.3.1.0@egg-mongoose/lib/mongoose.js:77:7",
    "start": 1534751434865,
    "end": 1534751436282,
    "duration": 1417,
    "pid": 13020,
    "index": 64
  },
  {
    "name": "Before Start in node_modules/.3.1.0@egg-mongoose/lib/mongoose.js:42:9",
    "start": 1534751434865,
    "end": 1534751435230,
    "duration": 365,
    "pid": 13020,
    "index": 65
  },
  {
    "name": "Require(53) node_modules/.2.1.0@egg-cors/app.js",
    "start": 1534751434866,
    "end": 1534751434866,
    "duration": 0,
    "pid": 13020,
    "index": 66
  },
  {
    "name": "Require(54) node_modules/.2.2.0@egg-view-nunjucks/app.js",
    "start": 1534751434866,
    "end": 1534751434866,
    "duration": 0,
    "pid": 13020,
    "index": 67
  },
  {
    "name": "Load Service",
    "start": 1534751434868,
    "end": 1534751435128,
    "duration": 260,
    "pid": 13020,
    "index": 68
  },
  {
    "name": "Load \"service\" to Context",
    "start": 1534751434868,
    "end": 1534751435128,
    "duration": 260,
    "pid": 13020,
    "index": 69
  },
  {
    "name": "Load Middleware",
    "start": 1534751435129,
    "end": 1534751435192,
    "duration": 63,
    "pid": 13020,
    "index": 70
  },
  {
    "name": "Load \"middlewares\" to Application",
    "start": 1534751435129,
    "end": 1534751435183,
    "duration": 54,
    "pid": 13020,
    "index": 71
  },
  {
    "name": "Load Controller",
    "start": 1534751435192,
    "end": 1534751435197,
    "duration": 5,
    "pid": 13020,
    "index": 72
  },
  {
    "name": "Load \"controller\" to Application",
    "start": 1534751435192,
    "end": 1534751435197,
    "duration": 5,
    "pid": 13020,
    "index": 73
  },
  {
    "name": "Load Router",
    "start": 1534751435198,
    "end": 1534751435200,
    "duration": 2,
    "pid": 13020,
    "index": 74
  },
  {
    "name": "Require(55) app/router.js",
    "start": 1534751435198,
    "end": 1534751435198,
    "duration": 0,
    "pid": 13020,
    "index": 75
  },
  {
    "name": "Before Start in node_modules/.4.9.1@egg-core/lib/egg.js:328:10",
    "start": 1534751435198,
    "end": 1534751435230,
    "duration": 32,
    "pid": 13020,
    "index": 76
  },
  {
    "name": "Load \"model\" to Application",
    "start": 1534751435212,
    "end": 1534751435229,
    "duration": 17,
    "pid": 13020,
    "index": 77
  }
]