[
  {
    "name": "Application Start",
    "start": 1534751191305,
    "end": 1534751193584,
    "duration": 2279,
    "pid": 8236,
    "index": 0
  },
  {
    "name": "Load Plugin",
    "start": 1534751191309,
    "end": 1534751191325,
    "duration": 16,
    "pid": 8236,
    "index": 1
  },
  {
    "name": "Load Config",
    "start": 1534751191325,
    "end": 1534751191343,
    "duration": 18,
    "pid": 8236,
    "index": 2
  },
  {
    "name": "Require(0) config/config.default.js",
    "start": 1534751191326,
    "end": 1534751191326,
    "duration": 0,
    "pid": 8236,
    "index": 3
  },
  {
    "name": "Require(1) node_modules/.3.1.0@egg-session/config/config.default.js",
    "start": 1534751191327,
    "end": 1534751191327,
    "duration": 0,
    "pid": 8236,
    "index": 4
  },
  {
    "name": "Require(2) node_modules/.2.2.3@egg-security/config/config.default.js",
    "start": 1534751191328,
    "end": 1534751191328,
    "duration": 0,
    "pid": 8236,
    "index": 5
  },
  {
    "name": "Require(3) node_modules/.2.0.0@egg-jsonp/config/config.default.js",
    "start": 1534751191329,
    "end": 1534751191329,
    "duration": 0,
    "pid": 8236,
    "index": 6
  },
  {
    "name": "Require(4) node_modules/.2.1.0@egg-onerror/config/config.default.js",
    "start": 1534751191329,
    "end": 1534751191329,
    "duration": 0,
    "pid": 8236,
    "index": 7
  },
  {
    "name": "Require(5) node_modules/.2.0.0@egg-i18n/config/config.default.js",
    "start": 1534751191330,
    "end": 1534751191330,
    "duration": 0,
    "pid": 8236,
    "index": 8
  },
  {
    "name": "Require(6) node_modules/.3.0.0@egg-watcher/config/config.default.js",
    "start": 1534751191330,
    "end": 1534751191330,
    "duration": 0,
    "pid": 8236,
    "index": 9
  },
  {
    "name": "Require(7) node_modules/.2.0.0@egg-multipart/config/config.default.js",
    "start": 1534751191331,
    "end": 1534751191331,
    "duration": 0,
    "pid": 8236,
    "index": 10
  },
  {
    "name": "Require(8) node_modules/.2.3.1@egg-development/config/config.default.js",
    "start": 1534751191331,
    "end": 1534751191331,
    "duration": 0,
    "pid": 8236,
    "index": 11
  },
  {
    "name": "Require(9) node_modules/.3.3.0@egg-schedule/config/config.default.js",
    "start": 1534751191332,
    "end": 1534751191332,
    "duration": 0,
    "pid": 8236,
    "index": 12
  },
  {
    "name": "Require(10) node_modules/.3.0.3@egg-logrotator/config/config.default.js",
    "start": 1534751191333,
    "end": 1534751191333,
    "duration": 0,
    "pid": 8236,
    "index": 13
  },
  {
    "name": "Require(11) node_modules/.2.1.1@egg-static/config/config.default.js",
    "start": 1534751191333,
    "end": 1534751191334,
    "duration": 1,
    "pid": 8236,
    "index": 14
  },
  {
    "name": "Require(12) node_modules/.2.1.0@egg-view/config/config.default.js",
    "start": 1534751191334,
    "end": 1534751191334,
    "duration": 0,
    "pid": 8236,
    "index": 15
  },
  {
    "name": "Require(13) node_modules/.3.1.0@egg-mongoose/config/config.default.js",
    "start": 1534751191335,
    "end": 1534751191335,
    "duration": 0,
    "pid": 8236,
    "index": 16
  },
  {
    "name": "Require(14) node_modules/.2.1.0@egg-cors/config/config.default.js",
    "start": 1534751191335,
    "end": 1534751191335,
    "duration": 0,
    "pid": 8236,
    "index": 17
  },
  {
    "name": "Require(15) node_modules/.2.2.0@egg-view-nunjucks/config/config.default.js",
    "start": 1534751191336,
    "end": 1534751191336,
    "duration": 0,
    "pid": 8236,
    "index": 18
  },
  {
    "name": "Require(16) node_modules/.2.9.1@egg/config/config.default.js",
    "start": 1534751191336,
    "end": 1534751191337,
    "duration": 1,
    "pid": 8236,
    "index": 19
  },
  {
    "name": "Require(17) config/config.default.js",
    "start": 1534751191338,
    "end": 1534751191338,
    "duration": 0,
    "pid": 8236,
    "index": 20
  },
  {
    "name": "Require(18) node_modules/.2.2.3@egg-security/config/config.local.js",
    "start": 1534751191340,
    "end": 1534751191340,
    "duration": 0,
    "pid": 8236,
    "index": 21
  },
  {
    "name": "Require(19) node_modules/.3.0.0@egg-watcher/config/config.local.js",
    "start": 1534751191341,
    "end": 1534751191341,
    "duration": 0,
    "pid": 8236,
    "index": 22
  },
  {
    "name": "Require(20) node_modules/.2.1.0@egg-view/config/config.local.js",
    "start": 1534751191342,
    "end": 1534751191342,
    "duration": 0,
    "pid": 8236,
    "index": 23
  },
  {
    "name": "Require(21) node_modules/.2.2.0@egg-view-nunjucks/config/config.local.js",
    "start": 1534751191342,
    "end": 1534751191343,
    "duration": 1,
    "pid": 8236,
    "index": 24
  },
  {
    "name": "Require(22) node_modules/.2.9.1@egg/config/config.local.js",
    "start": 1534751191343,
    "end": 1534751191343,
    "duration": 0,
    "pid": 8236,
    "index": 25
  },
  {
    "name": "Load extend/application.js",
    "start": 1534751191344,
    "end": 1534751191395,
    "duration": 51,
    "pid": 8236,
    "index": 26
  },
  {
    "name": "Require(23) node_modules/.3.1.0@egg-session/app/extend/application.js",
    "start": 1534751191344,
    "end": 1534751191345,
    "duration": 1,
    "pid": 8236,
    "index": 27
  },
  {
    "name": "Require(24) node_modules/.2.2.3@egg-security/app/extend/application.js",
    "start": 1534751191345,
    "end": 1534751191345,
    "duration": 0,
    "pid": 8236,
    "index": 28
  },
  {
    "name": "Require(25) node_modules/.2.0.0@egg-jsonp/app/extend/application.js",
    "start": 1534751191346,
    "end": 1534751191347,
    "duration": 1,
    "pid": 8236,
    "index": 29
  },
  {
    "name": "Require(26) node_modules/.3.0.3@egg-logrotator/app/extend/application.js",
    "start": 1534751191348,
    "end": 1534751191350,
    "duration": 2,
    "pid": 8236,
    "index": 30
  },
  {
    "name": "Require(27) node_modules/.2.1.0@egg-view/app/extend/application.js",
    "start": 1534751191350,
    "end": 1534751191351,
    "duration": 1,
    "pid": 8236,
    "index": 31
  },
  {
    "name": "Require(28) node_modules/.2.2.0@egg-view-nunjucks/app/extend/application.js",
    "start": 1534751191352,
    "end": 1534751191392,
    "duration": 40,
    "pid": 8236,
    "index": 32
  },
  {
    "name": "Load extend/request.js",
    "start": 1534751191395,
    "end": 1534751191400,
    "duration": 5,
    "pid": 8236,
    "index": 33
  },
  {
    "name": "Require(29) node_modules/.2.9.1@egg/app/extend/request.js",
    "start": 1534751191397,
    "end": 1534751191398,
    "duration": 1,
    "pid": 8236,
    "index": 34
  },
  {
    "name": "Load extend/response.js",
    "start": 1534751191400,
    "end": 1534751191405,
    "duration": 5,
    "pid": 8236,
    "index": 35
  },
  {
    "name": "Require(30) node_modules/.2.9.1@egg/app/extend/response.js",
    "start": 1534751191401,
    "end": 1534751191403,
    "duration": 2,
    "pid": 8236,
    "index": 36
  },
  {
    "name": "Load extend/context.js",
    "start": 1534751191405,
    "end": 1534751191456,
    "duration": 51,
    "pid": 8236,
    "index": 37
  },
  {
    "name": "Require(31) node_modules/.2.2.3@egg-security/app/extend/context.js",
    "start": 1534751191405,
    "end": 1534751191414,
    "duration": 9,
    "pid": 8236,
    "index": 38
  },
  {
    "name": "Require(32) node_modules/.2.0.0@egg-jsonp/app/extend/context.js",
    "start": 1534751191414,
    "end": 1534751191415,
    "duration": 1,
    "pid": 8236,
    "index": 39
  },
  {
    "name": "Require(33) node_modules/.2.0.0@egg-i18n/app/extend/context.js",
    "start": 1534751191416,
    "end": 1534751191416,
    "duration": 0,
    "pid": 8236,
    "index": 40
  },
  {
    "name": "Require(34) node_modules/.2.0.0@egg-multipart/app/extend/context.js",
    "start": 1534751191416,
    "end": 1534751191449,
    "duration": 33,
    "pid": 8236,
    "index": 41
  },
  {
    "name": "Require(35) node_modules/.2.1.0@egg-view/app/extend/context.js",
    "start": 1534751191451,
    "end": 1534751191451,
    "duration": 0,
    "pid": 8236,
    "index": 42
  },
  {
    "name": "Require(36) node_modules/.1.0.0@egg-validate/app/extend/context.js",
    "start": 1534751191452,
    "end": 1534751191452,
    "duration": 0,
    "pid": 8236,
    "index": 43
  },
  {
    "name": "Require(37) node_modules/.3.1.0@egg-mongoose/app/extend/context.js",
    "start": 1534751191452,
    "end": 1534751191453,
    "duration": 1,
    "pid": 8236,
    "index": 44
  },
  {
    "name": "Require(38) node_modules/.2.9.1@egg/app/extend/context.js",
    "start": 1534751191453,
    "end": 1534751191455,
    "duration": 2,
    "pid": 8236,
    "index": 45
  },
  {
    "name": "Load extend/helper.js",
    "start": 1534751191457,
    "end": 1534751191475,
    "duration": 18,
    "pid": 8236,
    "index": 46
  },
  {
    "name": "Require(39) node_modules/.2.2.3@egg-security/app/extend/helper.js",
    "start": 1534751191457,
    "end": 1534751191471,
    "duration": 14,
    "pid": 8236,
    "index": 47
  },
  {
    "name": "Require(40) node_modules/.2.9.1@egg/app/extend/helper.js",
    "start": 1534751191473,
    "end": 1534751191473,
    "duration": 0,
    "pid": 8236,
    "index": 48
  },
  {
    "name": "Load app.js",
    "start": 1534751191475,
    "end": 1534751192233,
    "duration": 758,
    "pid": 8236,
    "index": 49
  },
  {
    "name": "Require(41) node_modules/.3.1.0@egg-session/app.js",
    "start": 1534751191475,
    "end": 1534751191475,
    "duration": 0,
    "pid": 8236,
    "index": 50
  },
  {
    "name": "Require(42) node_modules/.2.2.3@egg-security/app.js",
    "start": 1534751191475,
    "end": 1534751191477,
    "duration": 2,
    "pid": 8236,
    "index": 51
  },
  {
    "name": "Require(43) node_modules/.2.1.0@egg-onerror/app.js",
    "start": 1534751191477,
    "end": 1534751191483,
    "duration": 6,
    "pid": 8236,
    "index": 52
  },
  {
    "name": "Require(44) node_modules/.2.0.0@egg-i18n/app.js",
    "start": 1534751191484,
    "end": 1534751191489,
    "duration": 5,
    "pid": 8236,
    "index": 53
  },
  {
    "name": "Require(45) node_modules/.3.0.0@egg-watcher/app.js",
    "start": 1534751191491,
    "end": 1534751191493,
    "duration": 2,
    "pid": 8236,
    "index": 54
  },
  {
    "name": "Before Start in node_modules/.3.0.0@egg-watcher/app.js:15:7",
    "start": 1534751191499,
    "end": 1534751192578,
    "duration": 1079,
    "pid": 8236,
    "index": 55
  },
  {
    "name": "Require(46) node_modules/.2.0.0@egg-multipart/app.js",
    "start": 1534751191500,
    "end": 1534751191502,
    "duration": 2,
    "pid": 8236,
    "index": 56
  },
  {
    "name": "Require(47) node_modules/.2.3.1@egg-development/app.js",
    "start": 1534751191503,
    "end": 1534751191504,
    "duration": 1,
    "pid": 8236,
    "index": 57
  },
  {
    "name": "Before Start in node_modules/.2.3.1@egg-development/app.js:12:7",
    "start": 1534751191504,
    "end": 1534751192578,
    "duration": 1074,
    "pid": 8236,
    "index": 58
  },
  {
    "name": "Require(48) node_modules/.3.3.0@egg-schedule/app.js",
    "start": 1534751191504,
    "end": 1534751191506,
    "duration": 2,
    "pid": 8236,
    "index": 59
  },
  {
    "name": "Require(49) node_modules/.3.0.3@egg-logrotator/app.js",
    "start": 1534751191532,
    "end": 1534751191533,
    "duration": 1,
    "pid": 8236,
    "index": 60
  },
  {
    "name": "Require(50) node_modules/.2.1.1@egg-static/app.js",
    "start": 1534751191533,
    "end": 1534751191533,
    "duration": 0,
    "pid": 8236,
    "index": 61
  },
  {
    "name": "Require(51) node_modules/.1.0.0@egg-validate/app.js",
    "start": 1534751191533,
    "end": 1534751191535,
    "duration": 2,
    "pid": 8236,
    "index": 62
  },
  {
    "name": "Require(52) node_modules/.3.1.0@egg-mongoose/app.js",
    "start": 1534751191535,
    "end": 1534751191536,
    "duration": 1,
    "pid": 8236,
    "index": 63
  },
  {
    "name": "Before Start in node_modules/.3.1.0@egg-mongoose/lib/mongoose.js:77:7",
    "start": 1534751192231,
    "end": 1534751193584,
    "duration": 1353,
    "pid": 8236,
    "index": 64
  },
  {
    "name": "Before Start in node_modules/.3.1.0@egg-mongoose/lib/mongoose.js:42:9",
    "start": 1534751192231,
    "end": 1534751192570,
    "duration": 339,
    "pid": 8236,
    "index": 65
  },
  {
    "name": "Require(53) node_modules/.2.1.0@egg-cors/app.js",
    "start": 1534751192232,
    "end": 1534751192232,
    "duration": 0,
    "pid": 8236,
    "index": 66
  },
  {
    "name": "Require(54) node_modules/.2.2.0@egg-view-nunjucks/app.js",
    "start": 1534751192232,
    "end": 1534751192232,
    "duration": 0,
    "pid": 8236,
    "index": 67
  },
  {
    "name": "Load Service",
    "start": 1534751192233,
    "end": 1534751192481,
    "duration": 248,
    "pid": 8236,
    "index": 68
  },
  {
    "name": "Load \"service\" to Context",
    "start": 1534751192233,
    "end": 1534751192481,
    "duration": 248,
    "pid": 8236,
    "index": 69
  },
  {
    "name": "Load Middleware",
    "start": 1534751192481,
    "end": 1534751192537,
    "duration": 56,
    "pid": 8236,
    "index": 70
  },
  {
    "name": "Load \"middlewares\" to Application",
    "start": 1534751192482,
    "end": 1534751192530,
    "duration": 48,
    "pid": 8236,
    "index": 71
  },
  {
    "name": "Load Controller",
    "start": 1534751192537,
    "end": 1534751192542,
    "duration": 5,
    "pid": 8236,
    "index": 72
  },
  {
    "name": "Load \"controller\" to Application",
    "start": 1534751192537,
    "end": 1534751192542,
    "duration": 5,
    "pid": 8236,
    "index": 73
  },
  {
    "name": "Load Router",
    "start": 1534751192542,
    "end": 1534751192544,
    "duration": 2,
    "pid": 8236,
    "index": 74
  },
  {
    "name": "Require(55) app/router.js",
    "start": 1534751192542,
    "end": 1534751192543,
    "duration": 1,
    "pid": 8236,
    "index": 75
  },
  {
    "name": "Before Start in node_modules/.4.9.1@egg-core/lib/egg.js:328:10",
    "start": 1534751192543,
    "end": 1534751192570,
    "duration": 27,
    "pid": 8236,
    "index": 76
  },
  {
    "name": "Load \"model\" to Application",
    "start": 1534751192554,
    "end": 1534751192569,
    "duration": 15,
    "pid": 8236,
    "index": 77
  }
]