[
  {
    "name": "Application Start",
    "start": 1534758657515,
    "end": 1534758659934,
    "duration": 2419,
    "pid": 15552,
    "index": 0
  },
  {
    "name": "Load Plugin",
    "start": 1534758657521,
    "end": 1534758657540,
    "duration": 19,
    "pid": 15552,
    "index": 1
  },
  {
    "name": "Load Config",
    "start": 1534758657540,
    "end": 1534758657560,
    "duration": 20,
    "pid": 15552,
    "index": 2
  },
  {
    "name": "Require(0) config/config.default.js",
    "start": 1534758657541,
    "end": 1534758657541,
    "duration": 0,
    "pid": 15552,
    "index": 3
  },
  {
    "name": "Require(1) node_modules/.3.1.0@egg-session/config/config.default.js",
    "start": 1534758657543,
    "end": 1534758657543,
    "duration": 0,
    "pid": 15552,
    "index": 4
  },
  {
    "name": "Require(2) node_modules/.2.2.3@egg-security/config/config.default.js",
    "start": 1534758657543,
    "end": 1534758657544,
    "duration": 1,
    "pid": 15552,
    "index": 5
  },
  {
    "name": "Require(3) node_modules/.2.0.0@egg-jsonp/config/config.default.js",
    "start": 1534758657544,
    "end": 1534758657544,
    "duration": 0,
    "pid": 15552,
    "index": 6
  },
  {
    "name": "Require(4) node_modules/.2.1.0@egg-onerror/config/config.default.js",
    "start": 1534758657545,
    "end": 1534758657545,
    "duration": 0,
    "pid": 15552,
    "index": 7
  },
  {
    "name": "Require(5) node_modules/.2.0.0@egg-i18n/config/config.default.js",
    "start": 1534758657545,
    "end": 1534758657546,
    "duration": 1,
    "pid": 15552,
    "index": 8
  },
  {
    "name": "Require(6) node_modules/.3.0.0@egg-watcher/config/config.default.js",
    "start": 1534758657546,
    "end": 1534758657546,
    "duration": 0,
    "pid": 15552,
    "index": 9
  },
  {
    "name": "Require(7) node_modules/.2.0.0@egg-multipart/config/config.default.js",
    "start": 1534758657547,
    "end": 1534758657547,
    "duration": 0,
    "pid": 15552,
    "index": 10
  },
  {
    "name": "Require(8) node_modules/.2.3.1@egg-development/config/config.default.js",
    "start": 1534758657547,
    "end": 1534758657548,
    "duration": 1,
    "pid": 15552,
    "index": 11
  },
  {
    "name": "Require(9) node_modules/.3.3.0@egg-schedule/config/config.default.js",
    "start": 1534758657548,
    "end": 1534758657548,
    "duration": 0,
    "pid": 15552,
    "index": 12
  },
  {
    "name": "Require(10) node_modules/.3.0.3@egg-logrotator/config/config.default.js",
    "start": 1534758657549,
    "end": 1534758657549,
    "duration": 0,
    "pid": 15552,
    "index": 13
  },
  {
    "name": "Require(11) node_modules/.2.1.1@egg-static/config/config.default.js",
    "start": 1534758657549,
    "end": 1534758657549,
    "duration": 0,
    "pid": 15552,
    "index": 14
  },
  {
    "name": "Require(12) node_modules/.2.1.0@egg-view/config/config.default.js",
    "start": 1534758657550,
    "end": 1534758657550,
    "duration": 0,
    "pid": 15552,
    "index": 15
  },
  {
    "name": "Require(13) node_modules/.3.1.0@egg-mongoose/config/config.default.js",
    "start": 1534758657551,
    "end": 1534758657551,
    "duration": 0,
    "pid": 15552,
    "index": 16
  },
  {
    "name": "Require(14) node_modules/.2.1.0@egg-cors/config/config.default.js",
    "start": 1534758657551,
    "end": 1534758657552,
    "duration": 1,
    "pid": 15552,
    "index": 17
  },
  {
    "name": "Require(15) node_modules/.2.2.0@egg-view-nunjucks/config/config.default.js",
    "start": 1534758657552,
    "end": 1534758657552,
    "duration": 0,
    "pid": 15552,
    "index": 18
  },
  {
    "name": "Require(16) node_modules/.2.9.1@egg/config/config.default.js",
    "start": 1534758657552,
    "end": 1534758657553,
    "duration": 1,
    "pid": 15552,
    "index": 19
  },
  {
    "name": "Require(17) config/config.default.js",
    "start": 1534758657554,
    "end": 1534758657554,
    "duration": 0,
    "pid": 15552,
    "index": 20
  },
  {
    "name": "Require(18) node_modules/.2.2.3@egg-security/config/config.local.js",
    "start": 1534758657556,
    "end": 1534758657557,
    "duration": 1,
    "pid": 15552,
    "index": 21
  },
  {
    "name": "Require(19) node_modules/.3.0.0@egg-watcher/config/config.local.js",
    "start": 1534758657558,
    "end": 1534758657558,
    "duration": 0,
    "pid": 15552,
    "index": 22
  },
  {
    "name": "Require(20) node_modules/.2.1.0@egg-view/config/config.local.js",
    "start": 1534758657559,
    "end": 1534758657559,
    "duration": 0,
    "pid": 15552,
    "index": 23
  },
  {
    "name": "Require(21) node_modules/.2.2.0@egg-view-nunjucks/config/config.local.js",
    "start": 1534758657560,
    "end": 1534758657560,
    "duration": 0,
    "pid": 15552,
    "index": 24
  },
  {
    "name": "Require(22) node_modules/.2.9.1@egg/config/config.local.js",
    "start": 1534758657560,
    "end": 1534758657560,
    "duration": 0,
    "pid": 15552,
    "index": 25
  },
  {
    "name": "Load extend/application.js",
    "start": 1534758657561,
    "end": 1534758657620,
    "duration": 59,
    "pid": 15552,
    "index": 26
  },
  {
    "name": "Require(23) node_modules/.3.1.0@egg-session/app/extend/application.js",
    "start": 1534758657562,
    "end": 1534758657562,
    "duration": 0,
    "pid": 15552,
    "index": 27
  },
  {
    "name": "Require(24) node_modules/.2.2.3@egg-security/app/extend/application.js",
    "start": 1534758657563,
    "end": 1534758657563,
    "duration": 0,
    "pid": 15552,
    "index": 28
  },
  {
    "name": "Require(25) node_modules/.2.0.0@egg-jsonp/app/extend/application.js",
    "start": 1534758657564,
    "end": 1534758657565,
    "duration": 1,
    "pid": 15552,
    "index": 29
  },
  {
    "name": "Require(26) node_modules/.3.0.3@egg-logrotator/app/extend/application.js",
    "start": 1534758657566,
    "end": 1534758657568,
    "duration": 2,
    "pid": 15552,
    "index": 30
  },
  {
    "name": "Require(27) node_modules/.2.1.0@egg-view/app/extend/application.js",
    "start": 1534758657569,
    "end": 1534758657570,
    "duration": 1,
    "pid": 15552,
    "index": 31
  },
  {
    "name": "Require(28) node_modules/.2.2.0@egg-view-nunjucks/app/extend/application.js",
    "start": 1534758657570,
    "end": 1534758657617,
    "duration": 47,
    "pid": 15552,
    "index": 32
  },
  {
    "name": "Load extend/request.js",
    "start": 1534758657620,
    "end": 1534758657624,
    "duration": 4,
    "pid": 15552,
    "index": 33
  },
  {
    "name": "Require(29) node_modules/.2.9.1@egg/app/extend/request.js",
    "start": 1534758657621,
    "end": 1534758657623,
    "duration": 2,
    "pid": 15552,
    "index": 34
  },
  {
    "name": "Load extend/response.js",
    "start": 1534758657625,
    "end": 1534758657630,
    "duration": 5,
    "pid": 15552,
    "index": 35
  },
  {
    "name": "Require(30) node_modules/.2.9.1@egg/app/extend/response.js",
    "start": 1534758657626,
    "end": 1534758657628,
    "duration": 2,
    "pid": 15552,
    "index": 36
  },
  {
    "name": "Load extend/context.js",
    "start": 1534758657630,
    "end": 1534758657687,
    "duration": 57,
    "pid": 15552,
    "index": 37
  },
  {
    "name": "Require(31) node_modules/.2.2.3@egg-security/app/extend/context.js",
    "start": 1534758657630,
    "end": 1534758657639,
    "duration": 9,
    "pid": 15552,
    "index": 38
  },
  {
    "name": "Require(32) node_modules/.2.0.0@egg-jsonp/app/extend/context.js",
    "start": 1534758657640,
    "end": 1534758657641,
    "duration": 1,
    "pid": 15552,
    "index": 39
  },
  {
    "name": "Require(33) node_modules/.2.0.0@egg-i18n/app/extend/context.js",
    "start": 1534758657641,
    "end": 1534758657642,
    "duration": 1,
    "pid": 15552,
    "index": 40
  },
  {
    "name": "Require(34) node_modules/.2.0.0@egg-multipart/app/extend/context.js",
    "start": 1534758657642,
    "end": 1534758657677,
    "duration": 35,
    "pid": 15552,
    "index": 41
  },
  {
    "name": "Require(35) node_modules/.2.1.0@egg-view/app/extend/context.js",
    "start": 1534758657681,
    "end": 1534758657682,
    "duration": 1,
    "pid": 15552,
    "index": 42
  },
  {
    "name": "Require(36) node_modules/.1.0.0@egg-validate/app/extend/context.js",
    "start": 1534758657683,
    "end": 1534758657683,
    "duration": 0,
    "pid": 15552,
    "index": 43
  },
  {
    "name": "Require(37) node_modules/.3.1.0@egg-mongoose/app/extend/context.js",
    "start": 1534758657683,
    "end": 1534758657683,
    "duration": 0,
    "pid": 15552,
    "index": 44
  },
  {
    "name": "Require(38) node_modules/.2.9.1@egg/app/extend/context.js",
    "start": 1534758657684,
    "end": 1534758657685,
    "duration": 1,
    "pid": 15552,
    "index": 45
  },
  {
    "name": "Load extend/helper.js",
    "start": 1534758657687,
    "end": 1534758657702,
    "duration": 15,
    "pid": 15552,
    "index": 46
  },
  {
    "name": "Require(39) node_modules/.2.2.3@egg-security/app/extend/helper.js",
    "start": 1534758657687,
    "end": 1534758657699,
    "duration": 12,
    "pid": 15552,
    "index": 47
  },
  {
    "name": "Require(40) node_modules/.2.9.1@egg/app/extend/helper.js",
    "start": 1534758657700,
    "end": 1534758657700,
    "duration": 0,
    "pid": 15552,
    "index": 48
  },
  {
    "name": "Load app.js",
    "start": 1534758657702,
    "end": 1534758658526,
    "duration": 824,
    "pid": 15552,
    "index": 49
  },
  {
    "name": "Require(41) node_modules/.3.1.0@egg-session/app.js",
    "start": 1534758657702,
    "end": 1534758657702,
    "duration": 0,
    "pid": 15552,
    "index": 50
  },
  {
    "name": "Require(42) node_modules/.2.2.3@egg-security/app.js",
    "start": 1534758657703,
    "end": 1534758657704,
    "duration": 1,
    "pid": 15552,
    "index": 51
  },
  {
    "name": "Require(43) node_modules/.2.1.0@egg-onerror/app.js",
    "start": 1534758657704,
    "end": 1534758657711,
    "duration": 7,
    "pid": 15552,
    "index": 52
  },
  {
    "name": "Require(44) node_modules/.2.0.0@egg-i18n/app.js",
    "start": 1534758657711,
    "end": 1534758657719,
    "duration": 8,
    "pid": 15552,
    "index": 53
  },
  {
    "name": "Require(45) node_modules/.3.0.0@egg-watcher/app.js",
    "start": 1534758657721,
    "end": 1534758657724,
    "duration": 3,
    "pid": 15552,
    "index": 54
  },
  {
    "name": "Before Start in node_modules/.3.0.0@egg-watcher/app.js:15:7",
    "start": 1534758657733,
    "end": 1534758658920,
    "duration": 1187,
    "pid": 15552,
    "index": 55
  },
  {
    "name": "Require(46) node_modules/.2.0.0@egg-multipart/app.js",
    "start": 1534758657734,
    "end": 1534758657736,
    "duration": 2,
    "pid": 15552,
    "index": 56
  },
  {
    "name": "Require(47) node_modules/.2.3.1@egg-development/app.js",
    "start": 1534758657737,
    "end": 1534758657738,
    "duration": 1,
    "pid": 15552,
    "index": 57
  },
  {
    "name": "Before Start in node_modules/.2.3.1@egg-development/app.js:12:7",
    "start": 1534758657738,
    "end": 1534758658918,
    "duration": 1180,
    "pid": 15552,
    "index": 58
  },
  {
    "name": "Require(48) node_modules/.3.3.0@egg-schedule/app.js",
    "start": 1534758657741,
    "end": 1534758657742,
    "duration": 1,
    "pid": 15552,
    "index": 59
  },
  {
    "name": "Require(49) node_modules/.3.0.3@egg-logrotator/app.js",
    "start": 1534758657770,
    "end": 1534758657771,
    "duration": 1,
    "pid": 15552,
    "index": 60
  },
  {
    "name": "Require(50) node_modules/.2.1.1@egg-static/app.js",
    "start": 1534758657771,
    "end": 1534758657771,
    "duration": 0,
    "pid": 15552,
    "index": 61
  },
  {
    "name": "Require(51) node_modules/.1.0.0@egg-validate/app.js",
    "start": 1534758657772,
    "end": 1534758657773,
    "duration": 1,
    "pid": 15552,
    "index": 62
  },
  {
    "name": "Require(52) node_modules/.3.1.0@egg-mongoose/app.js",
    "start": 1534758657773,
    "end": 1534758657773,
    "duration": 0,
    "pid": 15552,
    "index": 63
  },
  {
    "name": "Before Start in node_modules/.3.1.0@egg-mongoose/lib/mongoose.js:77:7",
    "start": 1534758658523,
    "end": 1534758659933,
    "duration": 1410,
    "pid": 15552,
    "index": 64
  },
  {
    "name": "Before Start in node_modules/.3.1.0@egg-mongoose/lib/mongoose.js:42:9",
    "start": 1534758658523,
    "end": 1534758658873,
    "duration": 350,
    "pid": 15552,
    "index": 65
  },
  {
    "name": "Require(53) node_modules/.2.1.0@egg-cors/app.js",
    "start": 1534758658524,
    "end": 1534758658524,
    "duration": 0,
    "pid": 15552,
    "index": 66
  },
  {
    "name": "Require(54) node_modules/.2.2.0@egg-view-nunjucks/app.js",
    "start": 1534758658524,
    "end": 1534758658525,
    "duration": 1,
    "pid": 15552,
    "index": 67
  },
  {
    "name": "Load Service",
    "start": 1534758658526,
    "end": 1534758658782,
    "duration": 256,
    "pid": 15552,
    "index": 68
  },
  {
    "name": "Load \"service\" to Context",
    "start": 1534758658526,
    "end": 1534758658782,
    "duration": 256,
    "pid": 15552,
    "index": 69
  },
  {
    "name": "Load Middleware",
    "start": 1534758658782,
    "end": 1534758658838,
    "duration": 56,
    "pid": 15552,
    "index": 70
  },
  {
    "name": "Load \"middlewares\" to Application",
    "start": 1534758658782,
    "end": 1534758658831,
    "duration": 49,
    "pid": 15552,
    "index": 71
  },
  {
    "name": "Load Controller",
    "start": 1534758658838,
    "end": 1534758658843,
    "duration": 5,
    "pid": 15552,
    "index": 72
  },
  {
    "name": "Load \"controller\" to Application",
    "start": 1534758658838,
    "end": 1534758658843,
    "duration": 5,
    "pid": 15552,
    "index": 73
  },
  {
    "name": "Load Router",
    "start": 1534758658843,
    "end": 1534758658845,
    "duration": 2,
    "pid": 15552,
    "index": 74
  },
  {
    "name": "Require(55) app/router.js",
    "start": 1534758658843,
    "end": 1534758658843,
    "duration": 0,
    "pid": 15552,
    "index": 75
  },
  {
    "name": "Before Start in node_modules/.4.9.1@egg-core/lib/egg.js:328:10",
    "start": 1534758658844,
    "end": 1534758658873,
    "duration": 29,
    "pid": 15552,
    "index": 76
  },
  {
    "name": "Load \"model\" to Application",
    "start": 1534758658856,
    "end": 1534758658872,
    "duration": 16,
    "pid": 15552,
    "index": 77
  }
]