[
  {
    "name": "Application Start",
    "start": 1534754242945,
    "end": 1534754245325,
    "duration": 2380,
    "pid": 14428,
    "index": 0
  },
  {
    "name": "Load Plugin",
    "start": 1534754242949,
    "end": 1534754242966,
    "duration": 17,
    "pid": 14428,
    "index": 1
  },
  {
    "name": "Load Config",
    "start": 1534754242966,
    "end": 1534754242984,
    "duration": 18,
    "pid": 14428,
    "index": 2
  },
  {
    "name": "Require(0) config/config.default.js",
    "start": 1534754242966,
    "end": 1534754242967,
    "duration": 1,
    "pid": 14428,
    "index": 3
  },
  {
    "name": "Require(1) node_modules/.3.1.0@egg-session/config/config.default.js",
    "start": 1534754242968,
    "end": 1534754242968,
    "duration": 0,
    "pid": 14428,
    "index": 4
  },
  {
    "name": "Require(2) node_modules/.2.2.3@egg-security/config/config.default.js",
    "start": 1534754242968,
    "end": 1534754242969,
    "duration": 1,
    "pid": 14428,
    "index": 5
  },
  {
    "name": "Require(3) node_modules/.2.0.0@egg-jsonp/config/config.default.js",
    "start": 1534754242969,
    "end": 1534754242970,
    "duration": 1,
    "pid": 14428,
    "index": 6
  },
  {
    "name": "Require(4) node_modules/.2.1.0@egg-onerror/config/config.default.js",
    "start": 1534754242970,
    "end": 1534754242970,
    "duration": 0,
    "pid": 14428,
    "index": 7
  },
  {
    "name": "Require(5) node_modules/.2.0.0@egg-i18n/config/config.default.js",
    "start": 1534754242970,
    "end": 1534754242971,
    "duration": 1,
    "pid": 14428,
    "index": 8
  },
  {
    "name": "Require(6) node_modules/.3.0.0@egg-watcher/config/config.default.js",
    "start": 1534754242971,
    "end": 1534754242971,
    "duration": 0,
    "pid": 14428,
    "index": 9
  },
  {
    "name": "Require(7) node_modules/.2.0.0@egg-multipart/config/config.default.js",
    "start": 1534754242972,
    "end": 1534754242972,
    "duration": 0,
    "pid": 14428,
    "index": 10
  },
  {
    "name": "Require(8) node_modules/.2.3.1@egg-development/config/config.default.js",
    "start": 1534754242972,
    "end": 1534754242972,
    "duration": 0,
    "pid": 14428,
    "index": 11
  },
  {
    "name": "Require(9) node_modules/.3.3.0@egg-schedule/config/config.default.js",
    "start": 1534754242973,
    "end": 1534754242973,
    "duration": 0,
    "pid": 14428,
    "index": 12
  },
  {
    "name": "Require(10) node_modules/.3.0.3@egg-logrotator/config/config.default.js",
    "start": 1534754242973,
    "end": 1534754242973,
    "duration": 0,
    "pid": 14428,
    "index": 13
  },
  {
    "name": "Require(11) node_modules/.2.1.1@egg-static/config/config.default.js",
    "start": 1534754242974,
    "end": 1534754242974,
    "duration": 0,
    "pid": 14428,
    "index": 14
  },
  {
    "name": "Require(12) node_modules/.2.1.0@egg-view/config/config.default.js",
    "start": 1534754242974,
    "end": 1534754242974,
    "duration": 0,
    "pid": 14428,
    "index": 15
  },
  {
    "name": "Require(13) node_modules/.3.1.0@egg-mongoose/config/config.default.js",
    "start": 1534754242975,
    "end": 1534754242975,
    "duration": 0,
    "pid": 14428,
    "index": 16
  },
  {
    "name": "Require(14) node_modules/.2.1.0@egg-cors/config/config.default.js",
    "start": 1534754242976,
    "end": 1534754242976,
    "duration": 0,
    "pid": 14428,
    "index": 17
  },
  {
    "name": "Require(15) node_modules/.2.2.0@egg-view-nunjucks/config/config.default.js",
    "start": 1534754242976,
    "end": 1534754242978,
    "duration": 2,
    "pid": 14428,
    "index": 18
  },
  {
    "name": "Require(16) node_modules/.2.9.1@egg/config/config.default.js",
    "start": 1534754242978,
    "end": 1534754242979,
    "duration": 1,
    "pid": 14428,
    "index": 19
  },
  {
    "name": "Require(17) config/config.default.js",
    "start": 1534754242980,
    "end": 1534754242980,
    "duration": 0,
    "pid": 14428,
    "index": 20
  },
  {
    "name": "Require(18) node_modules/.2.2.3@egg-security/config/config.local.js",
    "start": 1534754242980,
    "end": 1534754242981,
    "duration": 1,
    "pid": 14428,
    "index": 21
  },
  {
    "name": "Require(19) node_modules/.3.0.0@egg-watcher/config/config.local.js",
    "start": 1534754242982,
    "end": 1534754242982,
    "duration": 0,
    "pid": 14428,
    "index": 22
  },
  {
    "name": "Require(20) node_modules/.2.1.0@egg-view/config/config.local.js",
    "start": 1534754242983,
    "end": 1534754242983,
    "duration": 0,
    "pid": 14428,
    "index": 23
  },
  {
    "name": "Require(21) node_modules/.2.2.0@egg-view-nunjucks/config/config.local.js",
    "start": 1534754242983,
    "end": 1534754242984,
    "duration": 1,
    "pid": 14428,
    "index": 24
  },
  {
    "name": "Require(22) node_modules/.2.9.1@egg/config/config.local.js",
    "start": 1534754242984,
    "end": 1534754242984,
    "duration": 0,
    "pid": 14428,
    "index": 25
  },
  {
    "name": "Load extend/application.js",
    "start": 1534754242985,
    "end": 1534754243040,
    "duration": 55,
    "pid": 14428,
    "index": 26
  },
  {
    "name": "Require(23) node_modules/.3.1.0@egg-session/app/extend/application.js",
    "start": 1534754242985,
    "end": 1534754242986,
    "duration": 1,
    "pid": 14428,
    "index": 27
  },
  {
    "name": "Require(24) node_modules/.2.2.3@egg-security/app/extend/application.js",
    "start": 1534754242986,
    "end": 1534754242987,
    "duration": 1,
    "pid": 14428,
    "index": 28
  },
  {
    "name": "Require(25) node_modules/.2.0.0@egg-jsonp/app/extend/application.js",
    "start": 1534754242987,
    "end": 1534754242988,
    "duration": 1,
    "pid": 14428,
    "index": 29
  },
  {
    "name": "Require(26) node_modules/.3.0.3@egg-logrotator/app/extend/application.js",
    "start": 1534754242989,
    "end": 1534754242991,
    "duration": 2,
    "pid": 14428,
    "index": 30
  },
  {
    "name": "Require(27) node_modules/.2.1.0@egg-view/app/extend/application.js",
    "start": 1534754242991,
    "end": 1534754242993,
    "duration": 2,
    "pid": 14428,
    "index": 31
  },
  {
    "name": "Require(28) node_modules/.2.2.0@egg-view-nunjucks/app/extend/application.js",
    "start": 1534754242994,
    "end": 1534754243038,
    "duration": 44,
    "pid": 14428,
    "index": 32
  },
  {
    "name": "Load extend/request.js",
    "start": 1534754243040,
    "end": 1534754243046,
    "duration": 6,
    "pid": 14428,
    "index": 33
  },
  {
    "name": "Require(29) node_modules/.2.9.1@egg/app/extend/request.js",
    "start": 1534754243042,
    "end": 1534754243044,
    "duration": 2,
    "pid": 14428,
    "index": 34
  },
  {
    "name": "Load extend/response.js",
    "start": 1534754243046,
    "end": 1534754243051,
    "duration": 5,
    "pid": 14428,
    "index": 35
  },
  {
    "name": "Require(30) node_modules/.2.9.1@egg/app/extend/response.js",
    "start": 1534754243048,
    "end": 1534754243049,
    "duration": 1,
    "pid": 14428,
    "index": 36
  },
  {
    "name": "Load extend/context.js",
    "start": 1534754243051,
    "end": 1534754243103,
    "duration": 52,
    "pid": 14428,
    "index": 37
  },
  {
    "name": "Require(31) node_modules/.2.2.3@egg-security/app/extend/context.js",
    "start": 1534754243052,
    "end": 1534754243060,
    "duration": 8,
    "pid": 14428,
    "index": 38
  },
  {
    "name": "Require(32) node_modules/.2.0.0@egg-jsonp/app/extend/context.js",
    "start": 1534754243061,
    "end": 1534754243062,
    "duration": 1,
    "pid": 14428,
    "index": 39
  },
  {
    "name": "Require(33) node_modules/.2.0.0@egg-i18n/app/extend/context.js",
    "start": 1534754243062,
    "end": 1534754243062,
    "duration": 0,
    "pid": 14428,
    "index": 40
  },
  {
    "name": "Require(34) node_modules/.2.0.0@egg-multipart/app/extend/context.js",
    "start": 1534754243063,
    "end": 1534754243096,
    "duration": 33,
    "pid": 14428,
    "index": 41
  },
  {
    "name": "Require(35) node_modules/.2.1.0@egg-view/app/extend/context.js",
    "start": 1534754243097,
    "end": 1534754243098,
    "duration": 1,
    "pid": 14428,
    "index": 42
  },
  {
    "name": "Require(36) node_modules/.1.0.0@egg-validate/app/extend/context.js",
    "start": 1534754243098,
    "end": 1534754243098,
    "duration": 0,
    "pid": 14428,
    "index": 43
  },
  {
    "name": "Require(37) node_modules/.3.1.0@egg-mongoose/app/extend/context.js",
    "start": 1534754243099,
    "end": 1534754243099,
    "duration": 0,
    "pid": 14428,
    "index": 44
  },
  {
    "name": "Require(38) node_modules/.2.9.1@egg/app/extend/context.js",
    "start": 1534754243099,
    "end": 1534754243101,
    "duration": 2,
    "pid": 14428,
    "index": 45
  },
  {
    "name": "Load extend/helper.js",
    "start": 1534754243103,
    "end": 1534754243121,
    "duration": 18,
    "pid": 14428,
    "index": 46
  },
  {
    "name": "Require(39) node_modules/.2.2.3@egg-security/app/extend/helper.js",
    "start": 1534754243103,
    "end": 1534754243118,
    "duration": 15,
    "pid": 14428,
    "index": 47
  },
  {
    "name": "Require(40) node_modules/.2.9.1@egg/app/extend/helper.js",
    "start": 1534754243119,
    "end": 1534754243119,
    "duration": 0,
    "pid": 14428,
    "index": 48
  },
  {
    "name": "Load app.js",
    "start": 1534754243121,
    "end": 1534754243935,
    "duration": 814,
    "pid": 14428,
    "index": 49
  },
  {
    "name": "Require(41) node_modules/.3.1.0@egg-session/app.js",
    "start": 1534754243121,
    "end": 1534754243121,
    "duration": 0,
    "pid": 14428,
    "index": 50
  },
  {
    "name": "Require(42) node_modules/.2.2.3@egg-security/app.js",
    "start": 1534754243121,
    "end": 1534754243123,
    "duration": 2,
    "pid": 14428,
    "index": 51
  },
  {
    "name": "Require(43) node_modules/.2.1.0@egg-onerror/app.js",
    "start": 1534754243123,
    "end": 1534754243129,
    "duration": 6,
    "pid": 14428,
    "index": 52
  },
  {
    "name": "Require(44) node_modules/.2.0.0@egg-i18n/app.js",
    "start": 1534754243130,
    "end": 1534754243138,
    "duration": 8,
    "pid": 14428,
    "index": 53
  },
  {
    "name": "Require(45) node_modules/.3.0.0@egg-watcher/app.js",
    "start": 1534754243140,
    "end": 1534754243143,
    "duration": 3,
    "pid": 14428,
    "index": 54
  },
  {
    "name": "Before Start in node_modules/.3.0.0@egg-watcher/app.js:15:7",
    "start": 1534754243152,
    "end": 1534754244322,
    "duration": 1170,
    "pid": 14428,
    "index": 55
  },
  {
    "name": "Require(46) node_modules/.2.0.0@egg-multipart/app.js",
    "start": 1534754243153,
    "end": 1534754243155,
    "duration": 2,
    "pid": 14428,
    "index": 56
  },
  {
    "name": "Require(47) node_modules/.2.3.1@egg-development/app.js",
    "start": 1534754243155,
    "end": 1534754243157,
    "duration": 2,
    "pid": 14428,
    "index": 57
  },
  {
    "name": "Before Start in node_modules/.2.3.1@egg-development/app.js:12:7",
    "start": 1534754243157,
    "end": 1534754244322,
    "duration": 1165,
    "pid": 14428,
    "index": 58
  },
  {
    "name": "Require(48) node_modules/.3.3.0@egg-schedule/app.js",
    "start": 1534754243157,
    "end": 1534754243159,
    "duration": 2,
    "pid": 14428,
    "index": 59
  },
  {
    "name": "Require(49) node_modules/.3.0.3@egg-logrotator/app.js",
    "start": 1534754243185,
    "end": 1534754243185,
    "duration": 0,
    "pid": 14428,
    "index": 60
  },
  {
    "name": "Require(50) node_modules/.2.1.1@egg-static/app.js",
    "start": 1534754243185,
    "end": 1534754243186,
    "duration": 1,
    "pid": 14428,
    "index": 61
  },
  {
    "name": "Require(51) node_modules/.1.0.0@egg-validate/app.js",
    "start": 1534754243186,
    "end": 1534754243187,
    "duration": 1,
    "pid": 14428,
    "index": 62
  },
  {
    "name": "Require(52) node_modules/.3.1.0@egg-mongoose/app.js",
    "start": 1534754243188,
    "end": 1534754243188,
    "duration": 0,
    "pid": 14428,
    "index": 63
  },
  {
    "name": "Before Start in node_modules/.3.1.0@egg-mongoose/lib/mongoose.js:77:7",
    "start": 1534754243933,
    "end": 1534754245325,
    "duration": 1392,
    "pid": 14428,
    "index": 64
  },
  {
    "name": "Before Start in node_modules/.3.1.0@egg-mongoose/lib/mongoose.js:42:9",
    "start": 1534754243933,
    "end": 1534754244279,
    "duration": 346,
    "pid": 14428,
    "index": 65
  },
  {
    "name": "Require(53) node_modules/.2.1.0@egg-cors/app.js",
    "start": 1534754243933,
    "end": 1534754243934,
    "duration": 1,
    "pid": 14428,
    "index": 66
  },
  {
    "name": "Require(54) node_modules/.2.2.0@egg-view-nunjucks/app.js",
    "start": 1534754243934,
    "end": 1534754243934,
    "duration": 0,
    "pid": 14428,
    "index": 67
  },
  {
    "name": "Load Service",
    "start": 1534754243935,
    "end": 1534754244187,
    "duration": 252,
    "pid": 14428,
    "index": 68
  },
  {
    "name": "Load \"service\" to Context",
    "start": 1534754243935,
    "end": 1534754244187,
    "duration": 252,
    "pid": 14428,
    "index": 69
  },
  {
    "name": "Load Middleware",
    "start": 1534754244187,
    "end": 1534754244245,
    "duration": 58,
    "pid": 14428,
    "index": 70
  },
  {
    "name": "Load \"middlewares\" to Application",
    "start": 1534754244187,
    "end": 1534754244238,
    "duration": 51,
    "pid": 14428,
    "index": 71
  },
  {
    "name": "Load Controller",
    "start": 1534754244245,
    "end": 1534754244250,
    "duration": 5,
    "pid": 14428,
    "index": 72
  },
  {
    "name": "Load \"controller\" to Application",
    "start": 1534754244246,
    "end": 1534754244250,
    "duration": 4,
    "pid": 14428,
    "index": 73
  },
  {
    "name": "Load Router",
    "start": 1534754244250,
    "end": 1534754244252,
    "duration": 2,
    "pid": 14428,
    "index": 74
  },
  {
    "name": "Require(55) app/router.js",
    "start": 1534754244250,
    "end": 1534754244251,
    "duration": 1,
    "pid": 14428,
    "index": 75
  },
  {
    "name": "Before Start in node_modules/.4.9.1@egg-core/lib/egg.js:328:10",
    "start": 1534754244251,
    "end": 1534754244279,
    "duration": 28,
    "pid": 14428,
    "index": 76
  },
  {
    "name": "Load \"model\" to Application",
    "start": 1534754244264,
    "end": 1534754244279,
    "duration": 15,
    "pid": 14428,
    "index": 77
  }
]