[
  {
    "name": "Application Start",
    "start": 1534753536578,
    "end": 1534753538905,
    "duration": 2327,
    "pid": 13852,
    "index": 0
  },
  {
    "name": "Load Plugin",
    "start": 1534753536581,
    "end": 1534753536598,
    "duration": 17,
    "pid": 13852,
    "index": 1
  },
  {
    "name": "Load Config",
    "start": 1534753536598,
    "end": 1534753536615,
    "duration": 17,
    "pid": 13852,
    "index": 2
  },
  {
    "name": "Require(0) config/config.default.js",
    "start": 1534753536598,
    "end": 1534753536599,
    "duration": 1,
    "pid": 13852,
    "index": 3
  },
  {
    "name": "Require(1) node_modules/.3.1.0@egg-session/config/config.default.js",
    "start": 1534753536600,
    "end": 1534753536600,
    "duration": 0,
    "pid": 13852,
    "index": 4
  },
  {
    "name": "Require(2) node_modules/.2.2.3@egg-security/config/config.default.js",
    "start": 1534753536600,
    "end": 1534753536601,
    "duration": 1,
    "pid": 13852,
    "index": 5
  },
  {
    "name": "Require(3) node_modules/.2.0.0@egg-jsonp/config/config.default.js",
    "start": 1534753536601,
    "end": 1534753536602,
    "duration": 1,
    "pid": 13852,
    "index": 6
  },
  {
    "name": "Require(4) node_modules/.2.1.0@egg-onerror/config/config.default.js",
    "start": 1534753536602,
    "end": 1534753536602,
    "duration": 0,
    "pid": 13852,
    "index": 7
  },
  {
    "name": "Require(5) node_modules/.2.0.0@egg-i18n/config/config.default.js",
    "start": 1534753536602,
    "end": 1534753536602,
    "duration": 0,
    "pid": 13852,
    "index": 8
  },
  {
    "name": "Require(6) node_modules/.3.0.0@egg-watcher/config/config.default.js",
    "start": 1534753536603,
    "end": 1534753536603,
    "duration": 0,
    "pid": 13852,
    "index": 9
  },
  {
    "name": "Require(7) node_modules/.2.0.0@egg-multipart/config/config.default.js",
    "start": 1534753536603,
    "end": 1534753536604,
    "duration": 1,
    "pid": 13852,
    "index": 10
  },
  {
    "name": "Require(8) node_modules/.2.3.1@egg-development/config/config.default.js",
    "start": 1534753536604,
    "end": 1534753536604,
    "duration": 0,
    "pid": 13852,
    "index": 11
  },
  {
    "name": "Require(9) node_modules/.3.3.0@egg-schedule/config/config.default.js",
    "start": 1534753536605,
    "end": 1534753536605,
    "duration": 0,
    "pid": 13852,
    "index": 12
  },
  {
    "name": "Require(10) node_modules/.3.0.3@egg-logrotator/config/config.default.js",
    "start": 1534753536605,
    "end": 1534753536606,
    "duration": 1,
    "pid": 13852,
    "index": 13
  },
  {
    "name": "Require(11) node_modules/.2.1.1@egg-static/config/config.default.js",
    "start": 1534753536606,
    "end": 1534753536606,
    "duration": 0,
    "pid": 13852,
    "index": 14
  },
  {
    "name": "Require(12) node_modules/.2.1.0@egg-view/config/config.default.js",
    "start": 1534753536607,
    "end": 1534753536607,
    "duration": 0,
    "pid": 13852,
    "index": 15
  },
  {
    "name": "Require(13) node_modules/.3.1.0@egg-mongoose/config/config.default.js",
    "start": 1534753536608,
    "end": 1534753536608,
    "duration": 0,
    "pid": 13852,
    "index": 16
  },
  {
    "name": "Require(14) node_modules/.2.1.0@egg-cors/config/config.default.js",
    "start": 1534753536608,
    "end": 1534753536608,
    "duration": 0,
    "pid": 13852,
    "index": 17
  },
  {
    "name": "Require(15) node_modules/.2.2.0@egg-view-nunjucks/config/config.default.js",
    "start": 1534753536608,
    "end": 1534753536609,
    "duration": 1,
    "pid": 13852,
    "index": 18
  },
  {
    "name": "Require(16) node_modules/.2.9.1@egg/config/config.default.js",
    "start": 1534753536609,
    "end": 1534753536609,
    "duration": 0,
    "pid": 13852,
    "index": 19
  },
  {
    "name": "Require(17) config/config.default.js",
    "start": 1534753536612,
    "end": 1534753536612,
    "duration": 0,
    "pid": 13852,
    "index": 20
  },
  {
    "name": "Require(18) node_modules/.2.2.3@egg-security/config/config.local.js",
    "start": 1534753536613,
    "end": 1534753536613,
    "duration": 0,
    "pid": 13852,
    "index": 21
  },
  {
    "name": "Require(19) node_modules/.3.0.0@egg-watcher/config/config.local.js",
    "start": 1534753536613,
    "end": 1534753536614,
    "duration": 1,
    "pid": 13852,
    "index": 22
  },
  {
    "name": "Require(20) node_modules/.2.1.0@egg-view/config/config.local.js",
    "start": 1534753536614,
    "end": 1534753536614,
    "duration": 0,
    "pid": 13852,
    "index": 23
  },
  {
    "name": "Require(21) node_modules/.2.2.0@egg-view-nunjucks/config/config.local.js",
    "start": 1534753536615,
    "end": 1534753536615,
    "duration": 0,
    "pid": 13852,
    "index": 24
  },
  {
    "name": "Require(22) node_modules/.2.9.1@egg/config/config.local.js",
    "start": 1534753536615,
    "end": 1534753536615,
    "duration": 0,
    "pid": 13852,
    "index": 25
  },
  {
    "name": "Load extend/application.js",
    "start": 1534753536616,
    "end": 1534753536668,
    "duration": 52,
    "pid": 13852,
    "index": 26
  },
  {
    "name": "Require(23) node_modules/.3.1.0@egg-session/app/extend/application.js",
    "start": 1534753536617,
    "end": 1534753536617,
    "duration": 0,
    "pid": 13852,
    "index": 27
  },
  {
    "name": "Require(24) node_modules/.2.2.3@egg-security/app/extend/application.js",
    "start": 1534753536617,
    "end": 1534753536618,
    "duration": 1,
    "pid": 13852,
    "index": 28
  },
  {
    "name": "Require(25) node_modules/.2.0.0@egg-jsonp/app/extend/application.js",
    "start": 1534753536618,
    "end": 1534753536619,
    "duration": 1,
    "pid": 13852,
    "index": 29
  },
  {
    "name": "Require(26) node_modules/.3.0.3@egg-logrotator/app/extend/application.js",
    "start": 1534753536621,
    "end": 1534753536622,
    "duration": 1,
    "pid": 13852,
    "index": 30
  },
  {
    "name": "Require(27) node_modules/.2.1.0@egg-view/app/extend/application.js",
    "start": 1534753536623,
    "end": 1534753536624,
    "duration": 1,
    "pid": 13852,
    "index": 31
  },
  {
    "name": "Require(28) node_modules/.2.2.0@egg-view-nunjucks/app/extend/application.js",
    "start": 1534753536625,
    "end": 1534753536666,
    "duration": 41,
    "pid": 13852,
    "index": 32
  },
  {
    "name": "Load extend/request.js",
    "start": 1534753536668,
    "end": 1534753536673,
    "duration": 5,
    "pid": 13852,
    "index": 33
  },
  {
    "name": "Require(29) node_modules/.2.9.1@egg/app/extend/request.js",
    "start": 1534753536670,
    "end": 1534753536671,
    "duration": 1,
    "pid": 13852,
    "index": 34
  },
  {
    "name": "Load extend/response.js",
    "start": 1534753536673,
    "end": 1534753536679,
    "duration": 6,
    "pid": 13852,
    "index": 35
  },
  {
    "name": "Require(30) node_modules/.2.9.1@egg/app/extend/response.js",
    "start": 1534753536675,
    "end": 1534753536677,
    "duration": 2,
    "pid": 13852,
    "index": 36
  },
  {
    "name": "Load extend/context.js",
    "start": 1534753536679,
    "end": 1534753536729,
    "duration": 50,
    "pid": 13852,
    "index": 37
  },
  {
    "name": "Require(31) node_modules/.2.2.3@egg-security/app/extend/context.js",
    "start": 1534753536679,
    "end": 1534753536687,
    "duration": 8,
    "pid": 13852,
    "index": 38
  },
  {
    "name": "Require(32) node_modules/.2.0.0@egg-jsonp/app/extend/context.js",
    "start": 1534753536688,
    "end": 1534753536689,
    "duration": 1,
    "pid": 13852,
    "index": 39
  },
  {
    "name": "Require(33) node_modules/.2.0.0@egg-i18n/app/extend/context.js",
    "start": 1534753536689,
    "end": 1534753536689,
    "duration": 0,
    "pid": 13852,
    "index": 40
  },
  {
    "name": "Require(34) node_modules/.2.0.0@egg-multipart/app/extend/context.js",
    "start": 1534753536690,
    "end": 1534753536723,
    "duration": 33,
    "pid": 13852,
    "index": 41
  },
  {
    "name": "Require(35) node_modules/.2.1.0@egg-view/app/extend/context.js",
    "start": 1534753536724,
    "end": 1534753536725,
    "duration": 1,
    "pid": 13852,
    "index": 42
  },
  {
    "name": "Require(36) node_modules/.1.0.0@egg-validate/app/extend/context.js",
    "start": 1534753536725,
    "end": 1534753536725,
    "duration": 0,
    "pid": 13852,
    "index": 43
  },
  {
    "name": "Require(37) node_modules/.3.1.0@egg-mongoose/app/extend/context.js",
    "start": 1534753536726,
    "end": 1534753536726,
    "duration": 0,
    "pid": 13852,
    "index": 44
  },
  {
    "name": "Require(38) node_modules/.2.9.1@egg/app/extend/context.js",
    "start": 1534753536726,
    "end": 1534753536727,
    "duration": 1,
    "pid": 13852,
    "index": 45
  },
  {
    "name": "Load extend/helper.js",
    "start": 1534753536729,
    "end": 1534753536757,
    "duration": 28,
    "pid": 13852,
    "index": 46
  },
  {
    "name": "Require(39) node_modules/.2.2.3@egg-security/app/extend/helper.js",
    "start": 1534753536730,
    "end": 1534753536754,
    "duration": 24,
    "pid": 13852,
    "index": 47
  },
  {
    "name": "Require(40) node_modules/.2.9.1@egg/app/extend/helper.js",
    "start": 1534753536755,
    "end": 1534753536755,
    "duration": 0,
    "pid": 13852,
    "index": 48
  },
  {
    "name": "Load app.js",
    "start": 1534753536757,
    "end": 1534753537516,
    "duration": 759,
    "pid": 13852,
    "index": 49
  },
  {
    "name": "Require(41) node_modules/.3.1.0@egg-session/app.js",
    "start": 1534753536757,
    "end": 1534753536758,
    "duration": 1,
    "pid": 13852,
    "index": 50
  },
  {
    "name": "Require(42) node_modules/.2.2.3@egg-security/app.js",
    "start": 1534753536758,
    "end": 1534753536759,
    "duration": 1,
    "pid": 13852,
    "index": 51
  },
  {
    "name": "Require(43) node_modules/.2.1.0@egg-onerror/app.js",
    "start": 1534753536760,
    "end": 1534753536767,
    "duration": 7,
    "pid": 13852,
    "index": 52
  },
  {
    "name": "Require(44) node_modules/.2.0.0@egg-i18n/app.js",
    "start": 1534753536768,
    "end": 1534753536773,
    "duration": 5,
    "pid": 13852,
    "index": 53
  },
  {
    "name": "Require(45) node_modules/.3.0.0@egg-watcher/app.js",
    "start": 1534753536775,
    "end": 1534753536777,
    "duration": 2,
    "pid": 13852,
    "index": 54
  },
  {
    "name": "Before Start in node_modules/.3.0.0@egg-watcher/app.js:15:7",
    "start": 1534753536783,
    "end": 1534753537900,
    "duration": 1117,
    "pid": 13852,
    "index": 55
  },
  {
    "name": "Require(46) node_modules/.2.0.0@egg-multipart/app.js",
    "start": 1534753536784,
    "end": 1534753536786,
    "duration": 2,
    "pid": 13852,
    "index": 56
  },
  {
    "name": "Require(47) node_modules/.2.3.1@egg-development/app.js",
    "start": 1534753536787,
    "end": 1534753536788,
    "duration": 1,
    "pid": 13852,
    "index": 57
  },
  {
    "name": "Before Start in node_modules/.2.3.1@egg-development/app.js:12:7",
    "start": 1534753536788,
    "end": 1534753537900,
    "duration": 1112,
    "pid": 13852,
    "index": 58
  },
  {
    "name": "Require(48) node_modules/.3.3.0@egg-schedule/app.js",
    "start": 1534753536788,
    "end": 1534753536790,
    "duration": 2,
    "pid": 13852,
    "index": 59
  },
  {
    "name": "Require(49) node_modules/.3.0.3@egg-logrotator/app.js",
    "start": 1534753536816,
    "end": 1534753536817,
    "duration": 1,
    "pid": 13852,
    "index": 60
  },
  {
    "name": "Require(50) node_modules/.2.1.1@egg-static/app.js",
    "start": 1534753536817,
    "end": 1534753536817,
    "duration": 0,
    "pid": 13852,
    "index": 61
  },
  {
    "name": "Require(51) node_modules/.1.0.0@egg-validate/app.js",
    "start": 1534753536817,
    "end": 1534753536819,
    "duration": 2,
    "pid": 13852,
    "index": 62
  },
  {
    "name": "Require(52) node_modules/.3.1.0@egg-mongoose/app.js",
    "start": 1534753536819,
    "end": 1534753536819,
    "duration": 0,
    "pid": 13852,
    "index": 63
  },
  {
    "name": "Before Start in node_modules/.3.1.0@egg-mongoose/lib/mongoose.js:77:7",
    "start": 1534753537514,
    "end": 1534753538904,
    "duration": 1390,
    "pid": 13852,
    "index": 64
  },
  {
    "name": "Before Start in node_modules/.3.1.0@egg-mongoose/lib/mongoose.js:42:9",
    "start": 1534753537514,
    "end": 1534753537861,
    "duration": 347,
    "pid": 13852,
    "index": 65
  },
  {
    "name": "Require(53) node_modules/.2.1.0@egg-cors/app.js",
    "start": 1534753537515,
    "end": 1534753537515,
    "duration": 0,
    "pid": 13852,
    "index": 66
  },
  {
    "name": "Require(54) node_modules/.2.2.0@egg-view-nunjucks/app.js",
    "start": 1534753537515,
    "end": 1534753537515,
    "duration": 0,
    "pid": 13852,
    "index": 67
  },
  {
    "name": "Load Service",
    "start": 1534753537516,
    "end": 1534753537761,
    "duration": 245,
    "pid": 13852,
    "index": 68
  },
  {
    "name": "Load \"service\" to Context",
    "start": 1534753537516,
    "end": 1534753537761,
    "duration": 245,
    "pid": 13852,
    "index": 69
  },
  {
    "name": "Load Middleware",
    "start": 1534753537761,
    "end": 1534753537820,
    "duration": 59,
    "pid": 13852,
    "index": 70
  },
  {
    "name": "Load \"middlewares\" to Application",
    "start": 1534753537761,
    "end": 1534753537812,
    "duration": 51,
    "pid": 13852,
    "index": 71
  },
  {
    "name": "Load Controller",
    "start": 1534753537820,
    "end": 1534753537826,
    "duration": 6,
    "pid": 13852,
    "index": 72
  },
  {
    "name": "Load \"controller\" to Application",
    "start": 1534753537820,
    "end": 1534753537826,
    "duration": 6,
    "pid": 13852,
    "index": 73
  },
  {
    "name": "Load Router",
    "start": 1534753537826,
    "end": 1534753537828,
    "duration": 2,
    "pid": 13852,
    "index": 74
  },
  {
    "name": "Require(55) app/router.js",
    "start": 1534753537826,
    "end": 1534753537826,
    "duration": 0,
    "pid": 13852,
    "index": 75
  },
  {
    "name": "Before Start in node_modules/.4.9.1@egg-core/lib/egg.js:328:10",
    "start": 1534753537827,
    "end": 1534753537861,
    "duration": 34,
    "pid": 13852,
    "index": 76
  },
  {
    "name": "Load \"model\" to Application",
    "start": 1534753537845,
    "end": 1534753537860,
    "duration": 15,
    "pid": 13852,
    "index": 77
  }
]