[
  {
    "name": "Application Start",
    "start": 1534753303712,
    "end": 1534753306084,
    "duration": 2372,
    "pid": 8564,
    "index": 0
  },
  {
    "name": "Load Plugin",
    "start": 1534753303716,
    "end": 1534753303743,
    "duration": 27,
    "pid": 8564,
    "index": 1
  },
  {
    "name": "Load Config",
    "start": 1534753303743,
    "end": 1534753303763,
    "duration": 20,
    "pid": 8564,
    "index": 2
  },
  {
    "name": "Require(0) config/config.default.js",
    "start": 1534753303743,
    "end": 1534753303744,
    "duration": 1,
    "pid": 8564,
    "index": 3
  },
  {
    "name": "Require(1) node_modules/.3.1.0@egg-session/config/config.default.js",
    "start": 1534753303745,
    "end": 1534753303745,
    "duration": 0,
    "pid": 8564,
    "index": 4
  },
  {
    "name": "Require(2) node_modules/.2.2.3@egg-security/config/config.default.js",
    "start": 1534753303746,
    "end": 1534753303746,
    "duration": 0,
    "pid": 8564,
    "index": 5
  },
  {
    "name": "Require(3) node_modules/.2.0.0@egg-jsonp/config/config.default.js",
    "start": 1534753303747,
    "end": 1534753303747,
    "duration": 0,
    "pid": 8564,
    "index": 6
  },
  {
    "name": "Require(4) node_modules/.2.1.0@egg-onerror/config/config.default.js",
    "start": 1534753303747,
    "end": 1534753303748,
    "duration": 1,
    "pid": 8564,
    "index": 7
  },
  {
    "name": "Require(5) node_modules/.2.0.0@egg-i18n/config/config.default.js",
    "start": 1534753303748,
    "end": 1534753303748,
    "duration": 0,
    "pid": 8564,
    "index": 8
  },
  {
    "name": "Require(6) node_modules/.3.0.0@egg-watcher/config/config.default.js",
    "start": 1534753303749,
    "end": 1534753303749,
    "duration": 0,
    "pid": 8564,
    "index": 9
  },
  {
    "name": "Require(7) node_modules/.2.0.0@egg-multipart/config/config.default.js",
    "start": 1534753303749,
    "end": 1534753303750,
    "duration": 1,
    "pid": 8564,
    "index": 10
  },
  {
    "name": "Require(8) node_modules/.2.3.1@egg-development/config/config.default.js",
    "start": 1534753303750,
    "end": 1534753303750,
    "duration": 0,
    "pid": 8564,
    "index": 11
  },
  {
    "name": "Require(9) node_modules/.3.3.0@egg-schedule/config/config.default.js",
    "start": 1534753303751,
    "end": 1534753303751,
    "duration": 0,
    "pid": 8564,
    "index": 12
  },
  {
    "name": "Require(10) node_modules/.3.0.3@egg-logrotator/config/config.default.js",
    "start": 1534753303751,
    "end": 1534753303751,
    "duration": 0,
    "pid": 8564,
    "index": 13
  },
  {
    "name": "Require(11) node_modules/.2.1.1@egg-static/config/config.default.js",
    "start": 1534753303752,
    "end": 1534753303752,
    "duration": 0,
    "pid": 8564,
    "index": 14
  },
  {
    "name": "Require(12) node_modules/.2.1.0@egg-view/config/config.default.js",
    "start": 1534753303753,
    "end": 1534753303753,
    "duration": 0,
    "pid": 8564,
    "index": 15
  },
  {
    "name": "Require(13) node_modules/.3.1.0@egg-mongoose/config/config.default.js",
    "start": 1534753303753,
    "end": 1534753303754,
    "duration": 1,
    "pid": 8564,
    "index": 16
  },
  {
    "name": "Require(14) node_modules/.2.1.0@egg-cors/config/config.default.js",
    "start": 1534753303754,
    "end": 1534753303754,
    "duration": 0,
    "pid": 8564,
    "index": 17
  },
  {
    "name": "Require(15) node_modules/.2.2.0@egg-view-nunjucks/config/config.default.js",
    "start": 1534753303754,
    "end": 1534753303755,
    "duration": 1,
    "pid": 8564,
    "index": 18
  },
  {
    "name": "Require(16) node_modules/.2.9.1@egg/config/config.default.js",
    "start": 1534753303755,
    "end": 1534753303755,
    "duration": 0,
    "pid": 8564,
    "index": 19
  },
  {
    "name": "Require(17) config/config.default.js",
    "start": 1534753303757,
    "end": 1534753303757,
    "duration": 0,
    "pid": 8564,
    "index": 20
  },
  {
    "name": "Require(18) node_modules/.2.2.3@egg-security/config/config.local.js",
    "start": 1534753303759,
    "end": 1534753303759,
    "duration": 0,
    "pid": 8564,
    "index": 21
  },
  {
    "name": "Require(19) node_modules/.3.0.0@egg-watcher/config/config.local.js",
    "start": 1534753303760,
    "end": 1534753303761,
    "duration": 1,
    "pid": 8564,
    "index": 22
  },
  {
    "name": "Require(20) node_modules/.2.1.0@egg-view/config/config.local.js",
    "start": 1534753303761,
    "end": 1534753303762,
    "duration": 1,
    "pid": 8564,
    "index": 23
  },
  {
    "name": "Require(21) node_modules/.2.2.0@egg-view-nunjucks/config/config.local.js",
    "start": 1534753303762,
    "end": 1534753303762,
    "duration": 0,
    "pid": 8564,
    "index": 24
  },
  {
    "name": "Require(22) node_modules/.2.9.1@egg/config/config.local.js",
    "start": 1534753303763,
    "end": 1534753303763,
    "duration": 0,
    "pid": 8564,
    "index": 25
  },
  {
    "name": "Load extend/application.js",
    "start": 1534753303764,
    "end": 1534753303824,
    "duration": 60,
    "pid": 8564,
    "index": 26
  },
  {
    "name": "Require(23) node_modules/.3.1.0@egg-session/app/extend/application.js",
    "start": 1534753303765,
    "end": 1534753303765,
    "duration": 0,
    "pid": 8564,
    "index": 27
  },
  {
    "name": "Require(24) node_modules/.2.2.3@egg-security/app/extend/application.js",
    "start": 1534753303765,
    "end": 1534753303766,
    "duration": 1,
    "pid": 8564,
    "index": 28
  },
  {
    "name": "Require(25) node_modules/.2.0.0@egg-jsonp/app/extend/application.js",
    "start": 1534753303767,
    "end": 1534753303768,
    "duration": 1,
    "pid": 8564,
    "index": 29
  },
  {
    "name": "Require(26) node_modules/.3.0.3@egg-logrotator/app/extend/application.js",
    "start": 1534753303769,
    "end": 1534753303771,
    "duration": 2,
    "pid": 8564,
    "index": 30
  },
  {
    "name": "Require(27) node_modules/.2.1.0@egg-view/app/extend/application.js",
    "start": 1534753303771,
    "end": 1534753303773,
    "duration": 2,
    "pid": 8564,
    "index": 31
  },
  {
    "name": "Require(28) node_modules/.2.2.0@egg-view-nunjucks/app/extend/application.js",
    "start": 1534753303774,
    "end": 1534753303821,
    "duration": 47,
    "pid": 8564,
    "index": 32
  },
  {
    "name": "Load extend/request.js",
    "start": 1534753303824,
    "end": 1534753303829,
    "duration": 5,
    "pid": 8564,
    "index": 33
  },
  {
    "name": "Require(29) node_modules/.2.9.1@egg/app/extend/request.js",
    "start": 1534753303825,
    "end": 1534753303827,
    "duration": 2,
    "pid": 8564,
    "index": 34
  },
  {
    "name": "Load extend/response.js",
    "start": 1534753303829,
    "end": 1534753303835,
    "duration": 6,
    "pid": 8564,
    "index": 35
  },
  {
    "name": "Require(30) node_modules/.2.9.1@egg/app/extend/response.js",
    "start": 1534753303831,
    "end": 1534753303833,
    "duration": 2,
    "pid": 8564,
    "index": 36
  },
  {
    "name": "Load extend/context.js",
    "start": 1534753303835,
    "end": 1534753303892,
    "duration": 57,
    "pid": 8564,
    "index": 37
  },
  {
    "name": "Require(31) node_modules/.2.2.3@egg-security/app/extend/context.js",
    "start": 1534753303835,
    "end": 1534753303844,
    "duration": 9,
    "pid": 8564,
    "index": 38
  },
  {
    "name": "Require(32) node_modules/.2.0.0@egg-jsonp/app/extend/context.js",
    "start": 1534753303845,
    "end": 1534753303846,
    "duration": 1,
    "pid": 8564,
    "index": 39
  },
  {
    "name": "Require(33) node_modules/.2.0.0@egg-i18n/app/extend/context.js",
    "start": 1534753303846,
    "end": 1534753303846,
    "duration": 0,
    "pid": 8564,
    "index": 40
  },
  {
    "name": "Require(34) node_modules/.2.0.0@egg-multipart/app/extend/context.js",
    "start": 1534753303847,
    "end": 1534753303882,
    "duration": 35,
    "pid": 8564,
    "index": 41
  },
  {
    "name": "Require(35) node_modules/.2.1.0@egg-view/app/extend/context.js",
    "start": 1534753303883,
    "end": 1534753303884,
    "duration": 1,
    "pid": 8564,
    "index": 42
  },
  {
    "name": "Require(36) node_modules/.1.0.0@egg-validate/app/extend/context.js",
    "start": 1534753303885,
    "end": 1534753303885,
    "duration": 0,
    "pid": 8564,
    "index": 43
  },
  {
    "name": "Require(37) node_modules/.3.1.0@egg-mongoose/app/extend/context.js",
    "start": 1534753303885,
    "end": 1534753303885,
    "duration": 0,
    "pid": 8564,
    "index": 44
  },
  {
    "name": "Require(38) node_modules/.2.9.1@egg/app/extend/context.js",
    "start": 1534753303886,
    "end": 1534753303890,
    "duration": 4,
    "pid": 8564,
    "index": 45
  },
  {
    "name": "Load extend/helper.js",
    "start": 1534753303892,
    "end": 1534753303908,
    "duration": 16,
    "pid": 8564,
    "index": 46
  },
  {
    "name": "Require(39) node_modules/.2.2.3@egg-security/app/extend/helper.js",
    "start": 1534753303893,
    "end": 1534753303904,
    "duration": 11,
    "pid": 8564,
    "index": 47
  },
  {
    "name": "Require(40) node_modules/.2.9.1@egg/app/extend/helper.js",
    "start": 1534753303906,
    "end": 1534753303906,
    "duration": 0,
    "pid": 8564,
    "index": 48
  },
  {
    "name": "Load app.js",
    "start": 1534753303908,
    "end": 1534753304704,
    "duration": 796,
    "pid": 8564,
    "index": 49
  },
  {
    "name": "Require(41) node_modules/.3.1.0@egg-session/app.js",
    "start": 1534753303909,
    "end": 1534753303909,
    "duration": 0,
    "pid": 8564,
    "index": 50
  },
  {
    "name": "Require(42) node_modules/.2.2.3@egg-security/app.js",
    "start": 1534753303909,
    "end": 1534753303911,
    "duration": 2,
    "pid": 8564,
    "index": 51
  },
  {
    "name": "Require(43) node_modules/.2.1.0@egg-onerror/app.js",
    "start": 1534753303911,
    "end": 1534753303919,
    "duration": 8,
    "pid": 8564,
    "index": 52
  },
  {
    "name": "Require(44) node_modules/.2.0.0@egg-i18n/app.js",
    "start": 1534753303920,
    "end": 1534753303926,
    "duration": 6,
    "pid": 8564,
    "index": 53
  },
  {
    "name": "Require(45) node_modules/.3.0.0@egg-watcher/app.js",
    "start": 1534753303928,
    "end": 1534753303931,
    "duration": 3,
    "pid": 8564,
    "index": 54
  },
  {
    "name": "Before Start in node_modules/.3.0.0@egg-watcher/app.js:15:7",
    "start": 1534753303938,
    "end": 1534753305079,
    "duration": 1141,
    "pid": 8564,
    "index": 55
  },
  {
    "name": "Require(46) node_modules/.2.0.0@egg-multipart/app.js",
    "start": 1534753303938,
    "end": 1534753303941,
    "duration": 3,
    "pid": 8564,
    "index": 56
  },
  {
    "name": "Require(47) node_modules/.2.3.1@egg-development/app.js",
    "start": 1534753303941,
    "end": 1534753303943,
    "duration": 2,
    "pid": 8564,
    "index": 57
  },
  {
    "name": "Before Start in node_modules/.2.3.1@egg-development/app.js:12:7",
    "start": 1534753303943,
    "end": 1534753305080,
    "duration": 1137,
    "pid": 8564,
    "index": 58
  },
  {
    "name": "Require(48) node_modules/.3.3.0@egg-schedule/app.js",
    "start": 1534753303943,
    "end": 1534753303945,
    "duration": 2,
    "pid": 8564,
    "index": 59
  },
  {
    "name": "Require(49) node_modules/.3.0.3@egg-logrotator/app.js",
    "start": 1534753303974,
    "end": 1534753303974,
    "duration": 0,
    "pid": 8564,
    "index": 60
  },
  {
    "name": "Require(50) node_modules/.2.1.1@egg-static/app.js",
    "start": 1534753303974,
    "end": 1534753303975,
    "duration": 1,
    "pid": 8564,
    "index": 61
  },
  {
    "name": "Require(51) node_modules/.1.0.0@egg-validate/app.js",
    "start": 1534753303975,
    "end": 1534753303977,
    "duration": 2,
    "pid": 8564,
    "index": 62
  },
  {
    "name": "Require(52) node_modules/.3.1.0@egg-mongoose/app.js",
    "start": 1534753303977,
    "end": 1534753303977,
    "duration": 0,
    "pid": 8564,
    "index": 63
  },
  {
    "name": "Before Start in node_modules/.3.1.0@egg-mongoose/lib/mongoose.js:77:7",
    "start": 1534753304701,
    "end": 1534753306084,
    "duration": 1383,
    "pid": 8564,
    "index": 64
  },
  {
    "name": "Before Start in node_modules/.3.1.0@egg-mongoose/lib/mongoose.js:42:9",
    "start": 1534753304702,
    "end": 1534753305038,
    "duration": 336,
    "pid": 8564,
    "index": 65
  },
  {
    "name": "Require(53) node_modules/.2.1.0@egg-cors/app.js",
    "start": 1534753304702,
    "end": 1534753304702,
    "duration": 0,
    "pid": 8564,
    "index": 66
  },
  {
    "name": "Require(54) node_modules/.2.2.0@egg-view-nunjucks/app.js",
    "start": 1534753304702,
    "end": 1534753304703,
    "duration": 1,
    "pid": 8564,
    "index": 67
  },
  {
    "name": "Load Service",
    "start": 1534753304704,
    "end": 1534753304949,
    "duration": 245,
    "pid": 8564,
    "index": 68
  },
  {
    "name": "Load \"service\" to Context",
    "start": 1534753304704,
    "end": 1534753304949,
    "duration": 245,
    "pid": 8564,
    "index": 69
  },
  {
    "name": "Load Middleware",
    "start": 1534753304950,
    "end": 1534753305006,
    "duration": 56,
    "pid": 8564,
    "index": 70
  },
  {
    "name": "Load \"middlewares\" to Application",
    "start": 1534753304950,
    "end": 1534753304999,
    "duration": 49,
    "pid": 8564,
    "index": 71
  },
  {
    "name": "Load Controller",
    "start": 1534753305006,
    "end": 1534753305011,
    "duration": 5,
    "pid": 8564,
    "index": 72
  },
  {
    "name": "Load \"controller\" to Application",
    "start": 1534753305006,
    "end": 1534753305011,
    "duration": 5,
    "pid": 8564,
    "index": 73
  },
  {
    "name": "Load Router",
    "start": 1534753305011,
    "end": 1534753305013,
    "duration": 2,
    "pid": 8564,
    "index": 74
  },
  {
    "name": "Require(55) app/router.js",
    "start": 1534753305011,
    "end": 1534753305011,
    "duration": 0,
    "pid": 8564,
    "index": 75
  },
  {
    "name": "Before Start in node_modules/.4.9.1@egg-core/lib/egg.js:328:10",
    "start": 1534753305012,
    "end": 1534753305038,
    "duration": 26,
    "pid": 8564,
    "index": 76
  },
  {
    "name": "Load \"model\" to Application",
    "start": 1534753305023,
    "end": 1534753305037,
    "duration": 14,
    "pid": 8564,
    "index": 77
  }
]