[
  {
    "name": "Application Start",
    "start": 1534758271491,
    "end": 1534758274119,
    "duration": 2628,
    "pid": 14036,
    "index": 0
  },
  {
    "name": "Load Plugin",
    "start": 1534758271497,
    "end": 1534758271515,
    "duration": 18,
    "pid": 14036,
    "index": 1
  },
  {
    "name": "Load Config",
    "start": 1534758271515,
    "end": 1534758271535,
    "duration": 20,
    "pid": 14036,
    "index": 2
  },
  {
    "name": "Require(0) config/config.default.js",
    "start": 1534758271516,
    "end": 1534758271516,
    "duration": 0,
    "pid": 14036,
    "index": 3
  },
  {
    "name": "Require(1) node_modules/.3.1.0@egg-session/config/config.default.js",
    "start": 1534758271517,
    "end": 1534758271518,
    "duration": 1,
    "pid": 14036,
    "index": 4
  },
  {
    "name": "Require(2) node_modules/.2.2.3@egg-security/config/config.default.js",
    "start": 1534758271518,
    "end": 1534758271518,
    "duration": 0,
    "pid": 14036,
    "index": 5
  },
  {
    "name": "Require(3) node_modules/.2.0.0@egg-jsonp/config/config.default.js",
    "start": 1534758271519,
    "end": 1534758271519,
    "duration": 0,
    "pid": 14036,
    "index": 6
  },
  {
    "name": "Require(4) node_modules/.2.1.0@egg-onerror/config/config.default.js",
    "start": 1534758271520,
    "end": 1534758271520,
    "duration": 0,
    "pid": 14036,
    "index": 7
  },
  {
    "name": "Require(5) node_modules/.2.0.0@egg-i18n/config/config.default.js",
    "start": 1534758271520,
    "end": 1534758271520,
    "duration": 0,
    "pid": 14036,
    "index": 8
  },
  {
    "name": "Require(6) node_modules/.3.0.0@egg-watcher/config/config.default.js",
    "start": 1534758271521,
    "end": 1534758271521,
    "duration": 0,
    "pid": 14036,
    "index": 9
  },
  {
    "name": "Require(7) node_modules/.2.0.0@egg-multipart/config/config.default.js",
    "start": 1534758271521,
    "end": 1534758271522,
    "duration": 1,
    "pid": 14036,
    "index": 10
  },
  {
    "name": "Require(8) node_modules/.2.3.1@egg-development/config/config.default.js",
    "start": 1534758271522,
    "end": 1534758271522,
    "duration": 0,
    "pid": 14036,
    "index": 11
  },
  {
    "name": "Require(9) node_modules/.3.3.0@egg-schedule/config/config.default.js",
    "start": 1534758271522,
    "end": 1534758271523,
    "duration": 1,
    "pid": 14036,
    "index": 12
  },
  {
    "name": "Require(10) node_modules/.3.0.3@egg-logrotator/config/config.default.js",
    "start": 1534758271523,
    "end": 1534758271523,
    "duration": 0,
    "pid": 14036,
    "index": 13
  },
  {
    "name": "Require(11) node_modules/.2.1.1@egg-static/config/config.default.js",
    "start": 1534758271524,
    "end": 1534758271524,
    "duration": 0,
    "pid": 14036,
    "index": 14
  },
  {
    "name": "Require(12) node_modules/.2.1.0@egg-view/config/config.default.js",
    "start": 1534758271524,
    "end": 1534758271524,
    "duration": 0,
    "pid": 14036,
    "index": 15
  },
  {
    "name": "Require(13) node_modules/.3.1.0@egg-mongoose/config/config.default.js",
    "start": 1534758271525,
    "end": 1534758271525,
    "duration": 0,
    "pid": 14036,
    "index": 16
  },
  {
    "name": "Require(14) node_modules/.2.1.0@egg-cors/config/config.default.js",
    "start": 1534758271525,
    "end": 1534758271526,
    "duration": 1,
    "pid": 14036,
    "index": 17
  },
  {
    "name": "Require(15) node_modules/.2.2.0@egg-view-nunjucks/config/config.default.js",
    "start": 1534758271526,
    "end": 1534758271526,
    "duration": 0,
    "pid": 14036,
    "index": 18
  },
  {
    "name": "Require(16) node_modules/.2.9.1@egg/config/config.default.js",
    "start": 1534758271526,
    "end": 1534758271529,
    "duration": 3,
    "pid": 14036,
    "index": 19
  },
  {
    "name": "Require(17) config/config.default.js",
    "start": 1534758271530,
    "end": 1534758271530,
    "duration": 0,
    "pid": 14036,
    "index": 20
  },
  {
    "name": "Require(18) node_modules/.2.2.3@egg-security/config/config.local.js",
    "start": 1534758271531,
    "end": 1534758271532,
    "duration": 1,
    "pid": 14036,
    "index": 21
  },
  {
    "name": "Require(19) node_modules/.3.0.0@egg-watcher/config/config.local.js",
    "start": 1534758271532,
    "end": 1534758271533,
    "duration": 1,
    "pid": 14036,
    "index": 22
  },
  {
    "name": "Require(20) node_modules/.2.1.0@egg-view/config/config.local.js",
    "start": 1534758271534,
    "end": 1534758271534,
    "duration": 0,
    "pid": 14036,
    "index": 23
  },
  {
    "name": "Require(21) node_modules/.2.2.0@egg-view-nunjucks/config/config.local.js",
    "start": 1534758271535,
    "end": 1534758271535,
    "duration": 0,
    "pid": 14036,
    "index": 24
  },
  {
    "name": "Require(22) node_modules/.2.9.1@egg/config/config.local.js",
    "start": 1534758271535,
    "end": 1534758271535,
    "duration": 0,
    "pid": 14036,
    "index": 25
  },
  {
    "name": "Load extend/application.js",
    "start": 1534758271537,
    "end": 1534758271610,
    "duration": 73,
    "pid": 14036,
    "index": 26
  },
  {
    "name": "Require(23) node_modules/.3.1.0@egg-session/app/extend/application.js",
    "start": 1534758271537,
    "end": 1534758271537,
    "duration": 0,
    "pid": 14036,
    "index": 27
  },
  {
    "name": "Require(24) node_modules/.2.2.3@egg-security/app/extend/application.js",
    "start": 1534758271538,
    "end": 1534758271538,
    "duration": 0,
    "pid": 14036,
    "index": 28
  },
  {
    "name": "Require(25) node_modules/.2.0.0@egg-jsonp/app/extend/application.js",
    "start": 1534758271539,
    "end": 1534758271540,
    "duration": 1,
    "pid": 14036,
    "index": 29
  },
  {
    "name": "Require(26) node_modules/.3.0.3@egg-logrotator/app/extend/application.js",
    "start": 1534758271541,
    "end": 1534758271546,
    "duration": 5,
    "pid": 14036,
    "index": 30
  },
  {
    "name": "Require(27) node_modules/.2.1.0@egg-view/app/extend/application.js",
    "start": 1534758271547,
    "end": 1534758271548,
    "duration": 1,
    "pid": 14036,
    "index": 31
  },
  {
    "name": "Require(28) node_modules/.2.2.0@egg-view-nunjucks/app/extend/application.js",
    "start": 1534758271549,
    "end": 1534758271607,
    "duration": 58,
    "pid": 14036,
    "index": 32
  },
  {
    "name": "Load extend/request.js",
    "start": 1534758271610,
    "end": 1534758271615,
    "duration": 5,
    "pid": 14036,
    "index": 33
  },
  {
    "name": "Require(29) node_modules/.2.9.1@egg/app/extend/request.js",
    "start": 1534758271611,
    "end": 1534758271613,
    "duration": 2,
    "pid": 14036,
    "index": 34
  },
  {
    "name": "Load extend/response.js",
    "start": 1534758271615,
    "end": 1534758271620,
    "duration": 5,
    "pid": 14036,
    "index": 35
  },
  {
    "name": "Require(30) node_modules/.2.9.1@egg/app/extend/response.js",
    "start": 1534758271617,
    "end": 1534758271618,
    "duration": 1,
    "pid": 14036,
    "index": 36
  },
  {
    "name": "Load extend/context.js",
    "start": 1534758271620,
    "end": 1534758271680,
    "duration": 60,
    "pid": 14036,
    "index": 37
  },
  {
    "name": "Require(31) node_modules/.2.2.3@egg-security/app/extend/context.js",
    "start": 1534758271621,
    "end": 1534758271630,
    "duration": 9,
    "pid": 14036,
    "index": 38
  },
  {
    "name": "Require(32) node_modules/.2.0.0@egg-jsonp/app/extend/context.js",
    "start": 1534758271630,
    "end": 1534758271632,
    "duration": 2,
    "pid": 14036,
    "index": 39
  },
  {
    "name": "Require(33) node_modules/.2.0.0@egg-i18n/app/extend/context.js",
    "start": 1534758271632,
    "end": 1534758271632,
    "duration": 0,
    "pid": 14036,
    "index": 40
  },
  {
    "name": "Require(34) node_modules/.2.0.0@egg-multipart/app/extend/context.js",
    "start": 1534758271633,
    "end": 1534758271670,
    "duration": 37,
    "pid": 14036,
    "index": 41
  },
  {
    "name": "Require(35) node_modules/.2.1.0@egg-view/app/extend/context.js",
    "start": 1534758271675,
    "end": 1534758271676,
    "duration": 1,
    "pid": 14036,
    "index": 42
  },
  {
    "name": "Require(36) node_modules/.1.0.0@egg-validate/app/extend/context.js",
    "start": 1534758271676,
    "end": 1534758271676,
    "duration": 0,
    "pid": 14036,
    "index": 43
  },
  {
    "name": "Require(37) node_modules/.3.1.0@egg-mongoose/app/extend/context.js",
    "start": 1534758271677,
    "end": 1534758271677,
    "duration": 0,
    "pid": 14036,
    "index": 44
  },
  {
    "name": "Require(38) node_modules/.2.9.1@egg/app/extend/context.js",
    "start": 1534758271677,
    "end": 1534758271678,
    "duration": 1,
    "pid": 14036,
    "index": 45
  },
  {
    "name": "Load extend/helper.js",
    "start": 1534758271680,
    "end": 1534758271694,
    "duration": 14,
    "pid": 14036,
    "index": 46
  },
  {
    "name": "Require(39) node_modules/.2.2.3@egg-security/app/extend/helper.js",
    "start": 1534758271680,
    "end": 1534758271691,
    "duration": 11,
    "pid": 14036,
    "index": 47
  },
  {
    "name": "Require(40) node_modules/.2.9.1@egg/app/extend/helper.js",
    "start": 1534758271692,
    "end": 1534758271693,
    "duration": 1,
    "pid": 14036,
    "index": 48
  },
  {
    "name": "Load app.js",
    "start": 1534758271695,
    "end": 1534758272648,
    "duration": 953,
    "pid": 14036,
    "index": 49
  },
  {
    "name": "Require(41) node_modules/.3.1.0@egg-session/app.js",
    "start": 1534758271695,
    "end": 1534758271695,
    "duration": 0,
    "pid": 14036,
    "index": 50
  },
  {
    "name": "Require(42) node_modules/.2.2.3@egg-security/app.js",
    "start": 1534758271695,
    "end": 1534758271697,
    "duration": 2,
    "pid": 14036,
    "index": 51
  },
  {
    "name": "Require(43) node_modules/.2.1.0@egg-onerror/app.js",
    "start": 1534758271697,
    "end": 1534758271704,
    "duration": 7,
    "pid": 14036,
    "index": 52
  },
  {
    "name": "Require(44) node_modules/.2.0.0@egg-i18n/app.js",
    "start": 1534758271705,
    "end": 1534758271711,
    "duration": 6,
    "pid": 14036,
    "index": 53
  },
  {
    "name": "Require(45) node_modules/.3.0.0@egg-watcher/app.js",
    "start": 1534758271714,
    "end": 1534758271716,
    "duration": 2,
    "pid": 14036,
    "index": 54
  },
  {
    "name": "Before Start in node_modules/.3.0.0@egg-watcher/app.js:15:7",
    "start": 1534758271745,
    "end": 1534758273088,
    "duration": 1343,
    "pid": 14036,
    "index": 55
  },
  {
    "name": "Require(46) node_modules/.2.0.0@egg-multipart/app.js",
    "start": 1534758271746,
    "end": 1534758271748,
    "duration": 2,
    "pid": 14036,
    "index": 56
  },
  {
    "name": "Require(47) node_modules/.2.3.1@egg-development/app.js",
    "start": 1534758271749,
    "end": 1534758271752,
    "duration": 3,
    "pid": 14036,
    "index": 57
  },
  {
    "name": "Before Start in node_modules/.2.3.1@egg-development/app.js:12:7",
    "start": 1534758271752,
    "end": 1534758273089,
    "duration": 1337,
    "pid": 14036,
    "index": 58
  },
  {
    "name": "Require(48) node_modules/.3.3.0@egg-schedule/app.js",
    "start": 1534758271752,
    "end": 1534758271754,
    "duration": 2,
    "pid": 14036,
    "index": 59
  },
  {
    "name": "Require(49) node_modules/.3.0.3@egg-logrotator/app.js",
    "start": 1534758271783,
    "end": 1534758271783,
    "duration": 0,
    "pid": 14036,
    "index": 60
  },
  {
    "name": "Require(50) node_modules/.2.1.1@egg-static/app.js",
    "start": 1534758271784,
    "end": 1534758271784,
    "duration": 0,
    "pid": 14036,
    "index": 61
  },
  {
    "name": "Require(51) node_modules/.1.0.0@egg-validate/app.js",
    "start": 1534758271784,
    "end": 1534758271786,
    "duration": 2,
    "pid": 14036,
    "index": 62
  },
  {
    "name": "Require(52) node_modules/.3.1.0@egg-mongoose/app.js",
    "start": 1534758271786,
    "end": 1534758271786,
    "duration": 0,
    "pid": 14036,
    "index": 63
  },
  {
    "name": "Before Start in node_modules/.3.1.0@egg-mongoose/lib/mongoose.js:77:7",
    "start": 1534758272645,
    "end": 1534758274119,
    "duration": 1474,
    "pid": 14036,
    "index": 64
  },
  {
    "name": "Before Start in node_modules/.3.1.0@egg-mongoose/lib/mongoose.js:42:9",
    "start": 1534758272646,
    "end": 1534758273042,
    "duration": 396,
    "pid": 14036,
    "index": 65
  },
  {
    "name": "Require(53) node_modules/.2.1.0@egg-cors/app.js",
    "start": 1534758272646,
    "end": 1534758272646,
    "duration": 0,
    "pid": 14036,
    "index": 66
  },
  {
    "name": "Require(54) node_modules/.2.2.0@egg-view-nunjucks/app.js",
    "start": 1534758272646,
    "end": 1534758272647,
    "duration": 1,
    "pid": 14036,
    "index": 67
  },
  {
    "name": "Load Service",
    "start": 1534758272648,
    "end": 1534758272932,
    "duration": 284,
    "pid": 14036,
    "index": 68
  },
  {
    "name": "Load \"service\" to Context",
    "start": 1534758272648,
    "end": 1534758272932,
    "duration": 284,
    "pid": 14036,
    "index": 69
  },
  {
    "name": "Load Middleware",
    "start": 1534758272932,
    "end": 1534758272995,
    "duration": 63,
    "pid": 14036,
    "index": 70
  },
  {
    "name": "Load \"middlewares\" to Application",
    "start": 1534758272932,
    "end": 1534758272988,
    "duration": 56,
    "pid": 14036,
    "index": 71
  },
  {
    "name": "Load Controller",
    "start": 1534758272995,
    "end": 1534758273005,
    "duration": 10,
    "pid": 14036,
    "index": 72
  },
  {
    "name": "Load \"controller\" to Application",
    "start": 1534758272995,
    "end": 1534758273005,
    "duration": 10,
    "pid": 14036,
    "index": 73
  },
  {
    "name": "Load Router",
    "start": 1534758273005,
    "end": 1534758273007,
    "duration": 2,
    "pid": 14036,
    "index": 74
  },
  {
    "name": "Require(55) app/router.js",
    "start": 1534758273005,
    "end": 1534758273005,
    "duration": 0,
    "pid": 14036,
    "index": 75
  },
  {
    "name": "Before Start in node_modules/.4.9.1@egg-core/lib/egg.js:328:10",
    "start": 1534758273006,
    "end": 1534758273042,
    "duration": 36,
    "pid": 14036,
    "index": 76
  },
  {
    "name": "Load \"model\" to Application",
    "start": 1534758273024,
    "end": 1534758273041,
    "duration": 17,
    "pid": 14036,
    "index": 77
  }
]