[
  {
    "name": "Application Start",
    "start": 1534736793017,
    "end": 1534736795416,
    "duration": 2399,
    "pid": 9604,
    "index": 0
  },
  {
    "name": "Load Plugin",
    "start": 1534736793021,
    "end": 1534736793038,
    "duration": 17,
    "pid": 9604,
    "index": 1
  },
  {
    "name": "Load Config",
    "start": 1534736793039,
    "end": 1534736793058,
    "duration": 19,
    "pid": 9604,
    "index": 2
  },
  {
    "name": "Require(0) config/config.default.js",
    "start": 1534736793039,
    "end": 1534736793040,
    "duration": 1,
    "pid": 9604,
    "index": 3
  },
  {
    "name": "Require(1) node_modules/.3.1.0@egg-session/config/config.default.js",
    "start": 1534736793041,
    "end": 1534736793041,
    "duration": 0,
    "pid": 9604,
    "index": 4
  },
  {
    "name": "Require(2) node_modules/.2.2.3@egg-security/config/config.default.js",
    "start": 1534736793041,
    "end": 1534736793041,
    "duration": 0,
    "pid": 9604,
    "index": 5
  },
  {
    "name": "Require(3) node_modules/.2.0.0@egg-jsonp/config/config.default.js",
    "start": 1534736793042,
    "end": 1534736793042,
    "duration": 0,
    "pid": 9604,
    "index": 6
  },
  {
    "name": "Require(4) node_modules/.2.1.0@egg-onerror/config/config.default.js",
    "start": 1534736793042,
    "end": 1534736793043,
    "duration": 1,
    "pid": 9604,
    "index": 7
  },
  {
    "name": "Require(5) node_modules/.2.0.0@egg-i18n/config/config.default.js",
    "start": 1534736793043,
    "end": 1534736793043,
    "duration": 0,
    "pid": 9604,
    "index": 8
  },
  {
    "name": "Require(6) node_modules/.3.0.0@egg-watcher/config/config.default.js",
    "start": 1534736793043,
    "end": 1534736793044,
    "duration": 1,
    "pid": 9604,
    "index": 9
  },
  {
    "name": "Require(7) node_modules/.2.0.0@egg-multipart/config/config.default.js",
    "start": 1534736793044,
    "end": 1534736793044,
    "duration": 0,
    "pid": 9604,
    "index": 10
  },
  {
    "name": "Require(8) node_modules/.2.3.1@egg-development/config/config.default.js",
    "start": 1534736793045,
    "end": 1534736793045,
    "duration": 0,
    "pid": 9604,
    "index": 11
  },
  {
    "name": "Require(9) node_modules/.3.3.0@egg-schedule/config/config.default.js",
    "start": 1534736793045,
    "end": 1534736793046,
    "duration": 1,
    "pid": 9604,
    "index": 12
  },
  {
    "name": "Require(10) node_modules/.3.0.3@egg-logrotator/config/config.default.js",
    "start": 1534736793046,
    "end": 1534736793046,
    "duration": 0,
    "pid": 9604,
    "index": 13
  },
  {
    "name": "Require(11) node_modules/.2.1.1@egg-static/config/config.default.js",
    "start": 1534736793046,
    "end": 1534736793047,
    "duration": 1,
    "pid": 9604,
    "index": 14
  },
  {
    "name": "Require(12) node_modules/.2.1.0@egg-view/config/config.default.js",
    "start": 1534736793047,
    "end": 1534736793047,
    "duration": 0,
    "pid": 9604,
    "index": 15
  },
  {
    "name": "Require(13) node_modules/.3.1.0@egg-mongoose/config/config.default.js",
    "start": 1534736793048,
    "end": 1534736793048,
    "duration": 0,
    "pid": 9604,
    "index": 16
  },
  {
    "name": "Require(14) node_modules/.2.1.0@egg-cors/config/config.default.js",
    "start": 1534736793048,
    "end": 1534736793049,
    "duration": 1,
    "pid": 9604,
    "index": 17
  },
  {
    "name": "Require(15) node_modules/.2.2.0@egg-view-nunjucks/config/config.default.js",
    "start": 1534736793049,
    "end": 1534736793049,
    "duration": 0,
    "pid": 9604,
    "index": 18
  },
  {
    "name": "Require(16) node_modules/.2.9.1@egg/config/config.default.js",
    "start": 1534736793049,
    "end": 1534736793050,
    "duration": 1,
    "pid": 9604,
    "index": 19
  },
  {
    "name": "Require(17) config/config.default.js",
    "start": 1534736793054,
    "end": 1534736793054,
    "duration": 0,
    "pid": 9604,
    "index": 20
  },
  {
    "name": "Require(18) node_modules/.2.2.3@egg-security/config/config.local.js",
    "start": 1534736793055,
    "end": 1534736793055,
    "duration": 0,
    "pid": 9604,
    "index": 21
  },
  {
    "name": "Require(19) node_modules/.3.0.0@egg-watcher/config/config.local.js",
    "start": 1534736793055,
    "end": 1534736793056,
    "duration": 1,
    "pid": 9604,
    "index": 22
  },
  {
    "name": "Require(20) node_modules/.2.1.0@egg-view/config/config.local.js",
    "start": 1534736793056,
    "end": 1534736793056,
    "duration": 0,
    "pid": 9604,
    "index": 23
  },
  {
    "name": "Require(21) node_modules/.2.2.0@egg-view-nunjucks/config/config.local.js",
    "start": 1534736793057,
    "end": 1534736793057,
    "duration": 0,
    "pid": 9604,
    "index": 24
  },
  {
    "name": "Require(22) node_modules/.2.9.1@egg/config/config.local.js",
    "start": 1534736793057,
    "end": 1534736793058,
    "duration": 1,
    "pid": 9604,
    "index": 25
  },
  {
    "name": "Load extend/application.js",
    "start": 1534736793059,
    "end": 1534736793130,
    "duration": 71,
    "pid": 9604,
    "index": 26
  },
  {
    "name": "Require(23) node_modules/.3.1.0@egg-session/app/extend/application.js",
    "start": 1534736793060,
    "end": 1534736793060,
    "duration": 0,
    "pid": 9604,
    "index": 27
  },
  {
    "name": "Require(24) node_modules/.2.2.3@egg-security/app/extend/application.js",
    "start": 1534736793060,
    "end": 1534736793061,
    "duration": 1,
    "pid": 9604,
    "index": 28
  },
  {
    "name": "Require(25) node_modules/.2.0.0@egg-jsonp/app/extend/application.js",
    "start": 1534736793061,
    "end": 1534736793063,
    "duration": 2,
    "pid": 9604,
    "index": 29
  },
  {
    "name": "Require(26) node_modules/.3.0.3@egg-logrotator/app/extend/application.js",
    "start": 1534736793064,
    "end": 1534736793066,
    "duration": 2,
    "pid": 9604,
    "index": 30
  },
  {
    "name": "Require(27) node_modules/.2.1.0@egg-view/app/extend/application.js",
    "start": 1534736793066,
    "end": 1534736793068,
    "duration": 2,
    "pid": 9604,
    "index": 31
  },
  {
    "name": "Require(28) node_modules/.2.2.0@egg-view-nunjucks/app/extend/application.js",
    "start": 1534736793068,
    "end": 1534736793127,
    "duration": 59,
    "pid": 9604,
    "index": 32
  },
  {
    "name": "Load extend/request.js",
    "start": 1534736793130,
    "end": 1534736793134,
    "duration": 4,
    "pid": 9604,
    "index": 33
  },
  {
    "name": "Require(29) node_modules/.2.9.1@egg/app/extend/request.js",
    "start": 1534736793131,
    "end": 1534736793133,
    "duration": 2,
    "pid": 9604,
    "index": 34
  },
  {
    "name": "Load extend/response.js",
    "start": 1534736793134,
    "end": 1534736793140,
    "duration": 6,
    "pid": 9604,
    "index": 35
  },
  {
    "name": "Require(30) node_modules/.2.9.1@egg/app/extend/response.js",
    "start": 1534736793137,
    "end": 1534736793139,
    "duration": 2,
    "pid": 9604,
    "index": 36
  },
  {
    "name": "Load extend/context.js",
    "start": 1534736793140,
    "end": 1534736793197,
    "duration": 57,
    "pid": 9604,
    "index": 37
  },
  {
    "name": "Require(31) node_modules/.2.2.3@egg-security/app/extend/context.js",
    "start": 1534736793141,
    "end": 1534736793149,
    "duration": 8,
    "pid": 9604,
    "index": 38
  },
  {
    "name": "Require(32) node_modules/.2.0.0@egg-jsonp/app/extend/context.js",
    "start": 1534736793150,
    "end": 1534736793151,
    "duration": 1,
    "pid": 9604,
    "index": 39
  },
  {
    "name": "Require(33) node_modules/.2.0.0@egg-i18n/app/extend/context.js",
    "start": 1534736793151,
    "end": 1534736793151,
    "duration": 0,
    "pid": 9604,
    "index": 40
  },
  {
    "name": "Require(34) node_modules/.2.0.0@egg-multipart/app/extend/context.js",
    "start": 1534736793152,
    "end": 1534736793186,
    "duration": 34,
    "pid": 9604,
    "index": 41
  },
  {
    "name": "Require(35) node_modules/.2.1.0@egg-view/app/extend/context.js",
    "start": 1534736793187,
    "end": 1534736793188,
    "duration": 1,
    "pid": 9604,
    "index": 42
  },
  {
    "name": "Require(36) node_modules/.1.0.0@egg-validate/app/extend/context.js",
    "start": 1534736793188,
    "end": 1534736793189,
    "duration": 1,
    "pid": 9604,
    "index": 43
  },
  {
    "name": "Require(37) node_modules/.3.1.0@egg-mongoose/app/extend/context.js",
    "start": 1534736793189,
    "end": 1534736793189,
    "duration": 0,
    "pid": 9604,
    "index": 44
  },
  {
    "name": "Require(38) node_modules/.2.9.1@egg/app/extend/context.js",
    "start": 1534736793190,
    "end": 1534736793195,
    "duration": 5,
    "pid": 9604,
    "index": 45
  },
  {
    "name": "Load extend/helper.js",
    "start": 1534736793198,
    "end": 1534736793213,
    "duration": 15,
    "pid": 9604,
    "index": 46
  },
  {
    "name": "Require(39) node_modules/.2.2.3@egg-security/app/extend/helper.js",
    "start": 1534736793198,
    "end": 1534736793210,
    "duration": 12,
    "pid": 9604,
    "index": 47
  },
  {
    "name": "Require(40) node_modules/.2.9.1@egg/app/extend/helper.js",
    "start": 1534736793211,
    "end": 1534736793211,
    "duration": 0,
    "pid": 9604,
    "index": 48
  },
  {
    "name": "Load app.js",
    "start": 1534736793213,
    "end": 1534736794036,
    "duration": 823,
    "pid": 9604,
    "index": 49
  },
  {
    "name": "Require(41) node_modules/.3.1.0@egg-session/app.js",
    "start": 1534736793213,
    "end": 1534736793213,
    "duration": 0,
    "pid": 9604,
    "index": 50
  },
  {
    "name": "Require(42) node_modules/.2.2.3@egg-security/app.js",
    "start": 1534736793214,
    "end": 1534736793215,
    "duration": 1,
    "pid": 9604,
    "index": 51
  },
  {
    "name": "Require(43) node_modules/.2.1.0@egg-onerror/app.js",
    "start": 1534736793215,
    "end": 1534736793222,
    "duration": 7,
    "pid": 9604,
    "index": 52
  },
  {
    "name": "Require(44) node_modules/.2.0.0@egg-i18n/app.js",
    "start": 1534736793222,
    "end": 1534736793227,
    "duration": 5,
    "pid": 9604,
    "index": 53
  },
  {
    "name": "Require(45) node_modules/.3.0.0@egg-watcher/app.js",
    "start": 1534736793230,
    "end": 1534736793233,
    "duration": 3,
    "pid": 9604,
    "index": 54
  },
  {
    "name": "Before Start in node_modules/.3.0.0@egg-watcher/app.js:15:7",
    "start": 1534736793240,
    "end": 1534736794407,
    "duration": 1167,
    "pid": 9604,
    "index": 55
  },
  {
    "name": "Require(46) node_modules/.2.0.0@egg-multipart/app.js",
    "start": 1534736793241,
    "end": 1534736793243,
    "duration": 2,
    "pid": 9604,
    "index": 56
  },
  {
    "name": "Require(47) node_modules/.2.3.1@egg-development/app.js",
    "start": 1534736793243,
    "end": 1534736793244,
    "duration": 1,
    "pid": 9604,
    "index": 57
  },
  {
    "name": "Before Start in node_modules/.2.3.1@egg-development/app.js:12:7",
    "start": 1534736793245,
    "end": 1534736794407,
    "duration": 1162,
    "pid": 9604,
    "index": 58
  },
  {
    "name": "Require(48) node_modules/.3.3.0@egg-schedule/app.js",
    "start": 1534736793245,
    "end": 1534736793246,
    "duration": 1,
    "pid": 9604,
    "index": 59
  },
  {
    "name": "Require(49) node_modules/.3.0.3@egg-logrotator/app.js",
    "start": 1534736793274,
    "end": 1534736793274,
    "duration": 0,
    "pid": 9604,
    "index": 60
  },
  {
    "name": "Require(50) node_modules/.2.1.1@egg-static/app.js",
    "start": 1534736793275,
    "end": 1534736793275,
    "duration": 0,
    "pid": 9604,
    "index": 61
  },
  {
    "name": "Require(51) node_modules/.1.0.0@egg-validate/app.js",
    "start": 1534736793275,
    "end": 1534736793277,
    "duration": 2,
    "pid": 9604,
    "index": 62
  },
  {
    "name": "Require(52) node_modules/.3.1.0@egg-mongoose/app.js",
    "start": 1534736793277,
    "end": 1534736793277,
    "duration": 0,
    "pid": 9604,
    "index": 63
  },
  {
    "name": "Before Start in node_modules/.3.1.0@egg-mongoose/lib/mongoose.js:77:7",
    "start": 1534736794033,
    "end": 1534736795416,
    "duration": 1383,
    "pid": 9604,
    "index": 64
  },
  {
    "name": "Before Start in node_modules/.3.1.0@egg-mongoose/lib/mongoose.js:42:9",
    "start": 1534736794033,
    "end": 1534736794369,
    "duration": 336,
    "pid": 9604,
    "index": 65
  },
  {
    "name": "Require(53) node_modules/.2.1.0@egg-cors/app.js",
    "start": 1534736794034,
    "end": 1534736794034,
    "duration": 0,
    "pid": 9604,
    "index": 66
  },
  {
    "name": "Require(54) node_modules/.2.2.0@egg-view-nunjucks/app.js",
    "start": 1534736794034,
    "end": 1534736794034,
    "duration": 0,
    "pid": 9604,
    "index": 67
  },
  {
    "name": "Load Service",
    "start": 1534736794036,
    "end": 1534736794280,
    "duration": 244,
    "pid": 9604,
    "index": 68
  },
  {
    "name": "Load \"service\" to Context",
    "start": 1534736794036,
    "end": 1534736794280,
    "duration": 244,
    "pid": 9604,
    "index": 69
  },
  {
    "name": "Load Middleware",
    "start": 1534736794280,
    "end": 1534736794337,
    "duration": 57,
    "pid": 9604,
    "index": 70
  },
  {
    "name": "Load \"middlewares\" to Application",
    "start": 1534736794280,
    "end": 1534736794329,
    "duration": 49,
    "pid": 9604,
    "index": 71
  },
  {
    "name": "Load Controller",
    "start": 1534736794337,
    "end": 1534736794342,
    "duration": 5,
    "pid": 9604,
    "index": 72
  },
  {
    "name": "Load \"controller\" to Application",
    "start": 1534736794337,
    "end": 1534736794342,
    "duration": 5,
    "pid": 9604,
    "index": 73
  },
  {
    "name": "Load Router",
    "start": 1534736794342,
    "end": 1534736794344,
    "duration": 2,
    "pid": 9604,
    "index": 74
  },
  {
    "name": "Require(55) app/router.js",
    "start": 1534736794342,
    "end": 1534736794343,
    "duration": 1,
    "pid": 9604,
    "index": 75
  },
  {
    "name": "Before Start in node_modules/.4.9.1@egg-core/lib/egg.js:328:10",
    "start": 1534736794343,
    "end": 1534736794369,
    "duration": 26,
    "pid": 9604,
    "index": 76
  },
  {
    "name": "Load \"model\" to Application",
    "start": 1534736794354,
    "end": 1534736794368,
    "duration": 14,
    "pid": 9604,
    "index": 77
  }
]