[
  {
    "name": "Application Start",
    "start": 1534736840848,
    "end": 1534736843197,
    "duration": 2349,
    "pid": 8220,
    "index": 0
  },
  {
    "name": "Load Plugin",
    "start": 1534736840851,
    "end": 1534736840868,
    "duration": 17,
    "pid": 8220,
    "index": 1
  },
  {
    "name": "Load Config",
    "start": 1534736840868,
    "end": 1534736840889,
    "duration": 21,
    "pid": 8220,
    "index": 2
  },
  {
    "name": "Require(0) config/config.default.js",
    "start": 1534736840869,
    "end": 1534736840870,
    "duration": 1,
    "pid": 8220,
    "index": 3
  },
  {
    "name": "Require(1) node_modules/.3.1.0@egg-session/config/config.default.js",
    "start": 1534736840871,
    "end": 1534736840872,
    "duration": 1,
    "pid": 8220,
    "index": 4
  },
  {
    "name": "Require(2) node_modules/.2.2.3@egg-security/config/config.default.js",
    "start": 1534736840872,
    "end": 1534736840872,
    "duration": 0,
    "pid": 8220,
    "index": 5
  },
  {
    "name": "Require(3) node_modules/.2.0.0@egg-jsonp/config/config.default.js",
    "start": 1534736840873,
    "end": 1534736840873,
    "duration": 0,
    "pid": 8220,
    "index": 6
  },
  {
    "name": "Require(4) node_modules/.2.1.0@egg-onerror/config/config.default.js",
    "start": 1534736840873,
    "end": 1534736840874,
    "duration": 1,
    "pid": 8220,
    "index": 7
  },
  {
    "name": "Require(5) node_modules/.2.0.0@egg-i18n/config/config.default.js",
    "start": 1534736840874,
    "end": 1534736840874,
    "duration": 0,
    "pid": 8220,
    "index": 8
  },
  {
    "name": "Require(6) node_modules/.3.0.0@egg-watcher/config/config.default.js",
    "start": 1534736840874,
    "end": 1534736840875,
    "duration": 1,
    "pid": 8220,
    "index": 9
  },
  {
    "name": "Require(7) node_modules/.2.0.0@egg-multipart/config/config.default.js",
    "start": 1534736840875,
    "end": 1534736840875,
    "duration": 0,
    "pid": 8220,
    "index": 10
  },
  {
    "name": "Require(8) node_modules/.2.3.1@egg-development/config/config.default.js",
    "start": 1534736840876,
    "end": 1534736840876,
    "duration": 0,
    "pid": 8220,
    "index": 11
  },
  {
    "name": "Require(9) node_modules/.3.3.0@egg-schedule/config/config.default.js",
    "start": 1534736840876,
    "end": 1534736840876,
    "duration": 0,
    "pid": 8220,
    "index": 12
  },
  {
    "name": "Require(10) node_modules/.3.0.3@egg-logrotator/config/config.default.js",
    "start": 1534736840877,
    "end": 1534736840877,
    "duration": 0,
    "pid": 8220,
    "index": 13
  },
  {
    "name": "Require(11) node_modules/.2.1.1@egg-static/config/config.default.js",
    "start": 1534736840877,
    "end": 1534736840877,
    "duration": 0,
    "pid": 8220,
    "index": 14
  },
  {
    "name": "Require(12) node_modules/.2.1.0@egg-view/config/config.default.js",
    "start": 1534736840878,
    "end": 1534736840878,
    "duration": 0,
    "pid": 8220,
    "index": 15
  },
  {
    "name": "Require(13) node_modules/.3.1.0@egg-mongoose/config/config.default.js",
    "start": 1534736840879,
    "end": 1534736840879,
    "duration": 0,
    "pid": 8220,
    "index": 16
  },
  {
    "name": "Require(14) node_modules/.2.1.0@egg-cors/config/config.default.js",
    "start": 1534736840879,
    "end": 1534736840880,
    "duration": 1,
    "pid": 8220,
    "index": 17
  },
  {
    "name": "Require(15) node_modules/.2.2.0@egg-view-nunjucks/config/config.default.js",
    "start": 1534736840880,
    "end": 1534736840880,
    "duration": 0,
    "pid": 8220,
    "index": 18
  },
  {
    "name": "Require(16) node_modules/.2.9.1@egg/config/config.default.js",
    "start": 1534736840880,
    "end": 1534736840881,
    "duration": 1,
    "pid": 8220,
    "index": 19
  },
  {
    "name": "Require(17) config/config.default.js",
    "start": 1534736840884,
    "end": 1534736840884,
    "duration": 0,
    "pid": 8220,
    "index": 20
  },
  {
    "name": "Require(18) node_modules/.2.2.3@egg-security/config/config.local.js",
    "start": 1534736840885,
    "end": 1534736840885,
    "duration": 0,
    "pid": 8220,
    "index": 21
  },
  {
    "name": "Require(19) node_modules/.3.0.0@egg-watcher/config/config.local.js",
    "start": 1534736840886,
    "end": 1534736840886,
    "duration": 0,
    "pid": 8220,
    "index": 22
  },
  {
    "name": "Require(20) node_modules/.2.1.0@egg-view/config/config.local.js",
    "start": 1534736840887,
    "end": 1534736840887,
    "duration": 0,
    "pid": 8220,
    "index": 23
  },
  {
    "name": "Require(21) node_modules/.2.2.0@egg-view-nunjucks/config/config.local.js",
    "start": 1534736840888,
    "end": 1534736840888,
    "duration": 0,
    "pid": 8220,
    "index": 24
  },
  {
    "name": "Require(22) node_modules/.2.9.1@egg/config/config.local.js",
    "start": 1534736840888,
    "end": 1534736840889,
    "duration": 1,
    "pid": 8220,
    "index": 25
  },
  {
    "name": "Load extend/application.js",
    "start": 1534736840890,
    "end": 1534736840946,
    "duration": 56,
    "pid": 8220,
    "index": 26
  },
  {
    "name": "Require(23) node_modules/.3.1.0@egg-session/app/extend/application.js",
    "start": 1534736840890,
    "end": 1534736840890,
    "duration": 0,
    "pid": 8220,
    "index": 27
  },
  {
    "name": "Require(24) node_modules/.2.2.3@egg-security/app/extend/application.js",
    "start": 1534736840890,
    "end": 1534736840891,
    "duration": 1,
    "pid": 8220,
    "index": 28
  },
  {
    "name": "Require(25) node_modules/.2.0.0@egg-jsonp/app/extend/application.js",
    "start": 1534736840891,
    "end": 1534736840893,
    "duration": 2,
    "pid": 8220,
    "index": 29
  },
  {
    "name": "Require(26) node_modules/.3.0.3@egg-logrotator/app/extend/application.js",
    "start": 1534736840893,
    "end": 1534736840895,
    "duration": 2,
    "pid": 8220,
    "index": 30
  },
  {
    "name": "Require(27) node_modules/.2.1.0@egg-view/app/extend/application.js",
    "start": 1534736840896,
    "end": 1534736840897,
    "duration": 1,
    "pid": 8220,
    "index": 31
  },
  {
    "name": "Require(28) node_modules/.2.2.0@egg-view-nunjucks/app/extend/application.js",
    "start": 1534736840897,
    "end": 1534736840943,
    "duration": 46,
    "pid": 8220,
    "index": 32
  },
  {
    "name": "Load extend/request.js",
    "start": 1534736840946,
    "end": 1534736840951,
    "duration": 5,
    "pid": 8220,
    "index": 33
  },
  {
    "name": "Require(29) node_modules/.2.9.1@egg/app/extend/request.js",
    "start": 1534736840948,
    "end": 1534736840949,
    "duration": 1,
    "pid": 8220,
    "index": 34
  },
  {
    "name": "Load extend/response.js",
    "start": 1534736840951,
    "end": 1534736840957,
    "duration": 6,
    "pid": 8220,
    "index": 35
  },
  {
    "name": "Require(30) node_modules/.2.9.1@egg/app/extend/response.js",
    "start": 1534736840954,
    "end": 1534736840955,
    "duration": 1,
    "pid": 8220,
    "index": 36
  },
  {
    "name": "Load extend/context.js",
    "start": 1534736840957,
    "end": 1534736841016,
    "duration": 59,
    "pid": 8220,
    "index": 37
  },
  {
    "name": "Require(31) node_modules/.2.2.3@egg-security/app/extend/context.js",
    "start": 1534736840958,
    "end": 1534736840967,
    "duration": 9,
    "pid": 8220,
    "index": 38
  },
  {
    "name": "Require(32) node_modules/.2.0.0@egg-jsonp/app/extend/context.js",
    "start": 1534736840967,
    "end": 1534736840968,
    "duration": 1,
    "pid": 8220,
    "index": 39
  },
  {
    "name": "Require(33) node_modules/.2.0.0@egg-i18n/app/extend/context.js",
    "start": 1534736840969,
    "end": 1534736840969,
    "duration": 0,
    "pid": 8220,
    "index": 40
  },
  {
    "name": "Require(34) node_modules/.2.0.0@egg-multipart/app/extend/context.js",
    "start": 1534736840969,
    "end": 1534736841007,
    "duration": 38,
    "pid": 8220,
    "index": 41
  },
  {
    "name": "Require(35) node_modules/.2.1.0@egg-view/app/extend/context.js",
    "start": 1534736841008,
    "end": 1534736841009,
    "duration": 1,
    "pid": 8220,
    "index": 42
  },
  {
    "name": "Require(36) node_modules/.1.0.0@egg-validate/app/extend/context.js",
    "start": 1534736841009,
    "end": 1534736841009,
    "duration": 0,
    "pid": 8220,
    "index": 43
  },
  {
    "name": "Require(37) node_modules/.3.1.0@egg-mongoose/app/extend/context.js",
    "start": 1534736841010,
    "end": 1534736841010,
    "duration": 0,
    "pid": 8220,
    "index": 44
  },
  {
    "name": "Require(38) node_modules/.2.9.1@egg/app/extend/context.js",
    "start": 1534736841010,
    "end": 1534736841015,
    "duration": 5,
    "pid": 8220,
    "index": 45
  },
  {
    "name": "Load extend/helper.js",
    "start": 1534736841016,
    "end": 1534736841031,
    "duration": 15,
    "pid": 8220,
    "index": 46
  },
  {
    "name": "Require(39) node_modules/.2.2.3@egg-security/app/extend/helper.js",
    "start": 1534736841017,
    "end": 1534736841028,
    "duration": 11,
    "pid": 8220,
    "index": 47
  },
  {
    "name": "Require(40) node_modules/.2.9.1@egg/app/extend/helper.js",
    "start": 1534736841029,
    "end": 1534736841029,
    "duration": 0,
    "pid": 8220,
    "index": 48
  },
  {
    "name": "Load app.js",
    "start": 1534736841031,
    "end": 1534736841815,
    "duration": 784,
    "pid": 8220,
    "index": 49
  },
  {
    "name": "Require(41) node_modules/.3.1.0@egg-session/app.js",
    "start": 1534736841031,
    "end": 1534736841031,
    "duration": 0,
    "pid": 8220,
    "index": 50
  },
  {
    "name": "Require(42) node_modules/.2.2.3@egg-security/app.js",
    "start": 1534736841031,
    "end": 1534736841033,
    "duration": 2,
    "pid": 8220,
    "index": 51
  },
  {
    "name": "Require(43) node_modules/.2.1.0@egg-onerror/app.js",
    "start": 1534736841033,
    "end": 1534736841040,
    "duration": 7,
    "pid": 8220,
    "index": 52
  },
  {
    "name": "Require(44) node_modules/.2.0.0@egg-i18n/app.js",
    "start": 1534736841040,
    "end": 1534736841045,
    "duration": 5,
    "pid": 8220,
    "index": 53
  },
  {
    "name": "Require(45) node_modules/.3.0.0@egg-watcher/app.js",
    "start": 1534736841047,
    "end": 1534736841049,
    "duration": 2,
    "pid": 8220,
    "index": 54
  },
  {
    "name": "Before Start in node_modules/.3.0.0@egg-watcher/app.js:15:7",
    "start": 1534736841057,
    "end": 1534736842194,
    "duration": 1137,
    "pid": 8220,
    "index": 55
  },
  {
    "name": "Require(46) node_modules/.2.0.0@egg-multipart/app.js",
    "start": 1534736841058,
    "end": 1534736841060,
    "duration": 2,
    "pid": 8220,
    "index": 56
  },
  {
    "name": "Require(47) node_modules/.2.3.1@egg-development/app.js",
    "start": 1534736841060,
    "end": 1534736841062,
    "duration": 2,
    "pid": 8220,
    "index": 57
  },
  {
    "name": "Before Start in node_modules/.2.3.1@egg-development/app.js:12:7",
    "start": 1534736841062,
    "end": 1534736842195,
    "duration": 1133,
    "pid": 8220,
    "index": 58
  },
  {
    "name": "Require(48) node_modules/.3.3.0@egg-schedule/app.js",
    "start": 1534736841062,
    "end": 1534736841063,
    "duration": 1,
    "pid": 8220,
    "index": 59
  },
  {
    "name": "Require(49) node_modules/.3.0.3@egg-logrotator/app.js",
    "start": 1534736841090,
    "end": 1534736841090,
    "duration": 0,
    "pid": 8220,
    "index": 60
  },
  {
    "name": "Require(50) node_modules/.2.1.1@egg-static/app.js",
    "start": 1534736841090,
    "end": 1534736841090,
    "duration": 0,
    "pid": 8220,
    "index": 61
  },
  {
    "name": "Require(51) node_modules/.1.0.0@egg-validate/app.js",
    "start": 1534736841091,
    "end": 1534736841092,
    "duration": 1,
    "pid": 8220,
    "index": 62
  },
  {
    "name": "Require(52) node_modules/.3.1.0@egg-mongoose/app.js",
    "start": 1534736841092,
    "end": 1534736841092,
    "duration": 0,
    "pid": 8220,
    "index": 63
  },
  {
    "name": "Before Start in node_modules/.3.1.0@egg-mongoose/lib/mongoose.js:77:7",
    "start": 1534736841812,
    "end": 1534736843197,
    "duration": 1385,
    "pid": 8220,
    "index": 64
  },
  {
    "name": "Before Start in node_modules/.3.1.0@egg-mongoose/lib/mongoose.js:42:9",
    "start": 1534736841812,
    "end": 1534736842153,
    "duration": 341,
    "pid": 8220,
    "index": 65
  },
  {
    "name": "Require(53) node_modules/.2.1.0@egg-cors/app.js",
    "start": 1534736841812,
    "end": 1534736841813,
    "duration": 1,
    "pid": 8220,
    "index": 66
  },
  {
    "name": "Require(54) node_modules/.2.2.0@egg-view-nunjucks/app.js",
    "start": 1534736841813,
    "end": 1534736841813,
    "duration": 0,
    "pid": 8220,
    "index": 67
  },
  {
    "name": "Load Service",
    "start": 1534736841815,
    "end": 1534736842062,
    "duration": 247,
    "pid": 8220,
    "index": 68
  },
  {
    "name": "Load \"service\" to Context",
    "start": 1534736841815,
    "end": 1534736842062,
    "duration": 247,
    "pid": 8220,
    "index": 69
  },
  {
    "name": "Load Middleware",
    "start": 1534736842062,
    "end": 1534736842119,
    "duration": 57,
    "pid": 8220,
    "index": 70
  },
  {
    "name": "Load \"middlewares\" to Application",
    "start": 1534736842062,
    "end": 1534736842112,
    "duration": 50,
    "pid": 8220,
    "index": 71
  },
  {
    "name": "Load Controller",
    "start": 1534736842120,
    "end": 1534736842124,
    "duration": 4,
    "pid": 8220,
    "index": 72
  },
  {
    "name": "Load \"controller\" to Application",
    "start": 1534736842120,
    "end": 1534736842124,
    "duration": 4,
    "pid": 8220,
    "index": 73
  },
  {
    "name": "Load Router",
    "start": 1534736842124,
    "end": 1534736842126,
    "duration": 2,
    "pid": 8220,
    "index": 74
  },
  {
    "name": "Require(55) app/router.js",
    "start": 1534736842124,
    "end": 1534736842125,
    "duration": 1,
    "pid": 8220,
    "index": 75
  },
  {
    "name": "Before Start in node_modules/.4.9.1@egg-core/lib/egg.js:328:10",
    "start": 1534736842125,
    "end": 1534736842153,
    "duration": 28,
    "pid": 8220,
    "index": 76
  },
  {
    "name": "Load \"model\" to Application",
    "start": 1534736842137,
    "end": 1534736842152,
    "duration": 15,
    "pid": 8220,
    "index": 77
  }
]