[
  {
    "name": "Application Start",
    "start": 1534751337151,
    "end": 1534751339574,
    "duration": 2423,
    "pid": 13836,
    "index": 0
  },
  {
    "name": "Load Plugin",
    "start": 1534751337155,
    "end": 1534751337171,
    "duration": 16,
    "pid": 13836,
    "index": 1
  },
  {
    "name": "Load Config",
    "start": 1534751337171,
    "end": 1534751337189,
    "duration": 18,
    "pid": 13836,
    "index": 2
  },
  {
    "name": "Require(0) config/config.default.js",
    "start": 1534751337172,
    "end": 1534751337173,
    "duration": 1,
    "pid": 13836,
    "index": 3
  },
  {
    "name": "Require(1) node_modules/.3.1.0@egg-session/config/config.default.js",
    "start": 1534751337174,
    "end": 1534751337174,
    "duration": 0,
    "pid": 13836,
    "index": 4
  },
  {
    "name": "Require(2) node_modules/.2.2.3@egg-security/config/config.default.js",
    "start": 1534751337174,
    "end": 1534751337174,
    "duration": 0,
    "pid": 13836,
    "index": 5
  },
  {
    "name": "Require(3) node_modules/.2.0.0@egg-jsonp/config/config.default.js",
    "start": 1534751337175,
    "end": 1534751337175,
    "duration": 0,
    "pid": 13836,
    "index": 6
  },
  {
    "name": "Require(4) node_modules/.2.1.0@egg-onerror/config/config.default.js",
    "start": 1534751337176,
    "end": 1534751337176,
    "duration": 0,
    "pid": 13836,
    "index": 7
  },
  {
    "name": "Require(5) node_modules/.2.0.0@egg-i18n/config/config.default.js",
    "start": 1534751337176,
    "end": 1534751337177,
    "duration": 1,
    "pid": 13836,
    "index": 8
  },
  {
    "name": "Require(6) node_modules/.3.0.0@egg-watcher/config/config.default.js",
    "start": 1534751337177,
    "end": 1534751337177,
    "duration": 0,
    "pid": 13836,
    "index": 9
  },
  {
    "name": "Require(7) node_modules/.2.0.0@egg-multipart/config/config.default.js",
    "start": 1534751337177,
    "end": 1534751337178,
    "duration": 1,
    "pid": 13836,
    "index": 10
  },
  {
    "name": "Require(8) node_modules/.2.3.1@egg-development/config/config.default.js",
    "start": 1534751337178,
    "end": 1534751337178,
    "duration": 0,
    "pid": 13836,
    "index": 11
  },
  {
    "name": "Require(9) node_modules/.3.3.0@egg-schedule/config/config.default.js",
    "start": 1534751337179,
    "end": 1534751337179,
    "duration": 0,
    "pid": 13836,
    "index": 12
  },
  {
    "name": "Require(10) node_modules/.3.0.3@egg-logrotator/config/config.default.js",
    "start": 1534751337179,
    "end": 1534751337179,
    "duration": 0,
    "pid": 13836,
    "index": 13
  },
  {
    "name": "Require(11) node_modules/.2.1.1@egg-static/config/config.default.js",
    "start": 1534751337180,
    "end": 1534751337180,
    "duration": 0,
    "pid": 13836,
    "index": 14
  },
  {
    "name": "Require(12) node_modules/.2.1.0@egg-view/config/config.default.js",
    "start": 1534751337182,
    "end": 1534751337183,
    "duration": 1,
    "pid": 13836,
    "index": 15
  },
  {
    "name": "Require(13) node_modules/.3.1.0@egg-mongoose/config/config.default.js",
    "start": 1534751337183,
    "end": 1534751337184,
    "duration": 1,
    "pid": 13836,
    "index": 16
  },
  {
    "name": "Require(14) node_modules/.2.1.0@egg-cors/config/config.default.js",
    "start": 1534751337184,
    "end": 1534751337184,
    "duration": 0,
    "pid": 13836,
    "index": 17
  },
  {
    "name": "Require(15) node_modules/.2.2.0@egg-view-nunjucks/config/config.default.js",
    "start": 1534751337184,
    "end": 1534751337185,
    "duration": 1,
    "pid": 13836,
    "index": 18
  },
  {
    "name": "Require(16) node_modules/.2.9.1@egg/config/config.default.js",
    "start": 1534751337185,
    "end": 1534751337185,
    "duration": 0,
    "pid": 13836,
    "index": 19
  },
  {
    "name": "Require(17) config/config.default.js",
    "start": 1534751337186,
    "end": 1534751337186,
    "duration": 0,
    "pid": 13836,
    "index": 20
  },
  {
    "name": "Require(18) node_modules/.2.2.3@egg-security/config/config.local.js",
    "start": 1534751337187,
    "end": 1534751337187,
    "duration": 0,
    "pid": 13836,
    "index": 21
  },
  {
    "name": "Require(19) node_modules/.3.0.0@egg-watcher/config/config.local.js",
    "start": 1534751337187,
    "end": 1534751337188,
    "duration": 1,
    "pid": 13836,
    "index": 22
  },
  {
    "name": "Require(20) node_modules/.2.1.0@egg-view/config/config.local.js",
    "start": 1534751337188,
    "end": 1534751337188,
    "duration": 0,
    "pid": 13836,
    "index": 23
  },
  {
    "name": "Require(21) node_modules/.2.2.0@egg-view-nunjucks/config/config.local.js",
    "start": 1534751337189,
    "end": 1534751337189,
    "duration": 0,
    "pid": 13836,
    "index": 24
  },
  {
    "name": "Require(22) node_modules/.2.9.1@egg/config/config.local.js",
    "start": 1534751337189,
    "end": 1534751337189,
    "duration": 0,
    "pid": 13836,
    "index": 25
  },
  {
    "name": "Load extend/application.js",
    "start": 1534751337190,
    "end": 1534751337243,
    "duration": 53,
    "pid": 13836,
    "index": 26
  },
  {
    "name": "Require(23) node_modules/.3.1.0@egg-session/app/extend/application.js",
    "start": 1534751337191,
    "end": 1534751337191,
    "duration": 0,
    "pid": 13836,
    "index": 27
  },
  {
    "name": "Require(24) node_modules/.2.2.3@egg-security/app/extend/application.js",
    "start": 1534751337191,
    "end": 1534751337192,
    "duration": 1,
    "pid": 13836,
    "index": 28
  },
  {
    "name": "Require(25) node_modules/.2.0.0@egg-jsonp/app/extend/application.js",
    "start": 1534751337192,
    "end": 1534751337194,
    "duration": 2,
    "pid": 13836,
    "index": 29
  },
  {
    "name": "Require(26) node_modules/.3.0.3@egg-logrotator/app/extend/application.js",
    "start": 1534751337194,
    "end": 1534751337196,
    "duration": 2,
    "pid": 13836,
    "index": 30
  },
  {
    "name": "Require(27) node_modules/.2.1.0@egg-view/app/extend/application.js",
    "start": 1534751337197,
    "end": 1534751337198,
    "duration": 1,
    "pid": 13836,
    "index": 31
  },
  {
    "name": "Require(28) node_modules/.2.2.0@egg-view-nunjucks/app/extend/application.js",
    "start": 1534751337198,
    "end": 1534751337241,
    "duration": 43,
    "pid": 13836,
    "index": 32
  },
  {
    "name": "Load extend/request.js",
    "start": 1534751337243,
    "end": 1534751337248,
    "duration": 5,
    "pid": 13836,
    "index": 33
  },
  {
    "name": "Require(29) node_modules/.2.9.1@egg/app/extend/request.js",
    "start": 1534751337245,
    "end": 1534751337246,
    "duration": 1,
    "pid": 13836,
    "index": 34
  },
  {
    "name": "Load extend/response.js",
    "start": 1534751337248,
    "end": 1534751337254,
    "duration": 6,
    "pid": 13836,
    "index": 35
  },
  {
    "name": "Require(30) node_modules/.2.9.1@egg/app/extend/response.js",
    "start": 1534751337250,
    "end": 1534751337252,
    "duration": 2,
    "pid": 13836,
    "index": 36
  },
  {
    "name": "Load extend/context.js",
    "start": 1534751337254,
    "end": 1534751337308,
    "duration": 54,
    "pid": 13836,
    "index": 37
  },
  {
    "name": "Require(31) node_modules/.2.2.3@egg-security/app/extend/context.js",
    "start": 1534751337254,
    "end": 1534751337263,
    "duration": 9,
    "pid": 13836,
    "index": 38
  },
  {
    "name": "Require(32) node_modules/.2.0.0@egg-jsonp/app/extend/context.js",
    "start": 1534751337263,
    "end": 1534751337264,
    "duration": 1,
    "pid": 13836,
    "index": 39
  },
  {
    "name": "Require(33) node_modules/.2.0.0@egg-i18n/app/extend/context.js",
    "start": 1534751337264,
    "end": 1534751337265,
    "duration": 1,
    "pid": 13836,
    "index": 40
  },
  {
    "name": "Require(34) node_modules/.2.0.0@egg-multipart/app/extend/context.js",
    "start": 1534751337265,
    "end": 1534751337300,
    "duration": 35,
    "pid": 13836,
    "index": 41
  },
  {
    "name": "Require(35) node_modules/.2.1.0@egg-view/app/extend/context.js",
    "start": 1534751337301,
    "end": 1534751337301,
    "duration": 0,
    "pid": 13836,
    "index": 42
  },
  {
    "name": "Require(36) node_modules/.1.0.0@egg-validate/app/extend/context.js",
    "start": 1534751337302,
    "end": 1534751337302,
    "duration": 0,
    "pid": 13836,
    "index": 43
  },
  {
    "name": "Require(37) node_modules/.3.1.0@egg-mongoose/app/extend/context.js",
    "start": 1534751337302,
    "end": 1534751337303,
    "duration": 1,
    "pid": 13836,
    "index": 44
  },
  {
    "name": "Require(38) node_modules/.2.9.1@egg/app/extend/context.js",
    "start": 1534751337303,
    "end": 1534751337304,
    "duration": 1,
    "pid": 13836,
    "index": 45
  },
  {
    "name": "Load extend/helper.js",
    "start": 1534751337308,
    "end": 1534751337323,
    "duration": 15,
    "pid": 13836,
    "index": 46
  },
  {
    "name": "Require(39) node_modules/.2.2.3@egg-security/app/extend/helper.js",
    "start": 1534751337309,
    "end": 1534751337320,
    "duration": 11,
    "pid": 13836,
    "index": 47
  },
  {
    "name": "Require(40) node_modules/.2.9.1@egg/app/extend/helper.js",
    "start": 1534751337321,
    "end": 1534751337321,
    "duration": 0,
    "pid": 13836,
    "index": 48
  },
  {
    "name": "Load app.js",
    "start": 1534751337323,
    "end": 1534751338139,
    "duration": 816,
    "pid": 13836,
    "index": 49
  },
  {
    "name": "Require(41) node_modules/.3.1.0@egg-session/app.js",
    "start": 1534751337323,
    "end": 1534751337323,
    "duration": 0,
    "pid": 13836,
    "index": 50
  },
  {
    "name": "Require(42) node_modules/.2.2.3@egg-security/app.js",
    "start": 1534751337324,
    "end": 1534751337325,
    "duration": 1,
    "pid": 13836,
    "index": 51
  },
  {
    "name": "Require(43) node_modules/.2.1.0@egg-onerror/app.js",
    "start": 1534751337326,
    "end": 1534751337332,
    "duration": 6,
    "pid": 13836,
    "index": 52
  },
  {
    "name": "Require(44) node_modules/.2.0.0@egg-i18n/app.js",
    "start": 1534751337332,
    "end": 1534751337338,
    "duration": 6,
    "pid": 13836,
    "index": 53
  },
  {
    "name": "Require(45) node_modules/.3.0.0@egg-watcher/app.js",
    "start": 1534751337339,
    "end": 1534751337342,
    "duration": 3,
    "pid": 13836,
    "index": 54
  },
  {
    "name": "Before Start in node_modules/.3.0.0@egg-watcher/app.js:15:7",
    "start": 1534751337348,
    "end": 1534751338561,
    "duration": 1213,
    "pid": 13836,
    "index": 55
  },
  {
    "name": "Require(46) node_modules/.2.0.0@egg-multipart/app.js",
    "start": 1534751337349,
    "end": 1534751337351,
    "duration": 2,
    "pid": 13836,
    "index": 56
  },
  {
    "name": "Require(47) node_modules/.2.3.1@egg-development/app.js",
    "start": 1534751337351,
    "end": 1534751337352,
    "duration": 1,
    "pid": 13836,
    "index": 57
  },
  {
    "name": "Before Start in node_modules/.2.3.1@egg-development/app.js:12:7",
    "start": 1534751337353,
    "end": 1534751338561,
    "duration": 1208,
    "pid": 13836,
    "index": 58
  },
  {
    "name": "Require(48) node_modules/.3.3.0@egg-schedule/app.js",
    "start": 1534751337353,
    "end": 1534751337354,
    "duration": 1,
    "pid": 13836,
    "index": 59
  },
  {
    "name": "Require(49) node_modules/.3.0.3@egg-logrotator/app.js",
    "start": 1534751337381,
    "end": 1534751337381,
    "duration": 0,
    "pid": 13836,
    "index": 60
  },
  {
    "name": "Require(50) node_modules/.2.1.1@egg-static/app.js",
    "start": 1534751337381,
    "end": 1534751337381,
    "duration": 0,
    "pid": 13836,
    "index": 61
  },
  {
    "name": "Require(51) node_modules/.1.0.0@egg-validate/app.js",
    "start": 1534751337382,
    "end": 1534751337383,
    "duration": 1,
    "pid": 13836,
    "index": 62
  },
  {
    "name": "Require(52) node_modules/.3.1.0@egg-mongoose/app.js",
    "start": 1534751337384,
    "end": 1534751337384,
    "duration": 0,
    "pid": 13836,
    "index": 63
  },
  {
    "name": "Before Start in node_modules/.3.1.0@egg-mongoose/lib/mongoose.js:77:7",
    "start": 1534751338135,
    "end": 1534751339574,
    "duration": 1439,
    "pid": 13836,
    "index": 64
  },
  {
    "name": "Before Start in node_modules/.3.1.0@egg-mongoose/lib/mongoose.js:42:9",
    "start": 1534751338135,
    "end": 1534751338511,
    "duration": 376,
    "pid": 13836,
    "index": 65
  },
  {
    "name": "Require(53) node_modules/.2.1.0@egg-cors/app.js",
    "start": 1534751338136,
    "end": 1534751338136,
    "duration": 0,
    "pid": 13836,
    "index": 66
  },
  {
    "name": "Require(54) node_modules/.2.2.0@egg-view-nunjucks/app.js",
    "start": 1534751338137,
    "end": 1534751338138,
    "duration": 1,
    "pid": 13836,
    "index": 67
  },
  {
    "name": "Load Service",
    "start": 1534751338139,
    "end": 1534751338412,
    "duration": 273,
    "pid": 13836,
    "index": 68
  },
  {
    "name": "Load \"service\" to Context",
    "start": 1534751338139,
    "end": 1534751338412,
    "duration": 273,
    "pid": 13836,
    "index": 69
  },
  {
    "name": "Load Middleware",
    "start": 1534751338412,
    "end": 1534751338472,
    "duration": 60,
    "pid": 13836,
    "index": 70
  },
  {
    "name": "Load \"middlewares\" to Application",
    "start": 1534751338412,
    "end": 1534751338465,
    "duration": 53,
    "pid": 13836,
    "index": 71
  },
  {
    "name": "Load Controller",
    "start": 1534751338472,
    "end": 1534751338477,
    "duration": 5,
    "pid": 13836,
    "index": 72
  },
  {
    "name": "Load \"controller\" to Application",
    "start": 1534751338472,
    "end": 1534751338477,
    "duration": 5,
    "pid": 13836,
    "index": 73
  },
  {
    "name": "Load Router",
    "start": 1534751338477,
    "end": 1534751338479,
    "duration": 2,
    "pid": 13836,
    "index": 74
  },
  {
    "name": "Require(55) app/router.js",
    "start": 1534751338477,
    "end": 1534751338478,
    "duration": 1,
    "pid": 13836,
    "index": 75
  },
  {
    "name": "Before Start in node_modules/.4.9.1@egg-core/lib/egg.js:328:10",
    "start": 1534751338478,
    "end": 1534751338511,
    "duration": 33,
    "pid": 13836,
    "index": 76
  },
  {
    "name": "Load \"model\" to Application",
    "start": 1534751338494,
    "end": 1534751338511,
    "duration": 17,
    "pid": 13836,
    "index": 77
  }
]