[
  {
    "name": "Application Start",
    "start": 1534759467947,
    "end": 1534759470328,
    "duration": 2381,
    "pid": 16064,
    "index": 0
  },
  {
    "name": "Load Plugin",
    "start": 1534759467951,
    "end": 1534759467969,
    "duration": 18,
    "pid": 16064,
    "index": 1
  },
  {
    "name": "Load Config",
    "start": 1534759467969,
    "end": 1534759467986,
    "duration": 17,
    "pid": 16064,
    "index": 2
  },
  {
    "name": "Require(0) config/config.default.js",
    "start": 1534759467969,
    "end": 1534759467970,
    "duration": 1,
    "pid": 16064,
    "index": 3
  },
  {
    "name": "Require(1) node_modules/.3.1.0@egg-session/config/config.default.js",
    "start": 1534759467971,
    "end": 1534759467971,
    "duration": 0,
    "pid": 16064,
    "index": 4
  },
  {
    "name": "Require(2) node_modules/.2.2.3@egg-security/config/config.default.js",
    "start": 1534759467971,
    "end": 1534759467971,
    "duration": 0,
    "pid": 16064,
    "index": 5
  },
  {
    "name": "Require(3) node_modules/.2.0.0@egg-jsonp/config/config.default.js",
    "start": 1534759467972,
    "end": 1534759467972,
    "duration": 0,
    "pid": 16064,
    "index": 6
  },
  {
    "name": "Require(4) node_modules/.2.1.0@egg-onerror/config/config.default.js",
    "start": 1534759467973,
    "end": 1534759467973,
    "duration": 0,
    "pid": 16064,
    "index": 7
  },
  {
    "name": "Require(5) node_modules/.2.0.0@egg-i18n/config/config.default.js",
    "start": 1534759467973,
    "end": 1534759467973,
    "duration": 0,
    "pid": 16064,
    "index": 8
  },
  {
    "name": "Require(6) node_modules/.3.0.0@egg-watcher/config/config.default.js",
    "start": 1534759467974,
    "end": 1534759467974,
    "duration": 0,
    "pid": 16064,
    "index": 9
  },
  {
    "name": "Require(7) node_modules/.2.0.0@egg-multipart/config/config.default.js",
    "start": 1534759467974,
    "end": 1534759467974,
    "duration": 0,
    "pid": 16064,
    "index": 10
  },
  {
    "name": "Require(8) node_modules/.2.3.1@egg-development/config/config.default.js",
    "start": 1534759467975,
    "end": 1534759467975,
    "duration": 0,
    "pid": 16064,
    "index": 11
  },
  {
    "name": "Require(9) node_modules/.3.3.0@egg-schedule/config/config.default.js",
    "start": 1534759467975,
    "end": 1534759467975,
    "duration": 0,
    "pid": 16064,
    "index": 12
  },
  {
    "name": "Require(10) node_modules/.3.0.3@egg-logrotator/config/config.default.js",
    "start": 1534759467976,
    "end": 1534759467976,
    "duration": 0,
    "pid": 16064,
    "index": 13
  },
  {
    "name": "Require(11) node_modules/.2.1.1@egg-static/config/config.default.js",
    "start": 1534759467976,
    "end": 1534759467978,
    "duration": 2,
    "pid": 16064,
    "index": 14
  },
  {
    "name": "Require(12) node_modules/.2.1.0@egg-view/config/config.default.js",
    "start": 1534759467978,
    "end": 1534759467979,
    "duration": 1,
    "pid": 16064,
    "index": 15
  },
  {
    "name": "Require(13) node_modules/.3.1.0@egg-mongoose/config/config.default.js",
    "start": 1534759467980,
    "end": 1534759467980,
    "duration": 0,
    "pid": 16064,
    "index": 16
  },
  {
    "name": "Require(14) node_modules/.2.1.0@egg-cors/config/config.default.js",
    "start": 1534759467980,
    "end": 1534759467980,
    "duration": 0,
    "pid": 16064,
    "index": 17
  },
  {
    "name": "Require(15) node_modules/.2.2.0@egg-view-nunjucks/config/config.default.js",
    "start": 1534759467981,
    "end": 1534759467981,
    "duration": 0,
    "pid": 16064,
    "index": 18
  },
  {
    "name": "Require(16) node_modules/.2.9.1@egg/config/config.default.js",
    "start": 1534759467981,
    "end": 1534759467981,
    "duration": 0,
    "pid": 16064,
    "index": 19
  },
  {
    "name": "Require(17) config/config.default.js",
    "start": 1534759467983,
    "end": 1534759467983,
    "duration": 0,
    "pid": 16064,
    "index": 20
  },
  {
    "name": "Require(18) node_modules/.2.2.3@egg-security/config/config.local.js",
    "start": 1534759467984,
    "end": 1534759467984,
    "duration": 0,
    "pid": 16064,
    "index": 21
  },
  {
    "name": "Require(19) node_modules/.3.0.0@egg-watcher/config/config.local.js",
    "start": 1534759467984,
    "end": 1534759467984,
    "duration": 0,
    "pid": 16064,
    "index": 22
  },
  {
    "name": "Require(20) node_modules/.2.1.0@egg-view/config/config.local.js",
    "start": 1534759467985,
    "end": 1534759467985,
    "duration": 0,
    "pid": 16064,
    "index": 23
  },
  {
    "name": "Require(21) node_modules/.2.2.0@egg-view-nunjucks/config/config.local.js",
    "start": 1534759467986,
    "end": 1534759467986,
    "duration": 0,
    "pid": 16064,
    "index": 24
  },
  {
    "name": "Require(22) node_modules/.2.9.1@egg/config/config.local.js",
    "start": 1534759467986,
    "end": 1534759467986,
    "duration": 0,
    "pid": 16064,
    "index": 25
  },
  {
    "name": "Load extend/application.js",
    "start": 1534759467987,
    "end": 1534759468045,
    "duration": 58,
    "pid": 16064,
    "index": 26
  },
  {
    "name": "Require(23) node_modules/.3.1.0@egg-session/app/extend/application.js",
    "start": 1534759467988,
    "end": 1534759467988,
    "duration": 0,
    "pid": 16064,
    "index": 27
  },
  {
    "name": "Require(24) node_modules/.2.2.3@egg-security/app/extend/application.js",
    "start": 1534759467988,
    "end": 1534759467989,
    "duration": 1,
    "pid": 16064,
    "index": 28
  },
  {
    "name": "Require(25) node_modules/.2.0.0@egg-jsonp/app/extend/application.js",
    "start": 1534759467989,
    "end": 1534759467990,
    "duration": 1,
    "pid": 16064,
    "index": 29
  },
  {
    "name": "Require(26) node_modules/.3.0.3@egg-logrotator/app/extend/application.js",
    "start": 1534759467991,
    "end": 1534759467993,
    "duration": 2,
    "pid": 16064,
    "index": 30
  },
  {
    "name": "Require(27) node_modules/.2.1.0@egg-view/app/extend/application.js",
    "start": 1534759467993,
    "end": 1534759467995,
    "duration": 2,
    "pid": 16064,
    "index": 31
  },
  {
    "name": "Require(28) node_modules/.2.2.0@egg-view-nunjucks/app/extend/application.js",
    "start": 1534759467995,
    "end": 1534759468042,
    "duration": 47,
    "pid": 16064,
    "index": 32
  },
  {
    "name": "Load extend/request.js",
    "start": 1534759468045,
    "end": 1534759468050,
    "duration": 5,
    "pid": 16064,
    "index": 33
  },
  {
    "name": "Require(29) node_modules/.2.9.1@egg/app/extend/request.js",
    "start": 1534759468047,
    "end": 1534759468049,
    "duration": 2,
    "pid": 16064,
    "index": 34
  },
  {
    "name": "Load extend/response.js",
    "start": 1534759468051,
    "end": 1534759468056,
    "duration": 5,
    "pid": 16064,
    "index": 35
  },
  {
    "name": "Require(30) node_modules/.2.9.1@egg/app/extend/response.js",
    "start": 1534759468052,
    "end": 1534759468054,
    "duration": 2,
    "pid": 16064,
    "index": 36
  },
  {
    "name": "Load extend/context.js",
    "start": 1534759468056,
    "end": 1534759468119,
    "duration": 63,
    "pid": 16064,
    "index": 37
  },
  {
    "name": "Require(31) node_modules/.2.2.3@egg-security/app/extend/context.js",
    "start": 1534759468057,
    "end": 1534759468068,
    "duration": 11,
    "pid": 16064,
    "index": 38
  },
  {
    "name": "Require(32) node_modules/.2.0.0@egg-jsonp/app/extend/context.js",
    "start": 1534759468068,
    "end": 1534759468069,
    "duration": 1,
    "pid": 16064,
    "index": 39
  },
  {
    "name": "Require(33) node_modules/.2.0.0@egg-i18n/app/extend/context.js",
    "start": 1534759468070,
    "end": 1534759468070,
    "duration": 0,
    "pid": 16064,
    "index": 40
  },
  {
    "name": "Require(34) node_modules/.2.0.0@egg-multipart/app/extend/context.js",
    "start": 1534759468070,
    "end": 1534759468108,
    "duration": 38,
    "pid": 16064,
    "index": 41
  },
  {
    "name": "Require(35) node_modules/.2.1.0@egg-view/app/extend/context.js",
    "start": 1534759468109,
    "end": 1534759468110,
    "duration": 1,
    "pid": 16064,
    "index": 42
  },
  {
    "name": "Require(36) node_modules/.1.0.0@egg-validate/app/extend/context.js",
    "start": 1534759468111,
    "end": 1534759468111,
    "duration": 0,
    "pid": 16064,
    "index": 43
  },
  {
    "name": "Require(37) node_modules/.3.1.0@egg-mongoose/app/extend/context.js",
    "start": 1534759468111,
    "end": 1534759468112,
    "duration": 1,
    "pid": 16064,
    "index": 44
  },
  {
    "name": "Require(38) node_modules/.2.9.1@egg/app/extend/context.js",
    "start": 1534759468112,
    "end": 1534759468114,
    "duration": 2,
    "pid": 16064,
    "index": 45
  },
  {
    "name": "Load extend/helper.js",
    "start": 1534759468119,
    "end": 1534759468139,
    "duration": 20,
    "pid": 16064,
    "index": 46
  },
  {
    "name": "Require(39) node_modules/.2.2.3@egg-security/app/extend/helper.js",
    "start": 1534759468120,
    "end": 1534759468135,
    "duration": 15,
    "pid": 16064,
    "index": 47
  },
  {
    "name": "Require(40) node_modules/.2.9.1@egg/app/extend/helper.js",
    "start": 1534759468136,
    "end": 1534759468137,
    "duration": 1,
    "pid": 16064,
    "index": 48
  },
  {
    "name": "Load app.js",
    "start": 1534759468139,
    "end": 1534759468941,
    "duration": 802,
    "pid": 16064,
    "index": 49
  },
  {
    "name": "Require(41) node_modules/.3.1.0@egg-session/app.js",
    "start": 1534759468139,
    "end": 1534759468139,
    "duration": 0,
    "pid": 16064,
    "index": 50
  },
  {
    "name": "Require(42) node_modules/.2.2.3@egg-security/app.js",
    "start": 1534759468140,
    "end": 1534759468141,
    "duration": 1,
    "pid": 16064,
    "index": 51
  },
  {
    "name": "Require(43) node_modules/.2.1.0@egg-onerror/app.js",
    "start": 1534759468142,
    "end": 1534759468149,
    "duration": 7,
    "pid": 16064,
    "index": 52
  },
  {
    "name": "Require(44) node_modules/.2.0.0@egg-i18n/app.js",
    "start": 1534759468150,
    "end": 1534759468155,
    "duration": 5,
    "pid": 16064,
    "index": 53
  },
  {
    "name": "Require(45) node_modules/.3.0.0@egg-watcher/app.js",
    "start": 1534759468156,
    "end": 1534759468159,
    "duration": 3,
    "pid": 16064,
    "index": 54
  },
  {
    "name": "Before Start in node_modules/.3.0.0@egg-watcher/app.js:15:7",
    "start": 1534759468165,
    "end": 1534759469332,
    "duration": 1167,
    "pid": 16064,
    "index": 55
  },
  {
    "name": "Require(46) node_modules/.2.0.0@egg-multipart/app.js",
    "start": 1534759468166,
    "end": 1534759468170,
    "duration": 4,
    "pid": 16064,
    "index": 56
  },
  {
    "name": "Require(47) node_modules/.2.3.1@egg-development/app.js",
    "start": 1534759468171,
    "end": 1534759468172,
    "duration": 1,
    "pid": 16064,
    "index": 57
  },
  {
    "name": "Before Start in node_modules/.2.3.1@egg-development/app.js:12:7",
    "start": 1534759468172,
    "end": 1534759469332,
    "duration": 1160,
    "pid": 16064,
    "index": 58
  },
  {
    "name": "Require(48) node_modules/.3.3.0@egg-schedule/app.js",
    "start": 1534759468173,
    "end": 1534759468174,
    "duration": 1,
    "pid": 16064,
    "index": 59
  },
  {
    "name": "Require(49) node_modules/.3.0.3@egg-logrotator/app.js",
    "start": 1534759468203,
    "end": 1534759468203,
    "duration": 0,
    "pid": 16064,
    "index": 60
  },
  {
    "name": "Require(50) node_modules/.2.1.1@egg-static/app.js",
    "start": 1534759468203,
    "end": 1534759468203,
    "duration": 0,
    "pid": 16064,
    "index": 61
  },
  {
    "name": "Require(51) node_modules/.1.0.0@egg-validate/app.js",
    "start": 1534759468204,
    "end": 1534759468205,
    "duration": 1,
    "pid": 16064,
    "index": 62
  },
  {
    "name": "Require(52) node_modules/.3.1.0@egg-mongoose/app.js",
    "start": 1534759468206,
    "end": 1534759468206,
    "duration": 0,
    "pid": 16064,
    "index": 63
  },
  {
    "name": "Before Start in node_modules/.3.1.0@egg-mongoose/lib/mongoose.js:77:7",
    "start": 1534759468939,
    "end": 1534759470327,
    "duration": 1388,
    "pid": 16064,
    "index": 64
  },
  {
    "name": "Before Start in node_modules/.3.1.0@egg-mongoose/lib/mongoose.js:42:9",
    "start": 1534759468939,
    "end": 1534759469284,
    "duration": 345,
    "pid": 16064,
    "index": 65
  },
  {
    "name": "Require(53) node_modules/.2.1.0@egg-cors/app.js",
    "start": 1534759468939,
    "end": 1534759468940,
    "duration": 1,
    "pid": 16064,
    "index": 66
  },
  {
    "name": "Require(54) node_modules/.2.2.0@egg-view-nunjucks/app.js",
    "start": 1534759468940,
    "end": 1534759468940,
    "duration": 0,
    "pid": 16064,
    "index": 67
  },
  {
    "name": "Load Service",
    "start": 1534759468941,
    "end": 1534759469196,
    "duration": 255,
    "pid": 16064,
    "index": 68
  },
  {
    "name": "Load \"service\" to Context",
    "start": 1534759468941,
    "end": 1534759469196,
    "duration": 255,
    "pid": 16064,
    "index": 69
  },
  {
    "name": "Load Middleware",
    "start": 1534759469197,
    "end": 1534759469253,
    "duration": 56,
    "pid": 16064,
    "index": 70
  },
  {
    "name": "Load \"middlewares\" to Application",
    "start": 1534759469197,
    "end": 1534759469246,
    "duration": 49,
    "pid": 16064,
    "index": 71
  },
  {
    "name": "Load Controller",
    "start": 1534759469253,
    "end": 1534759469258,
    "duration": 5,
    "pid": 16064,
    "index": 72
  },
  {
    "name": "Load \"controller\" to Application",
    "start": 1534759469253,
    "end": 1534759469258,
    "duration": 5,
    "pid": 16064,
    "index": 73
  },
  {
    "name": "Load Router",
    "start": 1534759469258,
    "end": 1534759469260,
    "duration": 2,
    "pid": 16064,
    "index": 74
  },
  {
    "name": "Require(55) app/router.js",
    "start": 1534759469258,
    "end": 1534759469258,
    "duration": 0,
    "pid": 16064,
    "index": 75
  },
  {
    "name": "Before Start in node_modules/.4.9.1@egg-core/lib/egg.js:328:10",
    "start": 1534759469259,
    "end": 1534759469284,
    "duration": 25,
    "pid": 16064,
    "index": 76
  },
  {
    "name": "Load \"model\" to Application",
    "start": 1534759469270,
    "end": 1534759469283,
    "duration": 13,
    "pid": 16064,
    "index": 77
  }
]