[
  {
    "name": "Application Start",
    "start": 1534758692851,
    "end": 1534758695237,
    "duration": 2386,
    "pid": 12396,
    "index": 0
  },
  {
    "name": "Load Plugin",
    "start": 1534758692855,
    "end": 1534758692871,
    "duration": 16,
    "pid": 12396,
    "index": 1
  },
  {
    "name": "Load Config",
    "start": 1534758692871,
    "end": 1534758692891,
    "duration": 20,
    "pid": 12396,
    "index": 2
  },
  {
    "name": "Require(0) config/config.default.js",
    "start": 1534758692872,
    "end": 1534758692872,
    "duration": 0,
    "pid": 12396,
    "index": 3
  },
  {
    "name": "Require(1) node_modules/.3.1.0@egg-session/config/config.default.js",
    "start": 1534758692873,
    "end": 1534758692874,
    "duration": 1,
    "pid": 12396,
    "index": 4
  },
  {
    "name": "Require(2) node_modules/.2.2.3@egg-security/config/config.default.js",
    "start": 1534758692874,
    "end": 1534758692874,
    "duration": 0,
    "pid": 12396,
    "index": 5
  },
  {
    "name": "Require(3) node_modules/.2.0.0@egg-jsonp/config/config.default.js",
    "start": 1534758692876,
    "end": 1534758692876,
    "duration": 0,
    "pid": 12396,
    "index": 6
  },
  {
    "name": "Require(4) node_modules/.2.1.0@egg-onerror/config/config.default.js",
    "start": 1534758692876,
    "end": 1534758692877,
    "duration": 1,
    "pid": 12396,
    "index": 7
  },
  {
    "name": "Require(5) node_modules/.2.0.0@egg-i18n/config/config.default.js",
    "start": 1534758692877,
    "end": 1534758692877,
    "duration": 0,
    "pid": 12396,
    "index": 8
  },
  {
    "name": "Require(6) node_modules/.3.0.0@egg-watcher/config/config.default.js",
    "start": 1534758692877,
    "end": 1534758692878,
    "duration": 1,
    "pid": 12396,
    "index": 9
  },
  {
    "name": "Require(7) node_modules/.2.0.0@egg-multipart/config/config.default.js",
    "start": 1534758692878,
    "end": 1534758692878,
    "duration": 0,
    "pid": 12396,
    "index": 10
  },
  {
    "name": "Require(8) node_modules/.2.3.1@egg-development/config/config.default.js",
    "start": 1534758692878,
    "end": 1534758692879,
    "duration": 1,
    "pid": 12396,
    "index": 11
  },
  {
    "name": "Require(9) node_modules/.3.3.0@egg-schedule/config/config.default.js",
    "start": 1534758692879,
    "end": 1534758692879,
    "duration": 0,
    "pid": 12396,
    "index": 12
  },
  {
    "name": "Require(10) node_modules/.3.0.3@egg-logrotator/config/config.default.js",
    "start": 1534758692880,
    "end": 1534758692880,
    "duration": 0,
    "pid": 12396,
    "index": 13
  },
  {
    "name": "Require(11) node_modules/.2.1.1@egg-static/config/config.default.js",
    "start": 1534758692880,
    "end": 1534758692880,
    "duration": 0,
    "pid": 12396,
    "index": 14
  },
  {
    "name": "Require(12) node_modules/.2.1.0@egg-view/config/config.default.js",
    "start": 1534758692881,
    "end": 1534758692882,
    "duration": 1,
    "pid": 12396,
    "index": 15
  },
  {
    "name": "Require(13) node_modules/.3.1.0@egg-mongoose/config/config.default.js",
    "start": 1534758692882,
    "end": 1534758692882,
    "duration": 0,
    "pid": 12396,
    "index": 16
  },
  {
    "name": "Require(14) node_modules/.2.1.0@egg-cors/config/config.default.js",
    "start": 1534758692883,
    "end": 1534758692883,
    "duration": 0,
    "pid": 12396,
    "index": 17
  },
  {
    "name": "Require(15) node_modules/.2.2.0@egg-view-nunjucks/config/config.default.js",
    "start": 1534758692883,
    "end": 1534758692883,
    "duration": 0,
    "pid": 12396,
    "index": 18
  },
  {
    "name": "Require(16) node_modules/.2.9.1@egg/config/config.default.js",
    "start": 1534758692884,
    "end": 1534758692885,
    "duration": 1,
    "pid": 12396,
    "index": 19
  },
  {
    "name": "Require(17) config/config.default.js",
    "start": 1534758692887,
    "end": 1534758692887,
    "duration": 0,
    "pid": 12396,
    "index": 20
  },
  {
    "name": "Require(18) node_modules/.2.2.3@egg-security/config/config.local.js",
    "start": 1534758692887,
    "end": 1534758692887,
    "duration": 0,
    "pid": 12396,
    "index": 21
  },
  {
    "name": "Require(19) node_modules/.3.0.0@egg-watcher/config/config.local.js",
    "start": 1534758692888,
    "end": 1534758692888,
    "duration": 0,
    "pid": 12396,
    "index": 22
  },
  {
    "name": "Require(20) node_modules/.2.1.0@egg-view/config/config.local.js",
    "start": 1534758692889,
    "end": 1534758692889,
    "duration": 0,
    "pid": 12396,
    "index": 23
  },
  {
    "name": "Require(21) node_modules/.2.2.0@egg-view-nunjucks/config/config.local.js",
    "start": 1534758692890,
    "end": 1534758692890,
    "duration": 0,
    "pid": 12396,
    "index": 24
  },
  {
    "name": "Require(22) node_modules/.2.9.1@egg/config/config.local.js",
    "start": 1534758692890,
    "end": 1534758692891,
    "duration": 1,
    "pid": 12396,
    "index": 25
  },
  {
    "name": "Load extend/application.js",
    "start": 1534758692892,
    "end": 1534758692953,
    "duration": 61,
    "pid": 12396,
    "index": 26
  },
  {
    "name": "Require(23) node_modules/.3.1.0@egg-session/app/extend/application.js",
    "start": 1534758692892,
    "end": 1534758692892,
    "duration": 0,
    "pid": 12396,
    "index": 27
  },
  {
    "name": "Require(24) node_modules/.2.2.3@egg-security/app/extend/application.js",
    "start": 1534758692893,
    "end": 1534758692893,
    "duration": 0,
    "pid": 12396,
    "index": 28
  },
  {
    "name": "Require(25) node_modules/.2.0.0@egg-jsonp/app/extend/application.js",
    "start": 1534758692894,
    "end": 1534758692895,
    "duration": 1,
    "pid": 12396,
    "index": 29
  },
  {
    "name": "Require(26) node_modules/.3.0.3@egg-logrotator/app/extend/application.js",
    "start": 1534758692896,
    "end": 1534758692898,
    "duration": 2,
    "pid": 12396,
    "index": 30
  },
  {
    "name": "Require(27) node_modules/.2.1.0@egg-view/app/extend/application.js",
    "start": 1534758692898,
    "end": 1534758692899,
    "duration": 1,
    "pid": 12396,
    "index": 31
  },
  {
    "name": "Require(28) node_modules/.2.2.0@egg-view-nunjucks/app/extend/application.js",
    "start": 1534758692900,
    "end": 1534758692950,
    "duration": 50,
    "pid": 12396,
    "index": 32
  },
  {
    "name": "Load extend/request.js",
    "start": 1534758692953,
    "end": 1534758692958,
    "duration": 5,
    "pid": 12396,
    "index": 33
  },
  {
    "name": "Require(29) node_modules/.2.9.1@egg/app/extend/request.js",
    "start": 1534758692955,
    "end": 1534758692956,
    "duration": 1,
    "pid": 12396,
    "index": 34
  },
  {
    "name": "Load extend/response.js",
    "start": 1534758692958,
    "end": 1534758692963,
    "duration": 5,
    "pid": 12396,
    "index": 35
  },
  {
    "name": "Require(30) node_modules/.2.9.1@egg/app/extend/response.js",
    "start": 1534758692960,
    "end": 1534758692961,
    "duration": 1,
    "pid": 12396,
    "index": 36
  },
  {
    "name": "Load extend/context.js",
    "start": 1534758692963,
    "end": 1534758693022,
    "duration": 59,
    "pid": 12396,
    "index": 37
  },
  {
    "name": "Require(31) node_modules/.2.2.3@egg-security/app/extend/context.js",
    "start": 1534758692964,
    "end": 1534758692974,
    "duration": 10,
    "pid": 12396,
    "index": 38
  },
  {
    "name": "Require(32) node_modules/.2.0.0@egg-jsonp/app/extend/context.js",
    "start": 1534758692975,
    "end": 1534758692976,
    "duration": 1,
    "pid": 12396,
    "index": 39
  },
  {
    "name": "Require(33) node_modules/.2.0.0@egg-i18n/app/extend/context.js",
    "start": 1534758692976,
    "end": 1534758692977,
    "duration": 1,
    "pid": 12396,
    "index": 40
  },
  {
    "name": "Require(34) node_modules/.2.0.0@egg-multipart/app/extend/context.js",
    "start": 1534758692977,
    "end": 1534758693013,
    "duration": 36,
    "pid": 12396,
    "index": 41
  },
  {
    "name": "Require(35) node_modules/.2.1.0@egg-view/app/extend/context.js",
    "start": 1534758693014,
    "end": 1534758693014,
    "duration": 0,
    "pid": 12396,
    "index": 42
  },
  {
    "name": "Require(36) node_modules/.1.0.0@egg-validate/app/extend/context.js",
    "start": 1534758693014,
    "end": 1534758693015,
    "duration": 1,
    "pid": 12396,
    "index": 43
  },
  {
    "name": "Require(37) node_modules/.3.1.0@egg-mongoose/app/extend/context.js",
    "start": 1534758693015,
    "end": 1534758693015,
    "duration": 0,
    "pid": 12396,
    "index": 44
  },
  {
    "name": "Require(38) node_modules/.2.9.1@egg/app/extend/context.js",
    "start": 1534758693016,
    "end": 1534758693017,
    "duration": 1,
    "pid": 12396,
    "index": 45
  },
  {
    "name": "Load extend/helper.js",
    "start": 1534758693022,
    "end": 1534758693037,
    "duration": 15,
    "pid": 12396,
    "index": 46
  },
  {
    "name": "Require(39) node_modules/.2.2.3@egg-security/app/extend/helper.js",
    "start": 1534758693023,
    "end": 1534758693033,
    "duration": 10,
    "pid": 12396,
    "index": 47
  },
  {
    "name": "Require(40) node_modules/.2.9.1@egg/app/extend/helper.js",
    "start": 1534758693035,
    "end": 1534758693035,
    "duration": 0,
    "pid": 12396,
    "index": 48
  },
  {
    "name": "Load app.js",
    "start": 1534758693037,
    "end": 1534758693833,
    "duration": 796,
    "pid": 12396,
    "index": 49
  },
  {
    "name": "Require(41) node_modules/.3.1.0@egg-session/app.js",
    "start": 1534758693037,
    "end": 1534758693038,
    "duration": 1,
    "pid": 12396,
    "index": 50
  },
  {
    "name": "Require(42) node_modules/.2.2.3@egg-security/app.js",
    "start": 1534758693038,
    "end": 1534758693039,
    "duration": 1,
    "pid": 12396,
    "index": 51
  },
  {
    "name": "Require(43) node_modules/.2.1.0@egg-onerror/app.js",
    "start": 1534758693040,
    "end": 1534758693046,
    "duration": 6,
    "pid": 12396,
    "index": 52
  },
  {
    "name": "Require(44) node_modules/.2.0.0@egg-i18n/app.js",
    "start": 1534758693047,
    "end": 1534758693052,
    "duration": 5,
    "pid": 12396,
    "index": 53
  },
  {
    "name": "Require(45) node_modules/.3.0.0@egg-watcher/app.js",
    "start": 1534758693054,
    "end": 1534758693056,
    "duration": 2,
    "pid": 12396,
    "index": 54
  },
  {
    "name": "Before Start in node_modules/.3.0.0@egg-watcher/app.js:15:7",
    "start": 1534758693063,
    "end": 1534758694233,
    "duration": 1170,
    "pid": 12396,
    "index": 55
  },
  {
    "name": "Require(46) node_modules/.2.0.0@egg-multipart/app.js",
    "start": 1534758693064,
    "end": 1534758693066,
    "duration": 2,
    "pid": 12396,
    "index": 56
  },
  {
    "name": "Require(47) node_modules/.2.3.1@egg-development/app.js",
    "start": 1534758693066,
    "end": 1534758693068,
    "duration": 2,
    "pid": 12396,
    "index": 57
  },
  {
    "name": "Before Start in node_modules/.2.3.1@egg-development/app.js:12:7",
    "start": 1534758693068,
    "end": 1534758694233,
    "duration": 1165,
    "pid": 12396,
    "index": 58
  },
  {
    "name": "Require(48) node_modules/.3.3.0@egg-schedule/app.js",
    "start": 1534758693068,
    "end": 1534758693069,
    "duration": 1,
    "pid": 12396,
    "index": 59
  },
  {
    "name": "Require(49) node_modules/.3.0.3@egg-logrotator/app.js",
    "start": 1534758693097,
    "end": 1534758693097,
    "duration": 0,
    "pid": 12396,
    "index": 60
  },
  {
    "name": "Require(50) node_modules/.2.1.1@egg-static/app.js",
    "start": 1534758693098,
    "end": 1534758693098,
    "duration": 0,
    "pid": 12396,
    "index": 61
  },
  {
    "name": "Require(51) node_modules/.1.0.0@egg-validate/app.js",
    "start": 1534758693098,
    "end": 1534758693100,
    "duration": 2,
    "pid": 12396,
    "index": 62
  },
  {
    "name": "Require(52) node_modules/.3.1.0@egg-mongoose/app.js",
    "start": 1534758693100,
    "end": 1534758693100,
    "duration": 0,
    "pid": 12396,
    "index": 63
  },
  {
    "name": "Before Start in node_modules/.3.1.0@egg-mongoose/lib/mongoose.js:77:7",
    "start": 1534758693831,
    "end": 1534758695237,
    "duration": 1406,
    "pid": 12396,
    "index": 64
  },
  {
    "name": "Before Start in node_modules/.3.1.0@egg-mongoose/lib/mongoose.js:42:9",
    "start": 1534758693831,
    "end": 1534758694193,
    "duration": 362,
    "pid": 12396,
    "index": 65
  },
  {
    "name": "Require(53) node_modules/.2.1.0@egg-cors/app.js",
    "start": 1534758693831,
    "end": 1534758693831,
    "duration": 0,
    "pid": 12396,
    "index": 66
  },
  {
    "name": "Require(54) node_modules/.2.2.0@egg-view-nunjucks/app.js",
    "start": 1534758693832,
    "end": 1534758693832,
    "duration": 0,
    "pid": 12396,
    "index": 67
  },
  {
    "name": "Load Service",
    "start": 1534758693833,
    "end": 1534758694096,
    "duration": 263,
    "pid": 12396,
    "index": 68
  },
  {
    "name": "Load \"service\" to Context",
    "start": 1534758693833,
    "end": 1534758694096,
    "duration": 263,
    "pid": 12396,
    "index": 69
  },
  {
    "name": "Load Middleware",
    "start": 1534758694096,
    "end": 1534758694155,
    "duration": 59,
    "pid": 12396,
    "index": 70
  },
  {
    "name": "Load \"middlewares\" to Application",
    "start": 1534758694096,
    "end": 1534758694148,
    "duration": 52,
    "pid": 12396,
    "index": 71
  },
  {
    "name": "Load Controller",
    "start": 1534758694155,
    "end": 1534758694160,
    "duration": 5,
    "pid": 12396,
    "index": 72
  },
  {
    "name": "Load \"controller\" to Application",
    "start": 1534758694155,
    "end": 1534758694160,
    "duration": 5,
    "pid": 12396,
    "index": 73
  },
  {
    "name": "Load Router",
    "start": 1534758694160,
    "end": 1534758694162,
    "duration": 2,
    "pid": 12396,
    "index": 74
  },
  {
    "name": "Require(55) app/router.js",
    "start": 1534758694160,
    "end": 1534758694160,
    "duration": 0,
    "pid": 12396,
    "index": 75
  },
  {
    "name": "Before Start in node_modules/.4.9.1@egg-core/lib/egg.js:328:10",
    "start": 1534758694161,
    "end": 1534758694193,
    "duration": 32,
    "pid": 12396,
    "index": 76
  },
  {
    "name": "Load \"model\" to Application",
    "start": 1534758694174,
    "end": 1534758694192,
    "duration": 18,
    "pid": 12396,
    "index": 77
  }
]