[
  {
    "name": "Application Start",
    "start": 1534753286515,
    "end": 1534753288940,
    "duration": 2425,
    "pid": 12628,
    "index": 0
  },
  {
    "name": "Load Plugin",
    "start": 1534753286518,
    "end": 1534753286534,
    "duration": 16,
    "pid": 12628,
    "index": 1
  },
  {
    "name": "Load Config",
    "start": 1534753286534,
    "end": 1534753286554,
    "duration": 20,
    "pid": 12628,
    "index": 2
  },
  {
    "name": "Require(0) config/config.default.js",
    "start": 1534753286535,
    "end": 1534753286536,
    "duration": 1,
    "pid": 12628,
    "index": 3
  },
  {
    "name": "Require(1) node_modules/.3.1.0@egg-session/config/config.default.js",
    "start": 1534753286537,
    "end": 1534753286537,
    "duration": 0,
    "pid": 12628,
    "index": 4
  },
  {
    "name": "Require(2) node_modules/.2.2.3@egg-security/config/config.default.js",
    "start": 1534753286538,
    "end": 1534753286538,
    "duration": 0,
    "pid": 12628,
    "index": 5
  },
  {
    "name": "Require(3) node_modules/.2.0.0@egg-jsonp/config/config.default.js",
    "start": 1534753286539,
    "end": 1534753286539,
    "duration": 0,
    "pid": 12628,
    "index": 6
  },
  {
    "name": "Require(4) node_modules/.2.1.0@egg-onerror/config/config.default.js",
    "start": 1534753286539,
    "end": 1534753286540,
    "duration": 1,
    "pid": 12628,
    "index": 7
  },
  {
    "name": "Require(5) node_modules/.2.0.0@egg-i18n/config/config.default.js",
    "start": 1534753286540,
    "end": 1534753286540,
    "duration": 0,
    "pid": 12628,
    "index": 8
  },
  {
    "name": "Require(6) node_modules/.3.0.0@egg-watcher/config/config.default.js",
    "start": 1534753286540,
    "end": 1534753286541,
    "duration": 1,
    "pid": 12628,
    "index": 9
  },
  {
    "name": "Require(7) node_modules/.2.0.0@egg-multipart/config/config.default.js",
    "start": 1534753286541,
    "end": 1534753286541,
    "duration": 0,
    "pid": 12628,
    "index": 10
  },
  {
    "name": "Require(8) node_modules/.2.3.1@egg-development/config/config.default.js",
    "start": 1534753286542,
    "end": 1534753286542,
    "duration": 0,
    "pid": 12628,
    "index": 11
  },
  {
    "name": "Require(9) node_modules/.3.3.0@egg-schedule/config/config.default.js",
    "start": 1534753286542,
    "end": 1534753286542,
    "duration": 0,
    "pid": 12628,
    "index": 12
  },
  {
    "name": "Require(10) node_modules/.3.0.3@egg-logrotator/config/config.default.js",
    "start": 1534753286543,
    "end": 1534753286543,
    "duration": 0,
    "pid": 12628,
    "index": 13
  },
  {
    "name": "Require(11) node_modules/.2.1.1@egg-static/config/config.default.js",
    "start": 1534753286543,
    "end": 1534753286544,
    "duration": 1,
    "pid": 12628,
    "index": 14
  },
  {
    "name": "Require(12) node_modules/.2.1.0@egg-view/config/config.default.js",
    "start": 1534753286544,
    "end": 1534753286544,
    "duration": 0,
    "pid": 12628,
    "index": 15
  },
  {
    "name": "Require(13) node_modules/.3.1.0@egg-mongoose/config/config.default.js",
    "start": 1534753286545,
    "end": 1534753286545,
    "duration": 0,
    "pid": 12628,
    "index": 16
  },
  {
    "name": "Require(14) node_modules/.2.1.0@egg-cors/config/config.default.js",
    "start": 1534753286545,
    "end": 1534753286545,
    "duration": 0,
    "pid": 12628,
    "index": 17
  },
  {
    "name": "Require(15) node_modules/.2.2.0@egg-view-nunjucks/config/config.default.js",
    "start": 1534753286546,
    "end": 1534753286546,
    "duration": 0,
    "pid": 12628,
    "index": 18
  },
  {
    "name": "Require(16) node_modules/.2.9.1@egg/config/config.default.js",
    "start": 1534753286546,
    "end": 1534753286547,
    "duration": 1,
    "pid": 12628,
    "index": 19
  },
  {
    "name": "Require(17) config/config.default.js",
    "start": 1534753286550,
    "end": 1534753286550,
    "duration": 0,
    "pid": 12628,
    "index": 20
  },
  {
    "name": "Require(18) node_modules/.2.2.3@egg-security/config/config.local.js",
    "start": 1534753286551,
    "end": 1534753286551,
    "duration": 0,
    "pid": 12628,
    "index": 21
  },
  {
    "name": "Require(19) node_modules/.3.0.0@egg-watcher/config/config.local.js",
    "start": 1534753286552,
    "end": 1534753286552,
    "duration": 0,
    "pid": 12628,
    "index": 22
  },
  {
    "name": "Require(20) node_modules/.2.1.0@egg-view/config/config.local.js",
    "start": 1534753286553,
    "end": 1534753286553,
    "duration": 0,
    "pid": 12628,
    "index": 23
  },
  {
    "name": "Require(21) node_modules/.2.2.0@egg-view-nunjucks/config/config.local.js",
    "start": 1534753286553,
    "end": 1534753286553,
    "duration": 0,
    "pid": 12628,
    "index": 24
  },
  {
    "name": "Require(22) node_modules/.2.9.1@egg/config/config.local.js",
    "start": 1534753286554,
    "end": 1534753286554,
    "duration": 0,
    "pid": 12628,
    "index": 25
  },
  {
    "name": "Load extend/application.js",
    "start": 1534753286555,
    "end": 1534753286610,
    "duration": 55,
    "pid": 12628,
    "index": 26
  },
  {
    "name": "Require(23) node_modules/.3.1.0@egg-session/app/extend/application.js",
    "start": 1534753286555,
    "end": 1534753286556,
    "duration": 1,
    "pid": 12628,
    "index": 27
  },
  {
    "name": "Require(24) node_modules/.2.2.3@egg-security/app/extend/application.js",
    "start": 1534753286556,
    "end": 1534753286557,
    "duration": 1,
    "pid": 12628,
    "index": 28
  },
  {
    "name": "Require(25) node_modules/.2.0.0@egg-jsonp/app/extend/application.js",
    "start": 1534753286557,
    "end": 1534753286558,
    "duration": 1,
    "pid": 12628,
    "index": 29
  },
  {
    "name": "Require(26) node_modules/.3.0.3@egg-logrotator/app/extend/application.js",
    "start": 1534753286559,
    "end": 1534753286561,
    "duration": 2,
    "pid": 12628,
    "index": 30
  },
  {
    "name": "Require(27) node_modules/.2.1.0@egg-view/app/extend/application.js",
    "start": 1534753286562,
    "end": 1534753286563,
    "duration": 1,
    "pid": 12628,
    "index": 31
  },
  {
    "name": "Require(28) node_modules/.2.2.0@egg-view-nunjucks/app/extend/application.js",
    "start": 1534753286564,
    "end": 1534753286607,
    "duration": 43,
    "pid": 12628,
    "index": 32
  },
  {
    "name": "Load extend/request.js",
    "start": 1534753286610,
    "end": 1534753286615,
    "duration": 5,
    "pid": 12628,
    "index": 33
  },
  {
    "name": "Require(29) node_modules/.2.9.1@egg/app/extend/request.js",
    "start": 1534753286612,
    "end": 1534753286613,
    "duration": 1,
    "pid": 12628,
    "index": 34
  },
  {
    "name": "Load extend/response.js",
    "start": 1534753286615,
    "end": 1534753286620,
    "duration": 5,
    "pid": 12628,
    "index": 35
  },
  {
    "name": "Require(30) node_modules/.2.9.1@egg/app/extend/response.js",
    "start": 1534753286617,
    "end": 1534753286618,
    "duration": 1,
    "pid": 12628,
    "index": 36
  },
  {
    "name": "Load extend/context.js",
    "start": 1534753286620,
    "end": 1534753286675,
    "duration": 55,
    "pid": 12628,
    "index": 37
  },
  {
    "name": "Require(31) node_modules/.2.2.3@egg-security/app/extend/context.js",
    "start": 1534753286621,
    "end": 1534753286630,
    "duration": 9,
    "pid": 12628,
    "index": 38
  },
  {
    "name": "Require(32) node_modules/.2.0.0@egg-jsonp/app/extend/context.js",
    "start": 1534753286630,
    "end": 1534753286631,
    "duration": 1,
    "pid": 12628,
    "index": 39
  },
  {
    "name": "Require(33) node_modules/.2.0.0@egg-i18n/app/extend/context.js",
    "start": 1534753286632,
    "end": 1534753286632,
    "duration": 0,
    "pid": 12628,
    "index": 40
  },
  {
    "name": "Require(34) node_modules/.2.0.0@egg-multipart/app/extend/context.js",
    "start": 1534753286632,
    "end": 1534753286667,
    "duration": 35,
    "pid": 12628,
    "index": 41
  },
  {
    "name": "Require(35) node_modules/.2.1.0@egg-view/app/extend/context.js",
    "start": 1534753286667,
    "end": 1534753286668,
    "duration": 1,
    "pid": 12628,
    "index": 42
  },
  {
    "name": "Require(36) node_modules/.1.0.0@egg-validate/app/extend/context.js",
    "start": 1534753286668,
    "end": 1534753286669,
    "duration": 1,
    "pid": 12628,
    "index": 43
  },
  {
    "name": "Require(37) node_modules/.3.1.0@egg-mongoose/app/extend/context.js",
    "start": 1534753286669,
    "end": 1534753286669,
    "duration": 0,
    "pid": 12628,
    "index": 44
  },
  {
    "name": "Require(38) node_modules/.2.9.1@egg/app/extend/context.js",
    "start": 1534753286669,
    "end": 1534753286671,
    "duration": 2,
    "pid": 12628,
    "index": 45
  },
  {
    "name": "Load extend/helper.js",
    "start": 1534753286675,
    "end": 1534753286691,
    "duration": 16,
    "pid": 12628,
    "index": 46
  },
  {
    "name": "Require(39) node_modules/.2.2.3@egg-security/app/extend/helper.js",
    "start": 1534753286675,
    "end": 1534753286687,
    "duration": 12,
    "pid": 12628,
    "index": 47
  },
  {
    "name": "Require(40) node_modules/.2.9.1@egg/app/extend/helper.js",
    "start": 1534753286689,
    "end": 1534753286689,
    "duration": 0,
    "pid": 12628,
    "index": 48
  },
  {
    "name": "Load app.js",
    "start": 1534753286691,
    "end": 1534753287543,
    "duration": 852,
    "pid": 12628,
    "index": 49
  },
  {
    "name": "Require(41) node_modules/.3.1.0@egg-session/app.js",
    "start": 1534753286692,
    "end": 1534753286692,
    "duration": 0,
    "pid": 12628,
    "index": 50
  },
  {
    "name": "Require(42) node_modules/.2.2.3@egg-security/app.js",
    "start": 1534753286692,
    "end": 1534753286693,
    "duration": 1,
    "pid": 12628,
    "index": 51
  },
  {
    "name": "Require(43) node_modules/.2.1.0@egg-onerror/app.js",
    "start": 1534753286694,
    "end": 1534753286702,
    "duration": 8,
    "pid": 12628,
    "index": 52
  },
  {
    "name": "Require(44) node_modules/.2.0.0@egg-i18n/app.js",
    "start": 1534753286702,
    "end": 1534753286708,
    "duration": 6,
    "pid": 12628,
    "index": 53
  },
  {
    "name": "Require(45) node_modules/.3.0.0@egg-watcher/app.js",
    "start": 1534753286710,
    "end": 1534753286713,
    "duration": 3,
    "pid": 12628,
    "index": 54
  },
  {
    "name": "Before Start in node_modules/.3.0.0@egg-watcher/app.js:15:7",
    "start": 1534753286719,
    "end": 1534753287934,
    "duration": 1215,
    "pid": 12628,
    "index": 55
  },
  {
    "name": "Require(46) node_modules/.2.0.0@egg-multipart/app.js",
    "start": 1534753286722,
    "end": 1534753286724,
    "duration": 2,
    "pid": 12628,
    "index": 56
  },
  {
    "name": "Require(47) node_modules/.2.3.1@egg-development/app.js",
    "start": 1534753286725,
    "end": 1534753286726,
    "duration": 1,
    "pid": 12628,
    "index": 57
  },
  {
    "name": "Before Start in node_modules/.2.3.1@egg-development/app.js:12:7",
    "start": 1534753286727,
    "end": 1534753287934,
    "duration": 1207,
    "pid": 12628,
    "index": 58
  },
  {
    "name": "Require(48) node_modules/.3.3.0@egg-schedule/app.js",
    "start": 1534753286727,
    "end": 1534753286729,
    "duration": 2,
    "pid": 12628,
    "index": 59
  },
  {
    "name": "Require(49) node_modules/.3.0.3@egg-logrotator/app.js",
    "start": 1534753286764,
    "end": 1534753286764,
    "duration": 0,
    "pid": 12628,
    "index": 60
  },
  {
    "name": "Require(50) node_modules/.2.1.1@egg-static/app.js",
    "start": 1534753286764,
    "end": 1534753286765,
    "duration": 1,
    "pid": 12628,
    "index": 61
  },
  {
    "name": "Require(51) node_modules/.1.0.0@egg-validate/app.js",
    "start": 1534753286765,
    "end": 1534753286767,
    "duration": 2,
    "pid": 12628,
    "index": 62
  },
  {
    "name": "Require(52) node_modules/.3.1.0@egg-mongoose/app.js",
    "start": 1534753286767,
    "end": 1534753286767,
    "duration": 0,
    "pid": 12628,
    "index": 63
  },
  {
    "name": "Before Start in node_modules/.3.1.0@egg-mongoose/lib/mongoose.js:77:7",
    "start": 1534753287540,
    "end": 1534753288940,
    "duration": 1400,
    "pid": 12628,
    "index": 64
  },
  {
    "name": "Before Start in node_modules/.3.1.0@egg-mongoose/lib/mongoose.js:42:9",
    "start": 1534753287540,
    "end": 1534753287887,
    "duration": 347,
    "pid": 12628,
    "index": 65
  },
  {
    "name": "Require(53) node_modules/.2.1.0@egg-cors/app.js",
    "start": 1534753287541,
    "end": 1534753287541,
    "duration": 0,
    "pid": 12628,
    "index": 66
  },
  {
    "name": "Require(54) node_modules/.2.2.0@egg-view-nunjucks/app.js",
    "start": 1534753287541,
    "end": 1534753287541,
    "duration": 0,
    "pid": 12628,
    "index": 67
  },
  {
    "name": "Load Service",
    "start": 1534753287543,
    "end": 1534753287796,
    "duration": 253,
    "pid": 12628,
    "index": 68
  },
  {
    "name": "Load \"service\" to Context",
    "start": 1534753287543,
    "end": 1534753287796,
    "duration": 253,
    "pid": 12628,
    "index": 69
  },
  {
    "name": "Load Middleware",
    "start": 1534753287797,
    "end": 1534753287855,
    "duration": 58,
    "pid": 12628,
    "index": 70
  },
  {
    "name": "Load \"middlewares\" to Application",
    "start": 1534753287797,
    "end": 1534753287848,
    "duration": 51,
    "pid": 12628,
    "index": 71
  },
  {
    "name": "Load Controller",
    "start": 1534753287855,
    "end": 1534753287860,
    "duration": 5,
    "pid": 12628,
    "index": 72
  },
  {
    "name": "Load \"controller\" to Application",
    "start": 1534753287855,
    "end": 1534753287860,
    "duration": 5,
    "pid": 12628,
    "index": 73
  },
  {
    "name": "Load Router",
    "start": 1534753287860,
    "end": 1534753287862,
    "duration": 2,
    "pid": 12628,
    "index": 74
  },
  {
    "name": "Require(55) app/router.js",
    "start": 1534753287860,
    "end": 1534753287861,
    "duration": 1,
    "pid": 12628,
    "index": 75
  },
  {
    "name": "Before Start in node_modules/.4.9.1@egg-core/lib/egg.js:328:10",
    "start": 1534753287861,
    "end": 1534753287887,
    "duration": 26,
    "pid": 12628,
    "index": 76
  },
  {
    "name": "Load \"model\" to Application",
    "start": 1534753287872,
    "end": 1534753287887,
    "duration": 15,
    "pid": 12628,
    "index": 77
  }
]