[
  {
    "name": "Application Start",
    "start": 1534758540304,
    "end": 1534758542689,
    "duration": 2385,
    "pid": 16956,
    "index": 0
  },
  {
    "name": "Load Plugin",
    "start": 1534758540307,
    "end": 1534758540325,
    "duration": 18,
    "pid": 16956,
    "index": 1
  },
  {
    "name": "Load Config",
    "start": 1534758540325,
    "end": 1534758540348,
    "duration": 23,
    "pid": 16956,
    "index": 2
  },
  {
    "name": "Require(0) config/config.default.js",
    "start": 1534758540326,
    "end": 1534758540326,
    "duration": 0,
    "pid": 16956,
    "index": 3
  },
  {
    "name": "Require(1) node_modules/.3.1.0@egg-session/config/config.default.js",
    "start": 1534758540327,
    "end": 1534758540327,
    "duration": 0,
    "pid": 16956,
    "index": 4
  },
  {
    "name": "Require(2) node_modules/.2.2.3@egg-security/config/config.default.js",
    "start": 1534758540328,
    "end": 1534758540328,
    "duration": 0,
    "pid": 16956,
    "index": 5
  },
  {
    "name": "Require(3) node_modules/.2.0.0@egg-jsonp/config/config.default.js",
    "start": 1534758540330,
    "end": 1534758540330,
    "duration": 0,
    "pid": 16956,
    "index": 6
  },
  {
    "name": "Require(4) node_modules/.2.1.0@egg-onerror/config/config.default.js",
    "start": 1534758540331,
    "end": 1534758540331,
    "duration": 0,
    "pid": 16956,
    "index": 7
  },
  {
    "name": "Require(5) node_modules/.2.0.0@egg-i18n/config/config.default.js",
    "start": 1534758540331,
    "end": 1534758540332,
    "duration": 1,
    "pid": 16956,
    "index": 8
  },
  {
    "name": "Require(6) node_modules/.3.0.0@egg-watcher/config/config.default.js",
    "start": 1534758540332,
    "end": 1534758540332,
    "duration": 0,
    "pid": 16956,
    "index": 9
  },
  {
    "name": "Require(7) node_modules/.2.0.0@egg-multipart/config/config.default.js",
    "start": 1534758540332,
    "end": 1534758540333,
    "duration": 1,
    "pid": 16956,
    "index": 10
  },
  {
    "name": "Require(8) node_modules/.2.3.1@egg-development/config/config.default.js",
    "start": 1534758540333,
    "end": 1534758540334,
    "duration": 1,
    "pid": 16956,
    "index": 11
  },
  {
    "name": "Require(9) node_modules/.3.3.0@egg-schedule/config/config.default.js",
    "start": 1534758540335,
    "end": 1534758540335,
    "duration": 0,
    "pid": 16956,
    "index": 12
  },
  {
    "name": "Require(10) node_modules/.3.0.3@egg-logrotator/config/config.default.js",
    "start": 1534758540336,
    "end": 1534758540336,
    "duration": 0,
    "pid": 16956,
    "index": 13
  },
  {
    "name": "Require(11) node_modules/.2.1.1@egg-static/config/config.default.js",
    "start": 1534758540337,
    "end": 1534758540337,
    "duration": 0,
    "pid": 16956,
    "index": 14
  },
  {
    "name": "Require(12) node_modules/.2.1.0@egg-view/config/config.default.js",
    "start": 1534758540337,
    "end": 1534758540338,
    "duration": 1,
    "pid": 16956,
    "index": 15
  },
  {
    "name": "Require(13) node_modules/.3.1.0@egg-mongoose/config/config.default.js",
    "start": 1534758540339,
    "end": 1534758540339,
    "duration": 0,
    "pid": 16956,
    "index": 16
  },
  {
    "name": "Require(14) node_modules/.2.1.0@egg-cors/config/config.default.js",
    "start": 1534758540339,
    "end": 1534758540340,
    "duration": 1,
    "pid": 16956,
    "index": 17
  },
  {
    "name": "Require(15) node_modules/.2.2.0@egg-view-nunjucks/config/config.default.js",
    "start": 1534758540340,
    "end": 1534758540340,
    "duration": 0,
    "pid": 16956,
    "index": 18
  },
  {
    "name": "Require(16) node_modules/.2.9.1@egg/config/config.default.js",
    "start": 1534758540340,
    "end": 1534758540341,
    "duration": 1,
    "pid": 16956,
    "index": 19
  },
  {
    "name": "Require(17) config/config.default.js",
    "start": 1534758540344,
    "end": 1534758540344,
    "duration": 0,
    "pid": 16956,
    "index": 20
  },
  {
    "name": "Require(18) node_modules/.2.2.3@egg-security/config/config.local.js",
    "start": 1534758540345,
    "end": 1534758540345,
    "duration": 0,
    "pid": 16956,
    "index": 21
  },
  {
    "name": "Require(19) node_modules/.3.0.0@egg-watcher/config/config.local.js",
    "start": 1534758540346,
    "end": 1534758540346,
    "duration": 0,
    "pid": 16956,
    "index": 22
  },
  {
    "name": "Require(20) node_modules/.2.1.0@egg-view/config/config.local.js",
    "start": 1534758540347,
    "end": 1534758540347,
    "duration": 0,
    "pid": 16956,
    "index": 23
  },
  {
    "name": "Require(21) node_modules/.2.2.0@egg-view-nunjucks/config/config.local.js",
    "start": 1534758540347,
    "end": 1534758540347,
    "duration": 0,
    "pid": 16956,
    "index": 24
  },
  {
    "name": "Require(22) node_modules/.2.9.1@egg/config/config.local.js",
    "start": 1534758540348,
    "end": 1534758540348,
    "duration": 0,
    "pid": 16956,
    "index": 25
  },
  {
    "name": "Load extend/application.js",
    "start": 1534758540349,
    "end": 1534758540404,
    "duration": 55,
    "pid": 16956,
    "index": 26
  },
  {
    "name": "Require(23) node_modules/.3.1.0@egg-session/app/extend/application.js",
    "start": 1534758540349,
    "end": 1534758540350,
    "duration": 1,
    "pid": 16956,
    "index": 27
  },
  {
    "name": "Require(24) node_modules/.2.2.3@egg-security/app/extend/application.js",
    "start": 1534758540350,
    "end": 1534758540350,
    "duration": 0,
    "pid": 16956,
    "index": 28
  },
  {
    "name": "Require(25) node_modules/.2.0.0@egg-jsonp/app/extend/application.js",
    "start": 1534758540351,
    "end": 1534758540352,
    "duration": 1,
    "pid": 16956,
    "index": 29
  },
  {
    "name": "Require(26) node_modules/.3.0.3@egg-logrotator/app/extend/application.js",
    "start": 1534758540353,
    "end": 1534758540355,
    "duration": 2,
    "pid": 16956,
    "index": 30
  },
  {
    "name": "Require(27) node_modules/.2.1.0@egg-view/app/extend/application.js",
    "start": 1534758540355,
    "end": 1534758540356,
    "duration": 1,
    "pid": 16956,
    "index": 31
  },
  {
    "name": "Require(28) node_modules/.2.2.0@egg-view-nunjucks/app/extend/application.js",
    "start": 1534758540357,
    "end": 1534758540401,
    "duration": 44,
    "pid": 16956,
    "index": 32
  },
  {
    "name": "Load extend/request.js",
    "start": 1534758540404,
    "end": 1534758540409,
    "duration": 5,
    "pid": 16956,
    "index": 33
  },
  {
    "name": "Require(29) node_modules/.2.9.1@egg/app/extend/request.js",
    "start": 1534758540406,
    "end": 1534758540407,
    "duration": 1,
    "pid": 16956,
    "index": 34
  },
  {
    "name": "Load extend/response.js",
    "start": 1534758540409,
    "end": 1534758540415,
    "duration": 6,
    "pid": 16956,
    "index": 35
  },
  {
    "name": "Require(30) node_modules/.2.9.1@egg/app/extend/response.js",
    "start": 1534758540411,
    "end": 1534758540413,
    "duration": 2,
    "pid": 16956,
    "index": 36
  },
  {
    "name": "Load extend/context.js",
    "start": 1534758540415,
    "end": 1534758540473,
    "duration": 58,
    "pid": 16956,
    "index": 37
  },
  {
    "name": "Require(31) node_modules/.2.2.3@egg-security/app/extend/context.js",
    "start": 1534758540415,
    "end": 1534758540424,
    "duration": 9,
    "pid": 16956,
    "index": 38
  },
  {
    "name": "Require(32) node_modules/.2.0.0@egg-jsonp/app/extend/context.js",
    "start": 1534758540424,
    "end": 1534758540425,
    "duration": 1,
    "pid": 16956,
    "index": 39
  },
  {
    "name": "Require(33) node_modules/.2.0.0@egg-i18n/app/extend/context.js",
    "start": 1534758540425,
    "end": 1534758540426,
    "duration": 1,
    "pid": 16956,
    "index": 40
  },
  {
    "name": "Require(34) node_modules/.2.0.0@egg-multipart/app/extend/context.js",
    "start": 1534758540426,
    "end": 1534758540460,
    "duration": 34,
    "pid": 16956,
    "index": 41
  },
  {
    "name": "Require(35) node_modules/.2.1.0@egg-view/app/extend/context.js",
    "start": 1534758540461,
    "end": 1534758540463,
    "duration": 2,
    "pid": 16956,
    "index": 42
  },
  {
    "name": "Require(36) node_modules/.1.0.0@egg-validate/app/extend/context.js",
    "start": 1534758540463,
    "end": 1534758540464,
    "duration": 1,
    "pid": 16956,
    "index": 43
  },
  {
    "name": "Require(37) node_modules/.3.1.0@egg-mongoose/app/extend/context.js",
    "start": 1534758540464,
    "end": 1534758540464,
    "duration": 0,
    "pid": 16956,
    "index": 44
  },
  {
    "name": "Require(38) node_modules/.2.9.1@egg/app/extend/context.js",
    "start": 1534758540465,
    "end": 1534758540467,
    "duration": 2,
    "pid": 16956,
    "index": 45
  },
  {
    "name": "Load extend/helper.js",
    "start": 1534758540473,
    "end": 1534758540491,
    "duration": 18,
    "pid": 16956,
    "index": 46
  },
  {
    "name": "Require(39) node_modules/.2.2.3@egg-security/app/extend/helper.js",
    "start": 1534758540474,
    "end": 1534758540488,
    "duration": 14,
    "pid": 16956,
    "index": 47
  },
  {
    "name": "Require(40) node_modules/.2.9.1@egg/app/extend/helper.js",
    "start": 1534758540489,
    "end": 1534758540489,
    "duration": 0,
    "pid": 16956,
    "index": 48
  },
  {
    "name": "Load app.js",
    "start": 1534758540491,
    "end": 1534758541303,
    "duration": 812,
    "pid": 16956,
    "index": 49
  },
  {
    "name": "Require(41) node_modules/.3.1.0@egg-session/app.js",
    "start": 1534758540491,
    "end": 1534758540491,
    "duration": 0,
    "pid": 16956,
    "index": 50
  },
  {
    "name": "Require(42) node_modules/.2.2.3@egg-security/app.js",
    "start": 1534758540492,
    "end": 1534758540493,
    "duration": 1,
    "pid": 16956,
    "index": 51
  },
  {
    "name": "Require(43) node_modules/.2.1.0@egg-onerror/app.js",
    "start": 1534758540494,
    "end": 1534758540501,
    "duration": 7,
    "pid": 16956,
    "index": 52
  },
  {
    "name": "Require(44) node_modules/.2.0.0@egg-i18n/app.js",
    "start": 1534758540502,
    "end": 1534758540510,
    "duration": 8,
    "pid": 16956,
    "index": 53
  },
  {
    "name": "Require(45) node_modules/.3.0.0@egg-watcher/app.js",
    "start": 1534758540512,
    "end": 1534758540515,
    "duration": 3,
    "pid": 16956,
    "index": 54
  },
  {
    "name": "Before Start in node_modules/.3.0.0@egg-watcher/app.js:15:7",
    "start": 1534758540526,
    "end": 1534758541689,
    "duration": 1163,
    "pid": 16956,
    "index": 55
  },
  {
    "name": "Require(46) node_modules/.2.0.0@egg-multipart/app.js",
    "start": 1534758540526,
    "end": 1534758540529,
    "duration": 3,
    "pid": 16956,
    "index": 56
  },
  {
    "name": "Require(47) node_modules/.2.3.1@egg-development/app.js",
    "start": 1534758540530,
    "end": 1534758540532,
    "duration": 2,
    "pid": 16956,
    "index": 57
  },
  {
    "name": "Before Start in node_modules/.2.3.1@egg-development/app.js:12:7",
    "start": 1534758540532,
    "end": 1534758541689,
    "duration": 1157,
    "pid": 16956,
    "index": 58
  },
  {
    "name": "Require(48) node_modules/.3.3.0@egg-schedule/app.js",
    "start": 1534758540532,
    "end": 1534758540533,
    "duration": 1,
    "pid": 16956,
    "index": 59
  },
  {
    "name": "Require(49) node_modules/.3.0.3@egg-logrotator/app.js",
    "start": 1534758540560,
    "end": 1534758540560,
    "duration": 0,
    "pid": 16956,
    "index": 60
  },
  {
    "name": "Require(50) node_modules/.2.1.1@egg-static/app.js",
    "start": 1534758540561,
    "end": 1534758540561,
    "duration": 0,
    "pid": 16956,
    "index": 61
  },
  {
    "name": "Require(51) node_modules/.1.0.0@egg-validate/app.js",
    "start": 1534758540561,
    "end": 1534758540563,
    "duration": 2,
    "pid": 16956,
    "index": 62
  },
  {
    "name": "Require(52) node_modules/.3.1.0@egg-mongoose/app.js",
    "start": 1534758540563,
    "end": 1534758540564,
    "duration": 1,
    "pid": 16956,
    "index": 63
  },
  {
    "name": "Before Start in node_modules/.3.1.0@egg-mongoose/lib/mongoose.js:77:7",
    "start": 1534758541301,
    "end": 1534758542689,
    "duration": 1388,
    "pid": 16956,
    "index": 64
  },
  {
    "name": "Before Start in node_modules/.3.1.0@egg-mongoose/lib/mongoose.js:42:9",
    "start": 1534758541301,
    "end": 1534758541645,
    "duration": 344,
    "pid": 16956,
    "index": 65
  },
  {
    "name": "Require(53) node_modules/.2.1.0@egg-cors/app.js",
    "start": 1534758541302,
    "end": 1534758541302,
    "duration": 0,
    "pid": 16956,
    "index": 66
  },
  {
    "name": "Require(54) node_modules/.2.2.0@egg-view-nunjucks/app.js",
    "start": 1534758541302,
    "end": 1534758541302,
    "duration": 0,
    "pid": 16956,
    "index": 67
  },
  {
    "name": "Load Service",
    "start": 1534758541304,
    "end": 1534758541552,
    "duration": 248,
    "pid": 16956,
    "index": 68
  },
  {
    "name": "Load \"service\" to Context",
    "start": 1534758541304,
    "end": 1534758541552,
    "duration": 248,
    "pid": 16956,
    "index": 69
  },
  {
    "name": "Load Middleware",
    "start": 1534758541553,
    "end": 1534758541611,
    "duration": 58,
    "pid": 16956,
    "index": 70
  },
  {
    "name": "Load \"middlewares\" to Application",
    "start": 1534758541553,
    "end": 1534758541604,
    "duration": 51,
    "pid": 16956,
    "index": 71
  },
  {
    "name": "Load Controller",
    "start": 1534758541611,
    "end": 1534758541616,
    "duration": 5,
    "pid": 16956,
    "index": 72
  },
  {
    "name": "Load \"controller\" to Application",
    "start": 1534758541611,
    "end": 1534758541616,
    "duration": 5,
    "pid": 16956,
    "index": 73
  },
  {
    "name": "Load Router",
    "start": 1534758541616,
    "end": 1534758541618,
    "duration": 2,
    "pid": 16956,
    "index": 74
  },
  {
    "name": "Require(55) app/router.js",
    "start": 1534758541616,
    "end": 1534758541617,
    "duration": 1,
    "pid": 16956,
    "index": 75
  },
  {
    "name": "Before Start in node_modules/.4.9.1@egg-core/lib/egg.js:328:10",
    "start": 1534758541617,
    "end": 1534758541645,
    "duration": 28,
    "pid": 16956,
    "index": 76
  },
  {
    "name": "Load \"model\" to Application",
    "start": 1534758541629,
    "end": 1534758541644,
    "duration": 15,
    "pid": 16956,
    "index": 77
  }
]