[
  {
    "name": "Application Start",
    "start": 1534753188340,
    "end": 1534753190714,
    "duration": 2374,
    "pid": 15072,
    "index": 0
  },
  {
    "name": "Load Plugin",
    "start": 1534753188344,
    "end": 1534753188362,
    "duration": 18,
    "pid": 15072,
    "index": 1
  },
  {
    "name": "Load Config",
    "start": 1534753188362,
    "end": 1534753188382,
    "duration": 20,
    "pid": 15072,
    "index": 2
  },
  {
    "name": "Require(0) config/config.default.js",
    "start": 1534753188363,
    "end": 1534753188364,
    "duration": 1,
    "pid": 15072,
    "index": 3
  },
  {
    "name": "Require(1) node_modules/.3.1.0@egg-session/config/config.default.js",
    "start": 1534753188365,
    "end": 1534753188365,
    "duration": 0,
    "pid": 15072,
    "index": 4
  },
  {
    "name": "Require(2) node_modules/.2.2.3@egg-security/config/config.default.js",
    "start": 1534753188365,
    "end": 1534753188365,
    "duration": 0,
    "pid": 15072,
    "index": 5
  },
  {
    "name": "Require(3) node_modules/.2.0.0@egg-jsonp/config/config.default.js",
    "start": 1534753188366,
    "end": 1534753188366,
    "duration": 0,
    "pid": 15072,
    "index": 6
  },
  {
    "name": "Require(4) node_modules/.2.1.0@egg-onerror/config/config.default.js",
    "start": 1534753188367,
    "end": 1534753188367,
    "duration": 0,
    "pid": 15072,
    "index": 7
  },
  {
    "name": "Require(5) node_modules/.2.0.0@egg-i18n/config/config.default.js",
    "start": 1534753188367,
    "end": 1534753188367,
    "duration": 0,
    "pid": 15072,
    "index": 8
  },
  {
    "name": "Require(6) node_modules/.3.0.0@egg-watcher/config/config.default.js",
    "start": 1534753188368,
    "end": 1534753188368,
    "duration": 0,
    "pid": 15072,
    "index": 9
  },
  {
    "name": "Require(7) node_modules/.2.0.0@egg-multipart/config/config.default.js",
    "start": 1534753188368,
    "end": 1534753188369,
    "duration": 1,
    "pid": 15072,
    "index": 10
  },
  {
    "name": "Require(8) node_modules/.2.3.1@egg-development/config/config.default.js",
    "start": 1534753188369,
    "end": 1534753188369,
    "duration": 0,
    "pid": 15072,
    "index": 11
  },
  {
    "name": "Require(9) node_modules/.3.3.0@egg-schedule/config/config.default.js",
    "start": 1534753188369,
    "end": 1534753188370,
    "duration": 1,
    "pid": 15072,
    "index": 12
  },
  {
    "name": "Require(10) node_modules/.3.0.3@egg-logrotator/config/config.default.js",
    "start": 1534753188370,
    "end": 1534753188371,
    "duration": 1,
    "pid": 15072,
    "index": 13
  },
  {
    "name": "Require(11) node_modules/.2.1.1@egg-static/config/config.default.js",
    "start": 1534753188371,
    "end": 1534753188371,
    "duration": 0,
    "pid": 15072,
    "index": 14
  },
  {
    "name": "Require(12) node_modules/.2.1.0@egg-view/config/config.default.js",
    "start": 1534753188372,
    "end": 1534753188372,
    "duration": 0,
    "pid": 15072,
    "index": 15
  },
  {
    "name": "Require(13) node_modules/.3.1.0@egg-mongoose/config/config.default.js",
    "start": 1534753188374,
    "end": 1534753188374,
    "duration": 0,
    "pid": 15072,
    "index": 16
  },
  {
    "name": "Require(14) node_modules/.2.1.0@egg-cors/config/config.default.js",
    "start": 1534753188374,
    "end": 1534753188374,
    "duration": 0,
    "pid": 15072,
    "index": 17
  },
  {
    "name": "Require(15) node_modules/.2.2.0@egg-view-nunjucks/config/config.default.js",
    "start": 1534753188375,
    "end": 1534753188375,
    "duration": 0,
    "pid": 15072,
    "index": 18
  },
  {
    "name": "Require(16) node_modules/.2.9.1@egg/config/config.default.js",
    "start": 1534753188375,
    "end": 1534753188375,
    "duration": 0,
    "pid": 15072,
    "index": 19
  },
  {
    "name": "Require(17) config/config.default.js",
    "start": 1534753188379,
    "end": 1534753188379,
    "duration": 0,
    "pid": 15072,
    "index": 20
  },
  {
    "name": "Require(18) node_modules/.2.2.3@egg-security/config/config.local.js",
    "start": 1534753188379,
    "end": 1534753188379,
    "duration": 0,
    "pid": 15072,
    "index": 21
  },
  {
    "name": "Require(19) node_modules/.3.0.0@egg-watcher/config/config.local.js",
    "start": 1534753188380,
    "end": 1534753188380,
    "duration": 0,
    "pid": 15072,
    "index": 22
  },
  {
    "name": "Require(20) node_modules/.2.1.0@egg-view/config/config.local.js",
    "start": 1534753188381,
    "end": 1534753188381,
    "duration": 0,
    "pid": 15072,
    "index": 23
  },
  {
    "name": "Require(21) node_modules/.2.2.0@egg-view-nunjucks/config/config.local.js",
    "start": 1534753188381,
    "end": 1534753188381,
    "duration": 0,
    "pid": 15072,
    "index": 24
  },
  {
    "name": "Require(22) node_modules/.2.9.1@egg/config/config.local.js",
    "start": 1534753188382,
    "end": 1534753188382,
    "duration": 0,
    "pid": 15072,
    "index": 25
  },
  {
    "name": "Load extend/application.js",
    "start": 1534753188383,
    "end": 1534753188439,
    "duration": 56,
    "pid": 15072,
    "index": 26
  },
  {
    "name": "Require(23) node_modules/.3.1.0@egg-session/app/extend/application.js",
    "start": 1534753188384,
    "end": 1534753188384,
    "duration": 0,
    "pid": 15072,
    "index": 27
  },
  {
    "name": "Require(24) node_modules/.2.2.3@egg-security/app/extend/application.js",
    "start": 1534753188384,
    "end": 1534753188385,
    "duration": 1,
    "pid": 15072,
    "index": 28
  },
  {
    "name": "Require(25) node_modules/.2.0.0@egg-jsonp/app/extend/application.js",
    "start": 1534753188385,
    "end": 1534753188387,
    "duration": 2,
    "pid": 15072,
    "index": 29
  },
  {
    "name": "Require(26) node_modules/.3.0.3@egg-logrotator/app/extend/application.js",
    "start": 1534753188388,
    "end": 1534753188390,
    "duration": 2,
    "pid": 15072,
    "index": 30
  },
  {
    "name": "Require(27) node_modules/.2.1.0@egg-view/app/extend/application.js",
    "start": 1534753188391,
    "end": 1534753188392,
    "duration": 1,
    "pid": 15072,
    "index": 31
  },
  {
    "name": "Require(28) node_modules/.2.2.0@egg-view-nunjucks/app/extend/application.js",
    "start": 1534753188392,
    "end": 1534753188437,
    "duration": 45,
    "pid": 15072,
    "index": 32
  },
  {
    "name": "Load extend/request.js",
    "start": 1534753188439,
    "end": 1534753188445,
    "duration": 6,
    "pid": 15072,
    "index": 33
  },
  {
    "name": "Require(29) node_modules/.2.9.1@egg/app/extend/request.js",
    "start": 1534753188442,
    "end": 1534753188443,
    "duration": 1,
    "pid": 15072,
    "index": 34
  },
  {
    "name": "Load extend/response.js",
    "start": 1534753188445,
    "end": 1534753188450,
    "duration": 5,
    "pid": 15072,
    "index": 35
  },
  {
    "name": "Require(30) node_modules/.2.9.1@egg/app/extend/response.js",
    "start": 1534753188447,
    "end": 1534753188449,
    "duration": 2,
    "pid": 15072,
    "index": 36
  },
  {
    "name": "Load extend/context.js",
    "start": 1534753188450,
    "end": 1534753188504,
    "duration": 54,
    "pid": 15072,
    "index": 37
  },
  {
    "name": "Require(31) node_modules/.2.2.3@egg-security/app/extend/context.js",
    "start": 1534753188451,
    "end": 1534753188459,
    "duration": 8,
    "pid": 15072,
    "index": 38
  },
  {
    "name": "Require(32) node_modules/.2.0.0@egg-jsonp/app/extend/context.js",
    "start": 1534753188460,
    "end": 1534753188461,
    "duration": 1,
    "pid": 15072,
    "index": 39
  },
  {
    "name": "Require(33) node_modules/.2.0.0@egg-i18n/app/extend/context.js",
    "start": 1534753188461,
    "end": 1534753188461,
    "duration": 0,
    "pid": 15072,
    "index": 40
  },
  {
    "name": "Require(34) node_modules/.2.0.0@egg-multipart/app/extend/context.js",
    "start": 1534753188462,
    "end": 1534753188496,
    "duration": 34,
    "pid": 15072,
    "index": 41
  },
  {
    "name": "Require(35) node_modules/.2.1.0@egg-view/app/extend/context.js",
    "start": 1534753188496,
    "end": 1534753188497,
    "duration": 1,
    "pid": 15072,
    "index": 42
  },
  {
    "name": "Require(36) node_modules/.1.0.0@egg-validate/app/extend/context.js",
    "start": 1534753188497,
    "end": 1534753188497,
    "duration": 0,
    "pid": 15072,
    "index": 43
  },
  {
    "name": "Require(37) node_modules/.3.1.0@egg-mongoose/app/extend/context.js",
    "start": 1534753188498,
    "end": 1534753188498,
    "duration": 0,
    "pid": 15072,
    "index": 44
  },
  {
    "name": "Require(38) node_modules/.2.9.1@egg/app/extend/context.js",
    "start": 1534753188498,
    "end": 1534753188499,
    "duration": 1,
    "pid": 15072,
    "index": 45
  },
  {
    "name": "Load extend/helper.js",
    "start": 1534753188504,
    "end": 1534753188520,
    "duration": 16,
    "pid": 15072,
    "index": 46
  },
  {
    "name": "Require(39) node_modules/.2.2.3@egg-security/app/extend/helper.js",
    "start": 1534753188504,
    "end": 1534753188517,
    "duration": 13,
    "pid": 15072,
    "index": 47
  },
  {
    "name": "Require(40) node_modules/.2.9.1@egg/app/extend/helper.js",
    "start": 1534753188518,
    "end": 1534753188518,
    "duration": 0,
    "pid": 15072,
    "index": 48
  },
  {
    "name": "Load app.js",
    "start": 1534753188520,
    "end": 1534753189288,
    "duration": 768,
    "pid": 15072,
    "index": 49
  },
  {
    "name": "Require(41) node_modules/.3.1.0@egg-session/app.js",
    "start": 1534753188520,
    "end": 1534753188520,
    "duration": 0,
    "pid": 15072,
    "index": 50
  },
  {
    "name": "Require(42) node_modules/.2.2.3@egg-security/app.js",
    "start": 1534753188521,
    "end": 1534753188522,
    "duration": 1,
    "pid": 15072,
    "index": 51
  },
  {
    "name": "Require(43) node_modules/.2.1.0@egg-onerror/app.js",
    "start": 1534753188523,
    "end": 1534753188530,
    "duration": 7,
    "pid": 15072,
    "index": 52
  },
  {
    "name": "Require(44) node_modules/.2.0.0@egg-i18n/app.js",
    "start": 1534753188531,
    "end": 1534753188536,
    "duration": 5,
    "pid": 15072,
    "index": 53
  },
  {
    "name": "Require(45) node_modules/.3.0.0@egg-watcher/app.js",
    "start": 1534753188540,
    "end": 1534753188543,
    "duration": 3,
    "pid": 15072,
    "index": 54
  },
  {
    "name": "Before Start in node_modules/.3.0.0@egg-watcher/app.js:15:7",
    "start": 1534753188551,
    "end": 1534753189660,
    "duration": 1109,
    "pid": 15072,
    "index": 55
  },
  {
    "name": "Require(46) node_modules/.2.0.0@egg-multipart/app.js",
    "start": 1534753188551,
    "end": 1534753188553,
    "duration": 2,
    "pid": 15072,
    "index": 56
  },
  {
    "name": "Require(47) node_modules/.2.3.1@egg-development/app.js",
    "start": 1534753188554,
    "end": 1534753188556,
    "duration": 2,
    "pid": 15072,
    "index": 57
  },
  {
    "name": "Before Start in node_modules/.2.3.1@egg-development/app.js:12:7",
    "start": 1534753188556,
    "end": 1534753189660,
    "duration": 1104,
    "pid": 15072,
    "index": 58
  },
  {
    "name": "Require(48) node_modules/.3.3.0@egg-schedule/app.js",
    "start": 1534753188556,
    "end": 1534753188557,
    "duration": 1,
    "pid": 15072,
    "index": 59
  },
  {
    "name": "Require(49) node_modules/.3.0.3@egg-logrotator/app.js",
    "start": 1534753188584,
    "end": 1534753188584,
    "duration": 0,
    "pid": 15072,
    "index": 60
  },
  {
    "name": "Require(50) node_modules/.2.1.1@egg-static/app.js",
    "start": 1534753188585,
    "end": 1534753188585,
    "duration": 0,
    "pid": 15072,
    "index": 61
  },
  {
    "name": "Require(51) node_modules/.1.0.0@egg-validate/app.js",
    "start": 1534753188585,
    "end": 1534753188587,
    "duration": 2,
    "pid": 15072,
    "index": 62
  },
  {
    "name": "Require(52) node_modules/.3.1.0@egg-mongoose/app.js",
    "start": 1534753188587,
    "end": 1534753188587,
    "duration": 0,
    "pid": 15072,
    "index": 63
  },
  {
    "name": "Before Start in node_modules/.3.1.0@egg-mongoose/lib/mongoose.js:77:7",
    "start": 1534753189285,
    "end": 1534753190714,
    "duration": 1429,
    "pid": 15072,
    "index": 64
  },
  {
    "name": "Before Start in node_modules/.3.1.0@egg-mongoose/lib/mongoose.js:42:9",
    "start": 1534753189285,
    "end": 1534753189619,
    "duration": 334,
    "pid": 15072,
    "index": 65
  },
  {
    "name": "Require(53) node_modules/.2.1.0@egg-cors/app.js",
    "start": 1534753189286,
    "end": 1534753189286,
    "duration": 0,
    "pid": 15072,
    "index": 66
  },
  {
    "name": "Require(54) node_modules/.2.2.0@egg-view-nunjucks/app.js",
    "start": 1534753189286,
    "end": 1534753189287,
    "duration": 1,
    "pid": 15072,
    "index": 67
  },
  {
    "name": "Load Service",
    "start": 1534753189288,
    "end": 1534753189530,
    "duration": 242,
    "pid": 15072,
    "index": 68
  },
  {
    "name": "Load \"service\" to Context",
    "start": 1534753189288,
    "end": 1534753189530,
    "duration": 242,
    "pid": 15072,
    "index": 69
  },
  {
    "name": "Load Middleware",
    "start": 1534753189530,
    "end": 1534753189587,
    "duration": 57,
    "pid": 15072,
    "index": 70
  },
  {
    "name": "Load \"middlewares\" to Application",
    "start": 1534753189530,
    "end": 1534753189580,
    "duration": 50,
    "pid": 15072,
    "index": 71
  },
  {
    "name": "Load Controller",
    "start": 1534753189587,
    "end": 1534753189592,
    "duration": 5,
    "pid": 15072,
    "index": 72
  },
  {
    "name": "Load \"controller\" to Application",
    "start": 1534753189587,
    "end": 1534753189592,
    "duration": 5,
    "pid": 15072,
    "index": 73
  },
  {
    "name": "Load Router",
    "start": 1534753189592,
    "end": 1534753189594,
    "duration": 2,
    "pid": 15072,
    "index": 74
  },
  {
    "name": "Require(55) app/router.js",
    "start": 1534753189592,
    "end": 1534753189592,
    "duration": 0,
    "pid": 15072,
    "index": 75
  },
  {
    "name": "Before Start in node_modules/.4.9.1@egg-core/lib/egg.js:328:10",
    "start": 1534753189593,
    "end": 1534753189619,
    "duration": 26,
    "pid": 15072,
    "index": 76
  },
  {
    "name": "Load \"model\" to Application",
    "start": 1534753189604,
    "end": 1534753189618,
    "duration": 14,
    "pid": 15072,
    "index": 77
  }
]