[
  {
    "name": "Application Start",
    "start": 1534736820230,
    "end": 1534736822943,
    "duration": 2713,
    "pid": 9984,
    "index": 0
  },
  {
    "name": "Load Plugin",
    "start": 1534736820235,
    "end": 1534736820253,
    "duration": 18,
    "pid": 9984,
    "index": 1
  },
  {
    "name": "Load Config",
    "start": 1534736820253,
    "end": 1534736820272,
    "duration": 19,
    "pid": 9984,
    "index": 2
  },
  {
    "name": "Require(0) config/config.default.js",
    "start": 1534736820254,
    "end": 1534736820255,
    "duration": 1,
    "pid": 9984,
    "index": 3
  },
  {
    "name": "Require(1) node_modules/.3.1.0@egg-session/config/config.default.js",
    "start": 1534736820256,
    "end": 1534736820256,
    "duration": 0,
    "pid": 9984,
    "index": 4
  },
  {
    "name": "Require(2) node_modules/.2.2.3@egg-security/config/config.default.js",
    "start": 1534736820256,
    "end": 1534736820257,
    "duration": 1,
    "pid": 9984,
    "index": 5
  },
  {
    "name": "Require(3) node_modules/.2.0.0@egg-jsonp/config/config.default.js",
    "start": 1534736820257,
    "end": 1534736820257,
    "duration": 0,
    "pid": 9984,
    "index": 6
  },
  {
    "name": "Require(4) node_modules/.2.1.0@egg-onerror/config/config.default.js",
    "start": 1534736820258,
    "end": 1534736820258,
    "duration": 0,
    "pid": 9984,
    "index": 7
  },
  {
    "name": "Require(5) node_modules/.2.0.0@egg-i18n/config/config.default.js",
    "start": 1534736820258,
    "end": 1534736820259,
    "duration": 1,
    "pid": 9984,
    "index": 8
  },
  {
    "name": "Require(6) node_modules/.3.0.0@egg-watcher/config/config.default.js",
    "start": 1534736820259,
    "end": 1534736820259,
    "duration": 0,
    "pid": 9984,
    "index": 9
  },
  {
    "name": "Require(7) node_modules/.2.0.0@egg-multipart/config/config.default.js",
    "start": 1534736820259,
    "end": 1534736820260,
    "duration": 1,
    "pid": 9984,
    "index": 10
  },
  {
    "name": "Require(8) node_modules/.2.3.1@egg-development/config/config.default.js",
    "start": 1534736820261,
    "end": 1534736820261,
    "duration": 0,
    "pid": 9984,
    "index": 11
  },
  {
    "name": "Require(9) node_modules/.3.3.0@egg-schedule/config/config.default.js",
    "start": 1534736820261,
    "end": 1534736820261,
    "duration": 0,
    "pid": 9984,
    "index": 12
  },
  {
    "name": "Require(10) node_modules/.3.0.3@egg-logrotator/config/config.default.js",
    "start": 1534736820262,
    "end": 1534736820262,
    "duration": 0,
    "pid": 9984,
    "index": 13
  },
  {
    "name": "Require(11) node_modules/.2.1.1@egg-static/config/config.default.js",
    "start": 1534736820262,
    "end": 1534736820262,
    "duration": 0,
    "pid": 9984,
    "index": 14
  },
  {
    "name": "Require(12) node_modules/.2.1.0@egg-view/config/config.default.js",
    "start": 1534736820263,
    "end": 1534736820263,
    "duration": 0,
    "pid": 9984,
    "index": 15
  },
  {
    "name": "Require(13) node_modules/.3.1.0@egg-mongoose/config/config.default.js",
    "start": 1534736820264,
    "end": 1534736820264,
    "duration": 0,
    "pid": 9984,
    "index": 16
  },
  {
    "name": "Require(14) node_modules/.2.1.0@egg-cors/config/config.default.js",
    "start": 1534736820264,
    "end": 1534736820264,
    "duration": 0,
    "pid": 9984,
    "index": 17
  },
  {
    "name": "Require(15) node_modules/.2.2.0@egg-view-nunjucks/config/config.default.js",
    "start": 1534736820264,
    "end": 1534736820265,
    "duration": 1,
    "pid": 9984,
    "index": 18
  },
  {
    "name": "Require(16) node_modules/.2.9.1@egg/config/config.default.js",
    "start": 1534736820265,
    "end": 1534736820267,
    "duration": 2,
    "pid": 9984,
    "index": 19
  },
  {
    "name": "Require(17) config/config.default.js",
    "start": 1534736820268,
    "end": 1534736820268,
    "duration": 0,
    "pid": 9984,
    "index": 20
  },
  {
    "name": "Require(18) node_modules/.2.2.3@egg-security/config/config.local.js",
    "start": 1534736820269,
    "end": 1534736820269,
    "duration": 0,
    "pid": 9984,
    "index": 21
  },
  {
    "name": "Require(19) node_modules/.3.0.0@egg-watcher/config/config.local.js",
    "start": 1534736820270,
    "end": 1534736820270,
    "duration": 0,
    "pid": 9984,
    "index": 22
  },
  {
    "name": "Require(20) node_modules/.2.1.0@egg-view/config/config.local.js",
    "start": 1534736820271,
    "end": 1534736820271,
    "duration": 0,
    "pid": 9984,
    "index": 23
  },
  {
    "name": "Require(21) node_modules/.2.2.0@egg-view-nunjucks/config/config.local.js",
    "start": 1534736820272,
    "end": 1534736820272,
    "duration": 0,
    "pid": 9984,
    "index": 24
  },
  {
    "name": "Require(22) node_modules/.2.9.1@egg/config/config.local.js",
    "start": 1534736820272,
    "end": 1534736820272,
    "duration": 0,
    "pid": 9984,
    "index": 25
  },
  {
    "name": "Load extend/application.js",
    "start": 1534736820273,
    "end": 1534736820347,
    "duration": 74,
    "pid": 9984,
    "index": 26
  },
  {
    "name": "Require(23) node_modules/.3.1.0@egg-session/app/extend/application.js",
    "start": 1534736820274,
    "end": 1534736820274,
    "duration": 0,
    "pid": 9984,
    "index": 27
  },
  {
    "name": "Require(24) node_modules/.2.2.3@egg-security/app/extend/application.js",
    "start": 1534736820274,
    "end": 1534736820275,
    "duration": 1,
    "pid": 9984,
    "index": 28
  },
  {
    "name": "Require(25) node_modules/.2.0.0@egg-jsonp/app/extend/application.js",
    "start": 1534736820275,
    "end": 1534736820277,
    "duration": 2,
    "pid": 9984,
    "index": 29
  },
  {
    "name": "Require(26) node_modules/.3.0.3@egg-logrotator/app/extend/application.js",
    "start": 1534736820277,
    "end": 1534736820280,
    "duration": 3,
    "pid": 9984,
    "index": 30
  },
  {
    "name": "Require(27) node_modules/.2.1.0@egg-view/app/extend/application.js",
    "start": 1534736820280,
    "end": 1534736820281,
    "duration": 1,
    "pid": 9984,
    "index": 31
  },
  {
    "name": "Require(28) node_modules/.2.2.0@egg-view-nunjucks/app/extend/application.js",
    "start": 1534736820282,
    "end": 1534736820345,
    "duration": 63,
    "pid": 9984,
    "index": 32
  },
  {
    "name": "Load extend/request.js",
    "start": 1534736820348,
    "end": 1534736820355,
    "duration": 7,
    "pid": 9984,
    "index": 33
  },
  {
    "name": "Require(29) node_modules/.2.9.1@egg/app/extend/request.js",
    "start": 1534736820350,
    "end": 1534736820352,
    "duration": 2,
    "pid": 9984,
    "index": 34
  },
  {
    "name": "Load extend/response.js",
    "start": 1534736820355,
    "end": 1534736820363,
    "duration": 8,
    "pid": 9984,
    "index": 35
  },
  {
    "name": "Require(30) node_modules/.2.9.1@egg/app/extend/response.js",
    "start": 1534736820359,
    "end": 1534736820362,
    "duration": 3,
    "pid": 9984,
    "index": 36
  },
  {
    "name": "Load extend/context.js",
    "start": 1534736820363,
    "end": 1534736820448,
    "duration": 85,
    "pid": 9984,
    "index": 37
  },
  {
    "name": "Require(31) node_modules/.2.2.3@egg-security/app/extend/context.js",
    "start": 1534736820364,
    "end": 1534736820378,
    "duration": 14,
    "pid": 9984,
    "index": 38
  },
  {
    "name": "Require(32) node_modules/.2.0.0@egg-jsonp/app/extend/context.js",
    "start": 1534736820378,
    "end": 1534736820380,
    "duration": 2,
    "pid": 9984,
    "index": 39
  },
  {
    "name": "Require(33) node_modules/.2.0.0@egg-i18n/app/extend/context.js",
    "start": 1534736820381,
    "end": 1534736820382,
    "duration": 1,
    "pid": 9984,
    "index": 40
  },
  {
    "name": "Require(34) node_modules/.2.0.0@egg-multipart/app/extend/context.js",
    "start": 1534736820382,
    "end": 1534736820431,
    "duration": 49,
    "pid": 9984,
    "index": 41
  },
  {
    "name": "Require(35) node_modules/.2.1.0@egg-view/app/extend/context.js",
    "start": 1534736820432,
    "end": 1534736820434,
    "duration": 2,
    "pid": 9984,
    "index": 42
  },
  {
    "name": "Require(36) node_modules/.1.0.0@egg-validate/app/extend/context.js",
    "start": 1534736820434,
    "end": 1534736820435,
    "duration": 1,
    "pid": 9984,
    "index": 43
  },
  {
    "name": "Require(37) node_modules/.3.1.0@egg-mongoose/app/extend/context.js",
    "start": 1534736820435,
    "end": 1534736820435,
    "duration": 0,
    "pid": 9984,
    "index": 44
  },
  {
    "name": "Require(38) node_modules/.2.9.1@egg/app/extend/context.js",
    "start": 1534736820436,
    "end": 1534736820437,
    "duration": 1,
    "pid": 9984,
    "index": 45
  },
  {
    "name": "Load extend/helper.js",
    "start": 1534736820448,
    "end": 1534736820474,
    "duration": 26,
    "pid": 9984,
    "index": 46
  },
  {
    "name": "Require(39) node_modules/.2.2.3@egg-security/app/extend/helper.js",
    "start": 1534736820449,
    "end": 1534736820467,
    "duration": 18,
    "pid": 9984,
    "index": 47
  },
  {
    "name": "Require(40) node_modules/.2.9.1@egg/app/extend/helper.js",
    "start": 1534736820469,
    "end": 1534736820471,
    "duration": 2,
    "pid": 9984,
    "index": 48
  },
  {
    "name": "Load app.js",
    "start": 1534736820474,
    "end": 1534736821567,
    "duration": 1093,
    "pid": 9984,
    "index": 49
  },
  {
    "name": "Require(41) node_modules/.3.1.0@egg-session/app.js",
    "start": 1534736820474,
    "end": 1534736820476,
    "duration": 2,
    "pid": 9984,
    "index": 50
  },
  {
    "name": "Require(42) node_modules/.2.2.3@egg-security/app.js",
    "start": 1534736820477,
    "end": 1534736820479,
    "duration": 2,
    "pid": 9984,
    "index": 51
  },
  {
    "name": "Require(43) node_modules/.2.1.0@egg-onerror/app.js",
    "start": 1534736820479,
    "end": 1534736820490,
    "duration": 11,
    "pid": 9984,
    "index": 52
  },
  {
    "name": "Require(44) node_modules/.2.0.0@egg-i18n/app.js",
    "start": 1534736820491,
    "end": 1534736820499,
    "duration": 8,
    "pid": 9984,
    "index": 53
  },
  {
    "name": "Require(45) node_modules/.3.0.0@egg-watcher/app.js",
    "start": 1534736820501,
    "end": 1534736820507,
    "duration": 6,
    "pid": 9984,
    "index": 54
  },
  {
    "name": "Before Start in node_modules/.3.0.0@egg-watcher/app.js:15:7",
    "start": 1534736820515,
    "end": 1534736821944,
    "duration": 1429,
    "pid": 9984,
    "index": 55
  },
  {
    "name": "Require(46) node_modules/.2.0.0@egg-multipart/app.js",
    "start": 1534736820517,
    "end": 1534736820522,
    "duration": 5,
    "pid": 9984,
    "index": 56
  },
  {
    "name": "Require(47) node_modules/.2.3.1@egg-development/app.js",
    "start": 1534736820522,
    "end": 1534736820524,
    "duration": 2,
    "pid": 9984,
    "index": 57
  },
  {
    "name": "Before Start in node_modules/.2.3.1@egg-development/app.js:12:7",
    "start": 1534736820524,
    "end": 1534736821944,
    "duration": 1420,
    "pid": 9984,
    "index": 58
  },
  {
    "name": "Require(48) node_modules/.3.3.0@egg-schedule/app.js",
    "start": 1534736820526,
    "end": 1534736820529,
    "duration": 3,
    "pid": 9984,
    "index": 59
  },
  {
    "name": "Require(49) node_modules/.3.0.3@egg-logrotator/app.js",
    "start": 1534736820573,
    "end": 1534736820573,
    "duration": 0,
    "pid": 9984,
    "index": 60
  },
  {
    "name": "Require(50) node_modules/.2.1.1@egg-static/app.js",
    "start": 1534736820574,
    "end": 1534736820574,
    "duration": 0,
    "pid": 9984,
    "index": 61
  },
  {
    "name": "Require(51) node_modules/.1.0.0@egg-validate/app.js",
    "start": 1534736820574,
    "end": 1534736820576,
    "duration": 2,
    "pid": 9984,
    "index": 62
  },
  {
    "name": "Require(52) node_modules/.3.1.0@egg-mongoose/app.js",
    "start": 1534736820576,
    "end": 1534736820576,
    "duration": 0,
    "pid": 9984,
    "index": 63
  },
  {
    "name": "Before Start in node_modules/.3.1.0@egg-mongoose/lib/mongoose.js:77:7",
    "start": 1534736821564,
    "end": 1534736822943,
    "duration": 1379,
    "pid": 9984,
    "index": 64
  },
  {
    "name": "Before Start in node_modules/.3.1.0@egg-mongoose/lib/mongoose.js:42:9",
    "start": 1534736821564,
    "end": 1534736821906,
    "duration": 342,
    "pid": 9984,
    "index": 65
  },
  {
    "name": "Require(53) node_modules/.2.1.0@egg-cors/app.js",
    "start": 1534736821565,
    "end": 1534736821565,
    "duration": 0,
    "pid": 9984,
    "index": 66
  },
  {
    "name": "Require(54) node_modules/.2.2.0@egg-view-nunjucks/app.js",
    "start": 1534736821566,
    "end": 1534736821566,
    "duration": 0,
    "pid": 9984,
    "index": 67
  },
  {
    "name": "Load Service",
    "start": 1534736821567,
    "end": 1534736821809,
    "duration": 242,
    "pid": 9984,
    "index": 68
  },
  {
    "name": "Load \"service\" to Context",
    "start": 1534736821567,
    "end": 1534736821809,
    "duration": 242,
    "pid": 9984,
    "index": 69
  },
  {
    "name": "Load Middleware",
    "start": 1534736821809,
    "end": 1534736821863,
    "duration": 54,
    "pid": 9984,
    "index": 70
  },
  {
    "name": "Load \"middlewares\" to Application",
    "start": 1534736821809,
    "end": 1534736821857,
    "duration": 48,
    "pid": 9984,
    "index": 71
  },
  {
    "name": "Load Controller",
    "start": 1534736821863,
    "end": 1534736821869,
    "duration": 6,
    "pid": 9984,
    "index": 72
  },
  {
    "name": "Load \"controller\" to Application",
    "start": 1534736821863,
    "end": 1534736821869,
    "duration": 6,
    "pid": 9984,
    "index": 73
  },
  {
    "name": "Load Router",
    "start": 1534736821869,
    "end": 1534736821872,
    "duration": 3,
    "pid": 9984,
    "index": 74
  },
  {
    "name": "Require(55) app/router.js",
    "start": 1534736821869,
    "end": 1534736821870,
    "duration": 1,
    "pid": 9984,
    "index": 75
  },
  {
    "name": "Before Start in node_modules/.4.9.1@egg-core/lib/egg.js:328:10",
    "start": 1534736821870,
    "end": 1534736821906,
    "duration": 36,
    "pid": 9984,
    "index": 76
  },
  {
    "name": "Load \"model\" to Application",
    "start": 1534736821888,
    "end": 1534736821905,
    "duration": 17,
    "pid": 9984,
    "index": 77
  }
]