[
  {
    "name": "Application Start",
    "start": 1534757930100,
    "end": 1534757932607,
    "duration": 2507,
    "pid": 15032,
    "index": 0
  },
  {
    "name": "Load Plugin",
    "start": 1534757930105,
    "end": 1534757930123,
    "duration": 18,
    "pid": 15032,
    "index": 1
  },
  {
    "name": "Load Config",
    "start": 1534757930123,
    "end": 1534757930145,
    "duration": 22,
    "pid": 15032,
    "index": 2
  },
  {
    "name": "Require(0) config/config.default.js",
    "start": 1534757930124,
    "end": 1534757930124,
    "duration": 0,
    "pid": 15032,
    "index": 3
  },
  {
    "name": "Require(1) node_modules/.3.1.0@egg-session/config/config.default.js",
    "start": 1534757930126,
    "end": 1534757930126,
    "duration": 0,
    "pid": 15032,
    "index": 4
  },
  {
    "name": "Require(2) node_modules/.2.2.3@egg-security/config/config.default.js",
    "start": 1534757930127,
    "end": 1534757930127,
    "duration": 0,
    "pid": 15032,
    "index": 5
  },
  {
    "name": "Require(3) node_modules/.2.0.0@egg-jsonp/config/config.default.js",
    "start": 1534757930128,
    "end": 1534757930128,
    "duration": 0,
    "pid": 15032,
    "index": 6
  },
  {
    "name": "Require(4) node_modules/.2.1.0@egg-onerror/config/config.default.js",
    "start": 1534757930128,
    "end": 1534757930129,
    "duration": 1,
    "pid": 15032,
    "index": 7
  },
  {
    "name": "Require(5) node_modules/.2.0.0@egg-i18n/config/config.default.js",
    "start": 1534757930129,
    "end": 1534757930129,
    "duration": 0,
    "pid": 15032,
    "index": 8
  },
  {
    "name": "Require(6) node_modules/.3.0.0@egg-watcher/config/config.default.js",
    "start": 1534757930130,
    "end": 1534757930130,
    "duration": 0,
    "pid": 15032,
    "index": 9
  },
  {
    "name": "Require(7) node_modules/.2.0.0@egg-multipart/config/config.default.js",
    "start": 1534757930130,
    "end": 1534757930131,
    "duration": 1,
    "pid": 15032,
    "index": 10
  },
  {
    "name": "Require(8) node_modules/.2.3.1@egg-development/config/config.default.js",
    "start": 1534757930131,
    "end": 1534757930131,
    "duration": 0,
    "pid": 15032,
    "index": 11
  },
  {
    "name": "Require(9) node_modules/.3.3.0@egg-schedule/config/config.default.js",
    "start": 1534757930132,
    "end": 1534757930132,
    "duration": 0,
    "pid": 15032,
    "index": 12
  },
  {
    "name": "Require(10) node_modules/.3.0.3@egg-logrotator/config/config.default.js",
    "start": 1534757930132,
    "end": 1534757930132,
    "duration": 0,
    "pid": 15032,
    "index": 13
  },
  {
    "name": "Require(11) node_modules/.2.1.1@egg-static/config/config.default.js",
    "start": 1534757930133,
    "end": 1534757930133,
    "duration": 0,
    "pid": 15032,
    "index": 14
  },
  {
    "name": "Require(12) node_modules/.2.1.0@egg-view/config/config.default.js",
    "start": 1534757930133,
    "end": 1534757930134,
    "duration": 1,
    "pid": 15032,
    "index": 15
  },
  {
    "name": "Require(13) node_modules/.3.1.0@egg-mongoose/config/config.default.js",
    "start": 1534757930134,
    "end": 1534757930135,
    "duration": 1,
    "pid": 15032,
    "index": 16
  },
  {
    "name": "Require(14) node_modules/.2.1.0@egg-cors/config/config.default.js",
    "start": 1534757930135,
    "end": 1534757930135,
    "duration": 0,
    "pid": 15032,
    "index": 17
  },
  {
    "name": "Require(15) node_modules/.2.2.0@egg-view-nunjucks/config/config.default.js",
    "start": 1534757930135,
    "end": 1534757930135,
    "duration": 0,
    "pid": 15032,
    "index": 18
  },
  {
    "name": "Require(16) node_modules/.2.9.1@egg/config/config.default.js",
    "start": 1534757930136,
    "end": 1534757930136,
    "duration": 0,
    "pid": 15032,
    "index": 19
  },
  {
    "name": "Require(17) config/config.default.js",
    "start": 1534757930139,
    "end": 1534757930139,
    "duration": 0,
    "pid": 15032,
    "index": 20
  },
  {
    "name": "Require(18) node_modules/.2.2.3@egg-security/config/config.local.js",
    "start": 1534757930140,
    "end": 1534757930140,
    "duration": 0,
    "pid": 15032,
    "index": 21
  },
  {
    "name": "Require(19) node_modules/.3.0.0@egg-watcher/config/config.local.js",
    "start": 1534757930141,
    "end": 1534757930141,
    "duration": 0,
    "pid": 15032,
    "index": 22
  },
  {
    "name": "Require(20) node_modules/.2.1.0@egg-view/config/config.local.js",
    "start": 1534757930142,
    "end": 1534757930143,
    "duration": 1,
    "pid": 15032,
    "index": 23
  },
  {
    "name": "Require(21) node_modules/.2.2.0@egg-view-nunjucks/config/config.local.js",
    "start": 1534757930144,
    "end": 1534757930144,
    "duration": 0,
    "pid": 15032,
    "index": 24
  },
  {
    "name": "Require(22) node_modules/.2.9.1@egg/config/config.local.js",
    "start": 1534757930144,
    "end": 1534757930144,
    "duration": 0,
    "pid": 15032,
    "index": 25
  },
  {
    "name": "Load extend/application.js",
    "start": 1534757930146,
    "end": 1534757930206,
    "duration": 60,
    "pid": 15032,
    "index": 26
  },
  {
    "name": "Require(23) node_modules/.3.1.0@egg-session/app/extend/application.js",
    "start": 1534757930146,
    "end": 1534757930147,
    "duration": 1,
    "pid": 15032,
    "index": 27
  },
  {
    "name": "Require(24) node_modules/.2.2.3@egg-security/app/extend/application.js",
    "start": 1534757930147,
    "end": 1534757930148,
    "duration": 1,
    "pid": 15032,
    "index": 28
  },
  {
    "name": "Require(25) node_modules/.2.0.0@egg-jsonp/app/extend/application.js",
    "start": 1534757930148,
    "end": 1534757930150,
    "duration": 2,
    "pid": 15032,
    "index": 29
  },
  {
    "name": "Require(26) node_modules/.3.0.3@egg-logrotator/app/extend/application.js",
    "start": 1534757930151,
    "end": 1534757930153,
    "duration": 2,
    "pid": 15032,
    "index": 30
  },
  {
    "name": "Require(27) node_modules/.2.1.0@egg-view/app/extend/application.js",
    "start": 1534757930153,
    "end": 1534757930154,
    "duration": 1,
    "pid": 15032,
    "index": 31
  },
  {
    "name": "Require(28) node_modules/.2.2.0@egg-view-nunjucks/app/extend/application.js",
    "start": 1534757930155,
    "end": 1534757930204,
    "duration": 49,
    "pid": 15032,
    "index": 32
  },
  {
    "name": "Load extend/request.js",
    "start": 1534757930206,
    "end": 1534757930211,
    "duration": 5,
    "pid": 15032,
    "index": 33
  },
  {
    "name": "Require(29) node_modules/.2.9.1@egg/app/extend/request.js",
    "start": 1534757930208,
    "end": 1534757930209,
    "duration": 1,
    "pid": 15032,
    "index": 34
  },
  {
    "name": "Load extend/response.js",
    "start": 1534757930211,
    "end": 1534757930217,
    "duration": 6,
    "pid": 15032,
    "index": 35
  },
  {
    "name": "Require(30) node_modules/.2.9.1@egg/app/extend/response.js",
    "start": 1534757930213,
    "end": 1534757930215,
    "duration": 2,
    "pid": 15032,
    "index": 36
  },
  {
    "name": "Load extend/context.js",
    "start": 1534757930217,
    "end": 1534757930278,
    "duration": 61,
    "pid": 15032,
    "index": 37
  },
  {
    "name": "Require(31) node_modules/.2.2.3@egg-security/app/extend/context.js",
    "start": 1534757930218,
    "end": 1534757930227,
    "duration": 9,
    "pid": 15032,
    "index": 38
  },
  {
    "name": "Require(32) node_modules/.2.0.0@egg-jsonp/app/extend/context.js",
    "start": 1534757930228,
    "end": 1534757930229,
    "duration": 1,
    "pid": 15032,
    "index": 39
  },
  {
    "name": "Require(33) node_modules/.2.0.0@egg-i18n/app/extend/context.js",
    "start": 1534757930229,
    "end": 1534757930230,
    "duration": 1,
    "pid": 15032,
    "index": 40
  },
  {
    "name": "Require(34) node_modules/.2.0.0@egg-multipart/app/extend/context.js",
    "start": 1534757930230,
    "end": 1534757930273,
    "duration": 43,
    "pid": 15032,
    "index": 41
  },
  {
    "name": "Require(35) node_modules/.2.1.0@egg-view/app/extend/context.js",
    "start": 1534757930274,
    "end": 1534757930274,
    "duration": 0,
    "pid": 15032,
    "index": 42
  },
  {
    "name": "Require(36) node_modules/.1.0.0@egg-validate/app/extend/context.js",
    "start": 1534757930274,
    "end": 1534757930275,
    "duration": 1,
    "pid": 15032,
    "index": 43
  },
  {
    "name": "Require(37) node_modules/.3.1.0@egg-mongoose/app/extend/context.js",
    "start": 1534757930275,
    "end": 1534757930275,
    "duration": 0,
    "pid": 15032,
    "index": 44
  },
  {
    "name": "Require(38) node_modules/.2.9.1@egg/app/extend/context.js",
    "start": 1534757930275,
    "end": 1534757930277,
    "duration": 2,
    "pid": 15032,
    "index": 45
  },
  {
    "name": "Load extend/helper.js",
    "start": 1534757930279,
    "end": 1534757930292,
    "duration": 13,
    "pid": 15032,
    "index": 46
  },
  {
    "name": "Require(39) node_modules/.2.2.3@egg-security/app/extend/helper.js",
    "start": 1534757930279,
    "end": 1534757930290,
    "duration": 11,
    "pid": 15032,
    "index": 47
  },
  {
    "name": "Require(40) node_modules/.2.9.1@egg/app/extend/helper.js",
    "start": 1534757930291,
    "end": 1534757930291,
    "duration": 0,
    "pid": 15032,
    "index": 48
  },
  {
    "name": "Load app.js",
    "start": 1534757930292,
    "end": 1534757931124,
    "duration": 832,
    "pid": 15032,
    "index": 49
  },
  {
    "name": "Require(41) node_modules/.3.1.0@egg-session/app.js",
    "start": 1534757930293,
    "end": 1534757930293,
    "duration": 0,
    "pid": 15032,
    "index": 50
  },
  {
    "name": "Require(42) node_modules/.2.2.3@egg-security/app.js",
    "start": 1534757930293,
    "end": 1534757930295,
    "duration": 2,
    "pid": 15032,
    "index": 51
  },
  {
    "name": "Require(43) node_modules/.2.1.0@egg-onerror/app.js",
    "start": 1534757930296,
    "end": 1534757930302,
    "duration": 6,
    "pid": 15032,
    "index": 52
  },
  {
    "name": "Require(44) node_modules/.2.0.0@egg-i18n/app.js",
    "start": 1534757930303,
    "end": 1534757930308,
    "duration": 5,
    "pid": 15032,
    "index": 53
  },
  {
    "name": "Require(45) node_modules/.3.0.0@egg-watcher/app.js",
    "start": 1534757930310,
    "end": 1534757930313,
    "duration": 3,
    "pid": 15032,
    "index": 54
  },
  {
    "name": "Before Start in node_modules/.3.0.0@egg-watcher/app.js:15:7",
    "start": 1534757930319,
    "end": 1534757931599,
    "duration": 1280,
    "pid": 15032,
    "index": 55
  },
  {
    "name": "Require(46) node_modules/.2.0.0@egg-multipart/app.js",
    "start": 1534757930320,
    "end": 1534757930322,
    "duration": 2,
    "pid": 15032,
    "index": 56
  },
  {
    "name": "Require(47) node_modules/.2.3.1@egg-development/app.js",
    "start": 1534757930323,
    "end": 1534757930324,
    "duration": 1,
    "pid": 15032,
    "index": 57
  },
  {
    "name": "Before Start in node_modules/.2.3.1@egg-development/app.js:12:7",
    "start": 1534757930324,
    "end": 1534757931600,
    "duration": 1276,
    "pid": 15032,
    "index": 58
  },
  {
    "name": "Require(48) node_modules/.3.3.0@egg-schedule/app.js",
    "start": 1534757930324,
    "end": 1534757930325,
    "duration": 1,
    "pid": 15032,
    "index": 59
  },
  {
    "name": "Require(49) node_modules/.3.0.3@egg-logrotator/app.js",
    "start": 1534757930355,
    "end": 1534757930355,
    "duration": 0,
    "pid": 15032,
    "index": 60
  },
  {
    "name": "Require(50) node_modules/.2.1.1@egg-static/app.js",
    "start": 1534757930356,
    "end": 1534757930356,
    "duration": 0,
    "pid": 15032,
    "index": 61
  },
  {
    "name": "Require(51) node_modules/.1.0.0@egg-validate/app.js",
    "start": 1534757930356,
    "end": 1534757930358,
    "duration": 2,
    "pid": 15032,
    "index": 62
  },
  {
    "name": "Require(52) node_modules/.3.1.0@egg-mongoose/app.js",
    "start": 1534757930358,
    "end": 1534757930358,
    "duration": 0,
    "pid": 15032,
    "index": 63
  },
  {
    "name": "Before Start in node_modules/.3.1.0@egg-mongoose/lib/mongoose.js:77:7",
    "start": 1534757931121,
    "end": 1534757932607,
    "duration": 1486,
    "pid": 15032,
    "index": 64
  },
  {
    "name": "Before Start in node_modules/.3.1.0@egg-mongoose/lib/mongoose.js:42:9",
    "start": 1534757931121,
    "end": 1534757931557,
    "duration": 436,
    "pid": 15032,
    "index": 65
  },
  {
    "name": "Require(53) node_modules/.2.1.0@egg-cors/app.js",
    "start": 1534757931122,
    "end": 1534757931122,
    "duration": 0,
    "pid": 15032,
    "index": 66
  },
  {
    "name": "Require(54) node_modules/.2.2.0@egg-view-nunjucks/app.js",
    "start": 1534757931122,
    "end": 1534757931122,
    "duration": 0,
    "pid": 15032,
    "index": 67
  },
  {
    "name": "Load Service",
    "start": 1534757931124,
    "end": 1534757931411,
    "duration": 287,
    "pid": 15032,
    "index": 68
  },
  {
    "name": "Load \"service\" to Context",
    "start": 1534757931124,
    "end": 1534757931411,
    "duration": 287,
    "pid": 15032,
    "index": 69
  },
  {
    "name": "Load Middleware",
    "start": 1534757931412,
    "end": 1534757931520,
    "duration": 108,
    "pid": 15032,
    "index": 70
  },
  {
    "name": "Load \"middlewares\" to Application",
    "start": 1534757931412,
    "end": 1534757931509,
    "duration": 97,
    "pid": 15032,
    "index": 71
  },
  {
    "name": "Load Controller",
    "start": 1534757931520,
    "end": 1534757931525,
    "duration": 5,
    "pid": 15032,
    "index": 72
  },
  {
    "name": "Load \"controller\" to Application",
    "start": 1534757931520,
    "end": 1534757931525,
    "duration": 5,
    "pid": 15032,
    "index": 73
  },
  {
    "name": "Load Router",
    "start": 1534757931526,
    "end": 1534757931528,
    "duration": 2,
    "pid": 15032,
    "index": 74
  },
  {
    "name": "Require(55) app/router.js",
    "start": 1534757931526,
    "end": 1534757931526,
    "duration": 0,
    "pid": 15032,
    "index": 75
  },
  {
    "name": "Before Start in node_modules/.4.9.1@egg-core/lib/egg.js:328:10",
    "start": 1534757931526,
    "end": 1534757931557,
    "duration": 31,
    "pid": 15032,
    "index": 76
  },
  {
    "name": "Load \"model\" to Application",
    "start": 1534757931540,
    "end": 1534757931556,
    "duration": 16,
    "pid": 15032,
    "index": 77
  }
]