[
  {
    "name": "Application Start",
    "start": 1534753364100,
    "end": 1534753366447,
    "duration": 2347,
    "pid": 14128,
    "index": 0
  },
  {
    "name": "Load Plugin",
    "start": 1534753364105,
    "end": 1534753364124,
    "duration": 19,
    "pid": 14128,
    "index": 1
  },
  {
    "name": "Load Config",
    "start": 1534753364124,
    "end": 1534753364142,
    "duration": 18,
    "pid": 14128,
    "index": 2
  },
  {
    "name": "Require(0) config/config.default.js",
    "start": 1534753364124,
    "end": 1534753364125,
    "duration": 1,
    "pid": 14128,
    "index": 3
  },
  {
    "name": "Require(1) node_modules/.3.1.0@egg-session/config/config.default.js",
    "start": 1534753364126,
    "end": 1534753364126,
    "duration": 0,
    "pid": 14128,
    "index": 4
  },
  {
    "name": "Require(2) node_modules/.2.2.3@egg-security/config/config.default.js",
    "start": 1534753364127,
    "end": 1534753364127,
    "duration": 0,
    "pid": 14128,
    "index": 5
  },
  {
    "name": "Require(3) node_modules/.2.0.0@egg-jsonp/config/config.default.js",
    "start": 1534753364128,
    "end": 1534753364128,
    "duration": 0,
    "pid": 14128,
    "index": 6
  },
  {
    "name": "Require(4) node_modules/.2.1.0@egg-onerror/config/config.default.js",
    "start": 1534753364128,
    "end": 1534753364128,
    "duration": 0,
    "pid": 14128,
    "index": 7
  },
  {
    "name": "Require(5) node_modules/.2.0.0@egg-i18n/config/config.default.js",
    "start": 1534753364128,
    "end": 1534753364129,
    "duration": 1,
    "pid": 14128,
    "index": 8
  },
  {
    "name": "Require(6) node_modules/.3.0.0@egg-watcher/config/config.default.js",
    "start": 1534753364129,
    "end": 1534753364129,
    "duration": 0,
    "pid": 14128,
    "index": 9
  },
  {
    "name": "Require(7) node_modules/.2.0.0@egg-multipart/config/config.default.js",
    "start": 1534753364130,
    "end": 1534753364130,
    "duration": 0,
    "pid": 14128,
    "index": 10
  },
  {
    "name": "Require(8) node_modules/.2.3.1@egg-development/config/config.default.js",
    "start": 1534753364130,
    "end": 1534753364131,
    "duration": 1,
    "pid": 14128,
    "index": 11
  },
  {
    "name": "Require(9) node_modules/.3.3.0@egg-schedule/config/config.default.js",
    "start": 1534753364131,
    "end": 1534753364131,
    "duration": 0,
    "pid": 14128,
    "index": 12
  },
  {
    "name": "Require(10) node_modules/.3.0.3@egg-logrotator/config/config.default.js",
    "start": 1534753364131,
    "end": 1534753364132,
    "duration": 1,
    "pid": 14128,
    "index": 13
  },
  {
    "name": "Require(11) node_modules/.2.1.1@egg-static/config/config.default.js",
    "start": 1534753364132,
    "end": 1534753364132,
    "duration": 0,
    "pid": 14128,
    "index": 14
  },
  {
    "name": "Require(12) node_modules/.2.1.0@egg-view/config/config.default.js",
    "start": 1534753364133,
    "end": 1534753364133,
    "duration": 0,
    "pid": 14128,
    "index": 15
  },
  {
    "name": "Require(13) node_modules/.3.1.0@egg-mongoose/config/config.default.js",
    "start": 1534753364133,
    "end": 1534753364134,
    "duration": 1,
    "pid": 14128,
    "index": 16
  },
  {
    "name": "Require(14) node_modules/.2.1.0@egg-cors/config/config.default.js",
    "start": 1534753364135,
    "end": 1534753364135,
    "duration": 0,
    "pid": 14128,
    "index": 17
  },
  {
    "name": "Require(15) node_modules/.2.2.0@egg-view-nunjucks/config/config.default.js",
    "start": 1534753364136,
    "end": 1534753364136,
    "duration": 0,
    "pid": 14128,
    "index": 18
  },
  {
    "name": "Require(16) node_modules/.2.9.1@egg/config/config.default.js",
    "start": 1534753364137,
    "end": 1534753364137,
    "duration": 0,
    "pid": 14128,
    "index": 19
  },
  {
    "name": "Require(17) config/config.default.js",
    "start": 1534753364138,
    "end": 1534753364138,
    "duration": 0,
    "pid": 14128,
    "index": 20
  },
  {
    "name": "Require(18) node_modules/.2.2.3@egg-security/config/config.local.js",
    "start": 1534753364138,
    "end": 1534753364139,
    "duration": 1,
    "pid": 14128,
    "index": 21
  },
  {
    "name": "Require(19) node_modules/.3.0.0@egg-watcher/config/config.local.js",
    "start": 1534753364139,
    "end": 1534753364140,
    "duration": 1,
    "pid": 14128,
    "index": 22
  },
  {
    "name": "Require(20) node_modules/.2.1.0@egg-view/config/config.local.js",
    "start": 1534753364141,
    "end": 1534753364141,
    "duration": 0,
    "pid": 14128,
    "index": 23
  },
  {
    "name": "Require(21) node_modules/.2.2.0@egg-view-nunjucks/config/config.local.js",
    "start": 1534753364142,
    "end": 1534753364142,
    "duration": 0,
    "pid": 14128,
    "index": 24
  },
  {
    "name": "Require(22) node_modules/.2.9.1@egg/config/config.local.js",
    "start": 1534753364142,
    "end": 1534753364142,
    "duration": 0,
    "pid": 14128,
    "index": 25
  },
  {
    "name": "Load extend/application.js",
    "start": 1534753364143,
    "end": 1534753364205,
    "duration": 62,
    "pid": 14128,
    "index": 26
  },
  {
    "name": "Require(23) node_modules/.3.1.0@egg-session/app/extend/application.js",
    "start": 1534753364144,
    "end": 1534753364144,
    "duration": 0,
    "pid": 14128,
    "index": 27
  },
  {
    "name": "Require(24) node_modules/.2.2.3@egg-security/app/extend/application.js",
    "start": 1534753364144,
    "end": 1534753364145,
    "duration": 1,
    "pid": 14128,
    "index": 28
  },
  {
    "name": "Require(25) node_modules/.2.0.0@egg-jsonp/app/extend/application.js",
    "start": 1534753364145,
    "end": 1534753364147,
    "duration": 2,
    "pid": 14128,
    "index": 29
  },
  {
    "name": "Require(26) node_modules/.3.0.3@egg-logrotator/app/extend/application.js",
    "start": 1534753364147,
    "end": 1534753364149,
    "duration": 2,
    "pid": 14128,
    "index": 30
  },
  {
    "name": "Require(27) node_modules/.2.1.0@egg-view/app/extend/application.js",
    "start": 1534753364150,
    "end": 1534753364151,
    "duration": 1,
    "pid": 14128,
    "index": 31
  },
  {
    "name": "Require(28) node_modules/.2.2.0@egg-view-nunjucks/app/extend/application.js",
    "start": 1534753364151,
    "end": 1534753364202,
    "duration": 51,
    "pid": 14128,
    "index": 32
  },
  {
    "name": "Load extend/request.js",
    "start": 1534753364205,
    "end": 1534753364211,
    "duration": 6,
    "pid": 14128,
    "index": 33
  },
  {
    "name": "Require(29) node_modules/.2.9.1@egg/app/extend/request.js",
    "start": 1534753364207,
    "end": 1534753364209,
    "duration": 2,
    "pid": 14128,
    "index": 34
  },
  {
    "name": "Load extend/response.js",
    "start": 1534753364211,
    "end": 1534753364218,
    "duration": 7,
    "pid": 14128,
    "index": 35
  },
  {
    "name": "Require(30) node_modules/.2.9.1@egg/app/extend/response.js",
    "start": 1534753364213,
    "end": 1534753364216,
    "duration": 3,
    "pid": 14128,
    "index": 36
  },
  {
    "name": "Load extend/context.js",
    "start": 1534753364218,
    "end": 1534753364281,
    "duration": 63,
    "pid": 14128,
    "index": 37
  },
  {
    "name": "Require(31) node_modules/.2.2.3@egg-security/app/extend/context.js",
    "start": 1534753364218,
    "end": 1534753364230,
    "duration": 12,
    "pid": 14128,
    "index": 38
  },
  {
    "name": "Require(32) node_modules/.2.0.0@egg-jsonp/app/extend/context.js",
    "start": 1534753364230,
    "end": 1534753364231,
    "duration": 1,
    "pid": 14128,
    "index": 39
  },
  {
    "name": "Require(33) node_modules/.2.0.0@egg-i18n/app/extend/context.js",
    "start": 1534753364232,
    "end": 1534753364232,
    "duration": 0,
    "pid": 14128,
    "index": 40
  },
  {
    "name": "Require(34) node_modules/.2.0.0@egg-multipart/app/extend/context.js",
    "start": 1534753364232,
    "end": 1534753364271,
    "duration": 39,
    "pid": 14128,
    "index": 41
  },
  {
    "name": "Require(35) node_modules/.2.1.0@egg-view/app/extend/context.js",
    "start": 1534753364272,
    "end": 1534753364274,
    "duration": 2,
    "pid": 14128,
    "index": 42
  },
  {
    "name": "Require(36) node_modules/.1.0.0@egg-validate/app/extend/context.js",
    "start": 1534753364274,
    "end": 1534753364274,
    "duration": 0,
    "pid": 14128,
    "index": 43
  },
  {
    "name": "Require(37) node_modules/.3.1.0@egg-mongoose/app/extend/context.js",
    "start": 1534753364275,
    "end": 1534753364275,
    "duration": 0,
    "pid": 14128,
    "index": 44
  },
  {
    "name": "Require(38) node_modules/.2.9.1@egg/app/extend/context.js",
    "start": 1534753364275,
    "end": 1534753364276,
    "duration": 1,
    "pid": 14128,
    "index": 45
  },
  {
    "name": "Load extend/helper.js",
    "start": 1534753364281,
    "end": 1534753364295,
    "duration": 14,
    "pid": 14128,
    "index": 46
  },
  {
    "name": "Require(39) node_modules/.2.2.3@egg-security/app/extend/helper.js",
    "start": 1534753364281,
    "end": 1534753364292,
    "duration": 11,
    "pid": 14128,
    "index": 47
  },
  {
    "name": "Require(40) node_modules/.2.9.1@egg/app/extend/helper.js",
    "start": 1534753364293,
    "end": 1534753364293,
    "duration": 0,
    "pid": 14128,
    "index": 48
  },
  {
    "name": "Load app.js",
    "start": 1534753364295,
    "end": 1534753365062,
    "duration": 767,
    "pid": 14128,
    "index": 49
  },
  {
    "name": "Require(41) node_modules/.3.1.0@egg-session/app.js",
    "start": 1534753364295,
    "end": 1534753364295,
    "duration": 0,
    "pid": 14128,
    "index": 50
  },
  {
    "name": "Require(42) node_modules/.2.2.3@egg-security/app.js",
    "start": 1534753364296,
    "end": 1534753364297,
    "duration": 1,
    "pid": 14128,
    "index": 51
  },
  {
    "name": "Require(43) node_modules/.2.1.0@egg-onerror/app.js",
    "start": 1534753364297,
    "end": 1534753364304,
    "duration": 7,
    "pid": 14128,
    "index": 52
  },
  {
    "name": "Require(44) node_modules/.2.0.0@egg-i18n/app.js",
    "start": 1534753364305,
    "end": 1534753364311,
    "duration": 6,
    "pid": 14128,
    "index": 53
  },
  {
    "name": "Require(45) node_modules/.3.0.0@egg-watcher/app.js",
    "start": 1534753364313,
    "end": 1534753364315,
    "duration": 2,
    "pid": 14128,
    "index": 54
  },
  {
    "name": "Before Start in node_modules/.3.0.0@egg-watcher/app.js:15:7",
    "start": 1534753364321,
    "end": 1534753365440,
    "duration": 1119,
    "pid": 14128,
    "index": 55
  },
  {
    "name": "Require(46) node_modules/.2.0.0@egg-multipart/app.js",
    "start": 1534753364322,
    "end": 1534753364325,
    "duration": 3,
    "pid": 14128,
    "index": 56
  },
  {
    "name": "Require(47) node_modules/.2.3.1@egg-development/app.js",
    "start": 1534753364325,
    "end": 1534753364327,
    "duration": 2,
    "pid": 14128,
    "index": 57
  },
  {
    "name": "Before Start in node_modules/.2.3.1@egg-development/app.js:12:7",
    "start": 1534753364327,
    "end": 1534753365441,
    "duration": 1114,
    "pid": 14128,
    "index": 58
  },
  {
    "name": "Require(48) node_modules/.3.3.0@egg-schedule/app.js",
    "start": 1534753364329,
    "end": 1534753364330,
    "duration": 1,
    "pid": 14128,
    "index": 59
  },
  {
    "name": "Require(49) node_modules/.3.0.3@egg-logrotator/app.js",
    "start": 1534753364360,
    "end": 1534753364360,
    "duration": 0,
    "pid": 14128,
    "index": 60
  },
  {
    "name": "Require(50) node_modules/.2.1.1@egg-static/app.js",
    "start": 1534753364360,
    "end": 1534753364360,
    "duration": 0,
    "pid": 14128,
    "index": 61
  },
  {
    "name": "Require(51) node_modules/.1.0.0@egg-validate/app.js",
    "start": 1534753364361,
    "end": 1534753364362,
    "duration": 1,
    "pid": 14128,
    "index": 62
  },
  {
    "name": "Require(52) node_modules/.3.1.0@egg-mongoose/app.js",
    "start": 1534753364362,
    "end": 1534753364362,
    "duration": 0,
    "pid": 14128,
    "index": 63
  },
  {
    "name": "Before Start in node_modules/.3.1.0@egg-mongoose/lib/mongoose.js:77:7",
    "start": 1534753365059,
    "end": 1534753366447,
    "duration": 1388,
    "pid": 14128,
    "index": 64
  },
  {
    "name": "Before Start in node_modules/.3.1.0@egg-mongoose/lib/mongoose.js:42:9",
    "start": 1534753365060,
    "end": 1534753365401,
    "duration": 341,
    "pid": 14128,
    "index": 65
  },
  {
    "name": "Require(53) node_modules/.2.1.0@egg-cors/app.js",
    "start": 1534753365060,
    "end": 1534753365060,
    "duration": 0,
    "pid": 14128,
    "index": 66
  },
  {
    "name": "Require(54) node_modules/.2.2.0@egg-view-nunjucks/app.js",
    "start": 1534753365060,
    "end": 1534753365061,
    "duration": 1,
    "pid": 14128,
    "index": 67
  },
  {
    "name": "Load Service",
    "start": 1534753365062,
    "end": 1534753365313,
    "duration": 251,
    "pid": 14128,
    "index": 68
  },
  {
    "name": "Load \"service\" to Context",
    "start": 1534753365062,
    "end": 1534753365313,
    "duration": 251,
    "pid": 14128,
    "index": 69
  },
  {
    "name": "Load Middleware",
    "start": 1534753365313,
    "end": 1534753365367,
    "duration": 54,
    "pid": 14128,
    "index": 70
  },
  {
    "name": "Load \"middlewares\" to Application",
    "start": 1534753365313,
    "end": 1534753365360,
    "duration": 47,
    "pid": 14128,
    "index": 71
  },
  {
    "name": "Load Controller",
    "start": 1534753365367,
    "end": 1534753365373,
    "duration": 6,
    "pid": 14128,
    "index": 72
  },
  {
    "name": "Load \"controller\" to Application",
    "start": 1534753365367,
    "end": 1534753365373,
    "duration": 6,
    "pid": 14128,
    "index": 73
  },
  {
    "name": "Load Router",
    "start": 1534753365373,
    "end": 1534753365375,
    "duration": 2,
    "pid": 14128,
    "index": 74
  },
  {
    "name": "Require(55) app/router.js",
    "start": 1534753365373,
    "end": 1534753365373,
    "duration": 0,
    "pid": 14128,
    "index": 75
  },
  {
    "name": "Before Start in node_modules/.4.9.1@egg-core/lib/egg.js:328:10",
    "start": 1534753365373,
    "end": 1534753365401,
    "duration": 28,
    "pid": 14128,
    "index": 76
  },
  {
    "name": "Load \"model\" to Application",
    "start": 1534753365384,
    "end": 1534753365400,
    "duration": 16,
    "pid": 14128,
    "index": 77
  }
]