[
  {
    "name": "Application Start",
    "start": 1534758446624,
    "end": 1534758449025,
    "duration": 2401,
    "pid": 13676,
    "index": 0
  },
  {
    "name": "Load Plugin",
    "start": 1534758446627,
    "end": 1534758446644,
    "duration": 17,
    "pid": 13676,
    "index": 1
  },
  {
    "name": "Load Config",
    "start": 1534758446644,
    "end": 1534758446661,
    "duration": 17,
    "pid": 13676,
    "index": 2
  },
  {
    "name": "Require(0) config/config.default.js",
    "start": 1534758446644,
    "end": 1534758446645,
    "duration": 1,
    "pid": 13676,
    "index": 3
  },
  {
    "name": "Require(1) node_modules/.3.1.0@egg-session/config/config.default.js",
    "start": 1534758446646,
    "end": 1534758446646,
    "duration": 0,
    "pid": 13676,
    "index": 4
  },
  {
    "name": "Require(2) node_modules/.2.2.3@egg-security/config/config.default.js",
    "start": 1534758446646,
    "end": 1534758446647,
    "duration": 1,
    "pid": 13676,
    "index": 5
  },
  {
    "name": "Require(3) node_modules/.2.0.0@egg-jsonp/config/config.default.js",
    "start": 1534758446648,
    "end": 1534758446648,
    "duration": 0,
    "pid": 13676,
    "index": 6
  },
  {
    "name": "Require(4) node_modules/.2.1.0@egg-onerror/config/config.default.js",
    "start": 1534758446648,
    "end": 1534758446648,
    "duration": 0,
    "pid": 13676,
    "index": 7
  },
  {
    "name": "Require(5) node_modules/.2.0.0@egg-i18n/config/config.default.js",
    "start": 1534758446649,
    "end": 1534758446649,
    "duration": 0,
    "pid": 13676,
    "index": 8
  },
  {
    "name": "Require(6) node_modules/.3.0.0@egg-watcher/config/config.default.js",
    "start": 1534758446649,
    "end": 1534758446649,
    "duration": 0,
    "pid": 13676,
    "index": 9
  },
  {
    "name": "Require(7) node_modules/.2.0.0@egg-multipart/config/config.default.js",
    "start": 1534758446650,
    "end": 1534758446650,
    "duration": 0,
    "pid": 13676,
    "index": 10
  },
  {
    "name": "Require(8) node_modules/.2.3.1@egg-development/config/config.default.js",
    "start": 1534758446651,
    "end": 1534758446651,
    "duration": 0,
    "pid": 13676,
    "index": 11
  },
  {
    "name": "Require(9) node_modules/.3.3.0@egg-schedule/config/config.default.js",
    "start": 1534758446651,
    "end": 1534758446651,
    "duration": 0,
    "pid": 13676,
    "index": 12
  },
  {
    "name": "Require(10) node_modules/.3.0.3@egg-logrotator/config/config.default.js",
    "start": 1534758446652,
    "end": 1534758446652,
    "duration": 0,
    "pid": 13676,
    "index": 13
  },
  {
    "name": "Require(11) node_modules/.2.1.1@egg-static/config/config.default.js",
    "start": 1534758446652,
    "end": 1534758446652,
    "duration": 0,
    "pid": 13676,
    "index": 14
  },
  {
    "name": "Require(12) node_modules/.2.1.0@egg-view/config/config.default.js",
    "start": 1534758446653,
    "end": 1534758446653,
    "duration": 0,
    "pid": 13676,
    "index": 15
  },
  {
    "name": "Require(13) node_modules/.3.1.0@egg-mongoose/config/config.default.js",
    "start": 1534758446653,
    "end": 1534758446654,
    "duration": 1,
    "pid": 13676,
    "index": 16
  },
  {
    "name": "Require(14) node_modules/.2.1.0@egg-cors/config/config.default.js",
    "start": 1534758446654,
    "end": 1534758446654,
    "duration": 0,
    "pid": 13676,
    "index": 17
  },
  {
    "name": "Require(15) node_modules/.2.2.0@egg-view-nunjucks/config/config.default.js",
    "start": 1534758446654,
    "end": 1534758446654,
    "duration": 0,
    "pid": 13676,
    "index": 18
  },
  {
    "name": "Require(16) node_modules/.2.9.1@egg/config/config.default.js",
    "start": 1534758446655,
    "end": 1534758446655,
    "duration": 0,
    "pid": 13676,
    "index": 19
  },
  {
    "name": "Require(17) config/config.default.js",
    "start": 1534758446656,
    "end": 1534758446656,
    "duration": 0,
    "pid": 13676,
    "index": 20
  },
  {
    "name": "Require(18) node_modules/.2.2.3@egg-security/config/config.local.js",
    "start": 1534758446658,
    "end": 1534758446658,
    "duration": 0,
    "pid": 13676,
    "index": 21
  },
  {
    "name": "Require(19) node_modules/.3.0.0@egg-watcher/config/config.local.js",
    "start": 1534758446659,
    "end": 1534758446659,
    "duration": 0,
    "pid": 13676,
    "index": 22
  },
  {
    "name": "Require(20) node_modules/.2.1.0@egg-view/config/config.local.js",
    "start": 1534758446660,
    "end": 1534758446660,
    "duration": 0,
    "pid": 13676,
    "index": 23
  },
  {
    "name": "Require(21) node_modules/.2.2.0@egg-view-nunjucks/config/config.local.js",
    "start": 1534758446661,
    "end": 1534758446661,
    "duration": 0,
    "pid": 13676,
    "index": 24
  },
  {
    "name": "Require(22) node_modules/.2.9.1@egg/config/config.local.js",
    "start": 1534758446661,
    "end": 1534758446661,
    "duration": 0,
    "pid": 13676,
    "index": 25
  },
  {
    "name": "Load extend/application.js",
    "start": 1534758446662,
    "end": 1534758446719,
    "duration": 57,
    "pid": 13676,
    "index": 26
  },
  {
    "name": "Require(23) node_modules/.3.1.0@egg-session/app/extend/application.js",
    "start": 1534758446663,
    "end": 1534758446663,
    "duration": 0,
    "pid": 13676,
    "index": 27
  },
  {
    "name": "Require(24) node_modules/.2.2.3@egg-security/app/extend/application.js",
    "start": 1534758446663,
    "end": 1534758446664,
    "duration": 1,
    "pid": 13676,
    "index": 28
  },
  {
    "name": "Require(25) node_modules/.2.0.0@egg-jsonp/app/extend/application.js",
    "start": 1534758446664,
    "end": 1534758446666,
    "duration": 2,
    "pid": 13676,
    "index": 29
  },
  {
    "name": "Require(26) node_modules/.3.0.3@egg-logrotator/app/extend/application.js",
    "start": 1534758446666,
    "end": 1534758446668,
    "duration": 2,
    "pid": 13676,
    "index": 30
  },
  {
    "name": "Require(27) node_modules/.2.1.0@egg-view/app/extend/application.js",
    "start": 1534758446669,
    "end": 1534758446670,
    "duration": 1,
    "pid": 13676,
    "index": 31
  },
  {
    "name": "Require(28) node_modules/.2.2.0@egg-view-nunjucks/app/extend/application.js",
    "start": 1534758446670,
    "end": 1534758446717,
    "duration": 47,
    "pid": 13676,
    "index": 32
  },
  {
    "name": "Load extend/request.js",
    "start": 1534758446719,
    "end": 1534758446725,
    "duration": 6,
    "pid": 13676,
    "index": 33
  },
  {
    "name": "Require(29) node_modules/.2.9.1@egg/app/extend/request.js",
    "start": 1534758446721,
    "end": 1534758446723,
    "duration": 2,
    "pid": 13676,
    "index": 34
  },
  {
    "name": "Load extend/response.js",
    "start": 1534758446725,
    "end": 1534758446731,
    "duration": 6,
    "pid": 13676,
    "index": 35
  },
  {
    "name": "Require(30) node_modules/.2.9.1@egg/app/extend/response.js",
    "start": 1534758446727,
    "end": 1534758446729,
    "duration": 2,
    "pid": 13676,
    "index": 36
  },
  {
    "name": "Load extend/context.js",
    "start": 1534758446731,
    "end": 1534758446787,
    "duration": 56,
    "pid": 13676,
    "index": 37
  },
  {
    "name": "Require(31) node_modules/.2.2.3@egg-security/app/extend/context.js",
    "start": 1534758446731,
    "end": 1534758446740,
    "duration": 9,
    "pid": 13676,
    "index": 38
  },
  {
    "name": "Require(32) node_modules/.2.0.0@egg-jsonp/app/extend/context.js",
    "start": 1534758446741,
    "end": 1534758446742,
    "duration": 1,
    "pid": 13676,
    "index": 39
  },
  {
    "name": "Require(33) node_modules/.2.0.0@egg-i18n/app/extend/context.js",
    "start": 1534758446742,
    "end": 1534758446742,
    "duration": 0,
    "pid": 13676,
    "index": 40
  },
  {
    "name": "Require(34) node_modules/.2.0.0@egg-multipart/app/extend/context.js",
    "start": 1534758446743,
    "end": 1534758446779,
    "duration": 36,
    "pid": 13676,
    "index": 41
  },
  {
    "name": "Require(35) node_modules/.2.1.0@egg-view/app/extend/context.js",
    "start": 1534758446780,
    "end": 1534758446781,
    "duration": 1,
    "pid": 13676,
    "index": 42
  },
  {
    "name": "Require(36) node_modules/.1.0.0@egg-validate/app/extend/context.js",
    "start": 1534758446782,
    "end": 1534758446782,
    "duration": 0,
    "pid": 13676,
    "index": 43
  },
  {
    "name": "Require(37) node_modules/.3.1.0@egg-mongoose/app/extend/context.js",
    "start": 1534758446783,
    "end": 1534758446783,
    "duration": 0,
    "pid": 13676,
    "index": 44
  },
  {
    "name": "Require(38) node_modules/.2.9.1@egg/app/extend/context.js",
    "start": 1534758446783,
    "end": 1534758446785,
    "duration": 2,
    "pid": 13676,
    "index": 45
  },
  {
    "name": "Load extend/helper.js",
    "start": 1534758446787,
    "end": 1534758446805,
    "duration": 18,
    "pid": 13676,
    "index": 46
  },
  {
    "name": "Require(39) node_modules/.2.2.3@egg-security/app/extend/helper.js",
    "start": 1534758446787,
    "end": 1534758446802,
    "duration": 15,
    "pid": 13676,
    "index": 47
  },
  {
    "name": "Require(40) node_modules/.2.9.1@egg/app/extend/helper.js",
    "start": 1534758446803,
    "end": 1534758446804,
    "duration": 1,
    "pid": 13676,
    "index": 48
  },
  {
    "name": "Load app.js",
    "start": 1534758446805,
    "end": 1534758447654,
    "duration": 849,
    "pid": 13676,
    "index": 49
  },
  {
    "name": "Require(41) node_modules/.3.1.0@egg-session/app.js",
    "start": 1534758446806,
    "end": 1534758446806,
    "duration": 0,
    "pid": 13676,
    "index": 50
  },
  {
    "name": "Require(42) node_modules/.2.2.3@egg-security/app.js",
    "start": 1534758446806,
    "end": 1534758446807,
    "duration": 1,
    "pid": 13676,
    "index": 51
  },
  {
    "name": "Require(43) node_modules/.2.1.0@egg-onerror/app.js",
    "start": 1534758446808,
    "end": 1534758446818,
    "duration": 10,
    "pid": 13676,
    "index": 52
  },
  {
    "name": "Require(44) node_modules/.2.0.0@egg-i18n/app.js",
    "start": 1534758446818,
    "end": 1534758446824,
    "duration": 6,
    "pid": 13676,
    "index": 53
  },
  {
    "name": "Require(45) node_modules/.3.0.0@egg-watcher/app.js",
    "start": 1534758446826,
    "end": 1534758446829,
    "duration": 3,
    "pid": 13676,
    "index": 54
  },
  {
    "name": "Before Start in node_modules/.3.0.0@egg-watcher/app.js:15:7",
    "start": 1534758446837,
    "end": 1534758448022,
    "duration": 1185,
    "pid": 13676,
    "index": 55
  },
  {
    "name": "Require(46) node_modules/.2.0.0@egg-multipart/app.js",
    "start": 1534758446837,
    "end": 1534758446840,
    "duration": 3,
    "pid": 13676,
    "index": 56
  },
  {
    "name": "Require(47) node_modules/.2.3.1@egg-development/app.js",
    "start": 1534758446840,
    "end": 1534758446841,
    "duration": 1,
    "pid": 13676,
    "index": 57
  },
  {
    "name": "Before Start in node_modules/.2.3.1@egg-development/app.js:12:7",
    "start": 1534758446842,
    "end": 1534758448023,
    "duration": 1181,
    "pid": 13676,
    "index": 58
  },
  {
    "name": "Require(48) node_modules/.3.3.0@egg-schedule/app.js",
    "start": 1534758446842,
    "end": 1534758446843,
    "duration": 1,
    "pid": 13676,
    "index": 59
  },
  {
    "name": "Require(49) node_modules/.3.0.3@egg-logrotator/app.js",
    "start": 1534758446872,
    "end": 1534758446872,
    "duration": 0,
    "pid": 13676,
    "index": 60
  },
  {
    "name": "Require(50) node_modules/.2.1.1@egg-static/app.js",
    "start": 1534758446872,
    "end": 1534758446872,
    "duration": 0,
    "pid": 13676,
    "index": 61
  },
  {
    "name": "Require(51) node_modules/.1.0.0@egg-validate/app.js",
    "start": 1534758446873,
    "end": 1534758446874,
    "duration": 1,
    "pid": 13676,
    "index": 62
  },
  {
    "name": "Require(52) node_modules/.3.1.0@egg-mongoose/app.js",
    "start": 1534758446875,
    "end": 1534758446875,
    "duration": 0,
    "pid": 13676,
    "index": 63
  },
  {
    "name": "Before Start in node_modules/.3.1.0@egg-mongoose/lib/mongoose.js:77:7",
    "start": 1534758447651,
    "end": 1534758449025,
    "duration": 1374,
    "pid": 13676,
    "index": 64
  },
  {
    "name": "Before Start in node_modules/.3.1.0@egg-mongoose/lib/mongoose.js:42:9",
    "start": 1534758447651,
    "end": 1534758448012,
    "duration": 361,
    "pid": 13676,
    "index": 65
  },
  {
    "name": "Require(53) node_modules/.2.1.0@egg-cors/app.js",
    "start": 1534758447652,
    "end": 1534758447652,
    "duration": 0,
    "pid": 13676,
    "index": 66
  },
  {
    "name": "Require(54) node_modules/.2.2.0@egg-view-nunjucks/app.js",
    "start": 1534758447652,
    "end": 1534758447652,
    "duration": 0,
    "pid": 13676,
    "index": 67
  },
  {
    "name": "Load Service",
    "start": 1534758447654,
    "end": 1534758447914,
    "duration": 260,
    "pid": 13676,
    "index": 68
  },
  {
    "name": "Load \"service\" to Context",
    "start": 1534758447654,
    "end": 1534758447914,
    "duration": 260,
    "pid": 13676,
    "index": 69
  },
  {
    "name": "Load Middleware",
    "start": 1534758447915,
    "end": 1534758447979,
    "duration": 64,
    "pid": 13676,
    "index": 70
  },
  {
    "name": "Load \"middlewares\" to Application",
    "start": 1534758447915,
    "end": 1534758447971,
    "duration": 56,
    "pid": 13676,
    "index": 71
  },
  {
    "name": "Load Controller",
    "start": 1534758447979,
    "end": 1534758447983,
    "duration": 4,
    "pid": 13676,
    "index": 72
  },
  {
    "name": "Load \"controller\" to Application",
    "start": 1534758447979,
    "end": 1534758447983,
    "duration": 4,
    "pid": 13676,
    "index": 73
  },
  {
    "name": "Load Router",
    "start": 1534758447983,
    "end": 1534758447986,
    "duration": 3,
    "pid": 13676,
    "index": 74
  },
  {
    "name": "Require(55) app/router.js",
    "start": 1534758447984,
    "end": 1534758447984,
    "duration": 0,
    "pid": 13676,
    "index": 75
  },
  {
    "name": "Before Start in node_modules/.4.9.1@egg-core/lib/egg.js:328:10",
    "start": 1534758447984,
    "end": 1534758448012,
    "duration": 28,
    "pid": 13676,
    "index": 76
  },
  {
    "name": "Load \"model\" to Application",
    "start": 1534758447998,
    "end": 1534758448012,
    "duration": 14,
    "pid": 13676,
    "index": 77
  }
]