[
  {
    "name": "Application Start",
    "start": 1534758775762,
    "end": 1534758778283,
    "duration": 2521,
    "pid": 4480,
    "index": 0
  },
  {
    "name": "Load Plugin",
    "start": 1534758775766,
    "end": 1534758775786,
    "duration": 20,
    "pid": 4480,
    "index": 1
  },
  {
    "name": "Load Config",
    "start": 1534758775786,
    "end": 1534758775812,
    "duration": 26,
    "pid": 4480,
    "index": 2
  },
  {
    "name": "Require(0) config/config.default.js",
    "start": 1534758775786,
    "end": 1534758775787,
    "duration": 1,
    "pid": 4480,
    "index": 3
  },
  {
    "name": "Require(1) node_modules/.3.1.0@egg-session/config/config.default.js",
    "start": 1534758775789,
    "end": 1534758775789,
    "duration": 0,
    "pid": 4480,
    "index": 4
  },
  {
    "name": "Require(2) node_modules/.2.2.3@egg-security/config/config.default.js",
    "start": 1534758775790,
    "end": 1534758775790,
    "duration": 0,
    "pid": 4480,
    "index": 5
  },
  {
    "name": "Require(3) node_modules/.2.0.0@egg-jsonp/config/config.default.js",
    "start": 1534758775791,
    "end": 1534758775791,
    "duration": 0,
    "pid": 4480,
    "index": 6
  },
  {
    "name": "Require(4) node_modules/.2.1.0@egg-onerror/config/config.default.js",
    "start": 1534758775792,
    "end": 1534758775792,
    "duration": 0,
    "pid": 4480,
    "index": 7
  },
  {
    "name": "Require(5) node_modules/.2.0.0@egg-i18n/config/config.default.js",
    "start": 1534758775793,
    "end": 1534758775794,
    "duration": 1,
    "pid": 4480,
    "index": 8
  },
  {
    "name": "Require(6) node_modules/.3.0.0@egg-watcher/config/config.default.js",
    "start": 1534758775794,
    "end": 1534758775794,
    "duration": 0,
    "pid": 4480,
    "index": 9
  },
  {
    "name": "Require(7) node_modules/.2.0.0@egg-multipart/config/config.default.js",
    "start": 1534758775795,
    "end": 1534758775795,
    "duration": 0,
    "pid": 4480,
    "index": 10
  },
  {
    "name": "Require(8) node_modules/.2.3.1@egg-development/config/config.default.js",
    "start": 1534758775796,
    "end": 1534758775796,
    "duration": 0,
    "pid": 4480,
    "index": 11
  },
  {
    "name": "Require(9) node_modules/.3.3.0@egg-schedule/config/config.default.js",
    "start": 1534758775796,
    "end": 1534758775796,
    "duration": 0,
    "pid": 4480,
    "index": 12
  },
  {
    "name": "Require(10) node_modules/.3.0.3@egg-logrotator/config/config.default.js",
    "start": 1534758775797,
    "end": 1534758775797,
    "duration": 0,
    "pid": 4480,
    "index": 13
  },
  {
    "name": "Require(11) node_modules/.2.1.1@egg-static/config/config.default.js",
    "start": 1534758775797,
    "end": 1534758775798,
    "duration": 1,
    "pid": 4480,
    "index": 14
  },
  {
    "name": "Require(12) node_modules/.2.1.0@egg-view/config/config.default.js",
    "start": 1534758775798,
    "end": 1534758775798,
    "duration": 0,
    "pid": 4480,
    "index": 15
  },
  {
    "name": "Require(13) node_modules/.3.1.0@egg-mongoose/config/config.default.js",
    "start": 1534758775799,
    "end": 1534758775799,
    "duration": 0,
    "pid": 4480,
    "index": 16
  },
  {
    "name": "Require(14) node_modules/.2.1.0@egg-cors/config/config.default.js",
    "start": 1534758775799,
    "end": 1534758775800,
    "duration": 1,
    "pid": 4480,
    "index": 17
  },
  {
    "name": "Require(15) node_modules/.2.2.0@egg-view-nunjucks/config/config.default.js",
    "start": 1534758775800,
    "end": 1534758775800,
    "duration": 0,
    "pid": 4480,
    "index": 18
  },
  {
    "name": "Require(16) node_modules/.2.9.1@egg/config/config.default.js",
    "start": 1534758775800,
    "end": 1534758775801,
    "duration": 1,
    "pid": 4480,
    "index": 19
  },
  {
    "name": "Require(17) config/config.default.js",
    "start": 1534758775803,
    "end": 1534758775803,
    "duration": 0,
    "pid": 4480,
    "index": 20
  },
  {
    "name": "Require(18) node_modules/.2.2.3@egg-security/config/config.local.js",
    "start": 1534758775804,
    "end": 1534758775808,
    "duration": 4,
    "pid": 4480,
    "index": 21
  },
  {
    "name": "Require(19) node_modules/.3.0.0@egg-watcher/config/config.local.js",
    "start": 1534758775809,
    "end": 1534758775810,
    "duration": 1,
    "pid": 4480,
    "index": 22
  },
  {
    "name": "Require(20) node_modules/.2.1.0@egg-view/config/config.local.js",
    "start": 1534758775810,
    "end": 1534758775811,
    "duration": 1,
    "pid": 4480,
    "index": 23
  },
  {
    "name": "Require(21) node_modules/.2.2.0@egg-view-nunjucks/config/config.local.js",
    "start": 1534758775811,
    "end": 1534758775812,
    "duration": 1,
    "pid": 4480,
    "index": 24
  },
  {
    "name": "Require(22) node_modules/.2.9.1@egg/config/config.local.js",
    "start": 1534758775812,
    "end": 1534758775812,
    "duration": 0,
    "pid": 4480,
    "index": 25
  },
  {
    "name": "Load extend/application.js",
    "start": 1534758775813,
    "end": 1534758775873,
    "duration": 60,
    "pid": 4480,
    "index": 26
  },
  {
    "name": "Require(23) node_modules/.3.1.0@egg-session/app/extend/application.js",
    "start": 1534758775814,
    "end": 1534758775815,
    "duration": 1,
    "pid": 4480,
    "index": 27
  },
  {
    "name": "Require(24) node_modules/.2.2.3@egg-security/app/extend/application.js",
    "start": 1534758775815,
    "end": 1534758775816,
    "duration": 1,
    "pid": 4480,
    "index": 28
  },
  {
    "name": "Require(25) node_modules/.2.0.0@egg-jsonp/app/extend/application.js",
    "start": 1534758775816,
    "end": 1534758775817,
    "duration": 1,
    "pid": 4480,
    "index": 29
  },
  {
    "name": "Require(26) node_modules/.3.0.3@egg-logrotator/app/extend/application.js",
    "start": 1534758775818,
    "end": 1534758775821,
    "duration": 3,
    "pid": 4480,
    "index": 30
  },
  {
    "name": "Require(27) node_modules/.2.1.0@egg-view/app/extend/application.js",
    "start": 1534758775821,
    "end": 1534758775823,
    "duration": 2,
    "pid": 4480,
    "index": 31
  },
  {
    "name": "Require(28) node_modules/.2.2.0@egg-view-nunjucks/app/extend/application.js",
    "start": 1534758775823,
    "end": 1534758775870,
    "duration": 47,
    "pid": 4480,
    "index": 32
  },
  {
    "name": "Load extend/request.js",
    "start": 1534758775873,
    "end": 1534758775877,
    "duration": 4,
    "pid": 4480,
    "index": 33
  },
  {
    "name": "Require(29) node_modules/.2.9.1@egg/app/extend/request.js",
    "start": 1534758775875,
    "end": 1534758775876,
    "duration": 1,
    "pid": 4480,
    "index": 34
  },
  {
    "name": "Load extend/response.js",
    "start": 1534758775878,
    "end": 1534758775883,
    "duration": 5,
    "pid": 4480,
    "index": 35
  },
  {
    "name": "Require(30) node_modules/.2.9.1@egg/app/extend/response.js",
    "start": 1534758775879,
    "end": 1534758775881,
    "duration": 2,
    "pid": 4480,
    "index": 36
  },
  {
    "name": "Load extend/context.js",
    "start": 1534758775883,
    "end": 1534758775937,
    "duration": 54,
    "pid": 4480,
    "index": 37
  },
  {
    "name": "Require(31) node_modules/.2.2.3@egg-security/app/extend/context.js",
    "start": 1534758775884,
    "end": 1534758775893,
    "duration": 9,
    "pid": 4480,
    "index": 38
  },
  {
    "name": "Require(32) node_modules/.2.0.0@egg-jsonp/app/extend/context.js",
    "start": 1534758775893,
    "end": 1534758775894,
    "duration": 1,
    "pid": 4480,
    "index": 39
  },
  {
    "name": "Require(33) node_modules/.2.0.0@egg-i18n/app/extend/context.js",
    "start": 1534758775895,
    "end": 1534758775895,
    "duration": 0,
    "pid": 4480,
    "index": 40
  },
  {
    "name": "Require(34) node_modules/.2.0.0@egg-multipart/app/extend/context.js",
    "start": 1534758775895,
    "end": 1534758775928,
    "duration": 33,
    "pid": 4480,
    "index": 41
  },
  {
    "name": "Require(35) node_modules/.2.1.0@egg-view/app/extend/context.js",
    "start": 1534758775932,
    "end": 1534758775933,
    "duration": 1,
    "pid": 4480,
    "index": 42
  },
  {
    "name": "Require(36) node_modules/.1.0.0@egg-validate/app/extend/context.js",
    "start": 1534758775933,
    "end": 1534758775933,
    "duration": 0,
    "pid": 4480,
    "index": 43
  },
  {
    "name": "Require(37) node_modules/.3.1.0@egg-mongoose/app/extend/context.js",
    "start": 1534758775933,
    "end": 1534758775934,
    "duration": 1,
    "pid": 4480,
    "index": 44
  },
  {
    "name": "Require(38) node_modules/.2.9.1@egg/app/extend/context.js",
    "start": 1534758775934,
    "end": 1534758775935,
    "duration": 1,
    "pid": 4480,
    "index": 45
  },
  {
    "name": "Load extend/helper.js",
    "start": 1534758775937,
    "end": 1534758775953,
    "duration": 16,
    "pid": 4480,
    "index": 46
  },
  {
    "name": "Require(39) node_modules/.2.2.3@egg-security/app/extend/helper.js",
    "start": 1534758775937,
    "end": 1534758775949,
    "duration": 12,
    "pid": 4480,
    "index": 47
  },
  {
    "name": "Require(40) node_modules/.2.9.1@egg/app/extend/helper.js",
    "start": 1534758775951,
    "end": 1534758775951,
    "duration": 0,
    "pid": 4480,
    "index": 48
  },
  {
    "name": "Load app.js",
    "start": 1534758775953,
    "end": 1534758776823,
    "duration": 870,
    "pid": 4480,
    "index": 49
  },
  {
    "name": "Require(41) node_modules/.3.1.0@egg-session/app.js",
    "start": 1534758775953,
    "end": 1534758775954,
    "duration": 1,
    "pid": 4480,
    "index": 50
  },
  {
    "name": "Require(42) node_modules/.2.2.3@egg-security/app.js",
    "start": 1534758775954,
    "end": 1534758775955,
    "duration": 1,
    "pid": 4480,
    "index": 51
  },
  {
    "name": "Require(43) node_modules/.2.1.0@egg-onerror/app.js",
    "start": 1534758775956,
    "end": 1534758775963,
    "duration": 7,
    "pid": 4480,
    "index": 52
  },
  {
    "name": "Require(44) node_modules/.2.0.0@egg-i18n/app.js",
    "start": 1534758775964,
    "end": 1534758775969,
    "duration": 5,
    "pid": 4480,
    "index": 53
  },
  {
    "name": "Require(45) node_modules/.3.0.0@egg-watcher/app.js",
    "start": 1534758775973,
    "end": 1534758775976,
    "duration": 3,
    "pid": 4480,
    "index": 54
  },
  {
    "name": "Before Start in node_modules/.3.0.0@egg-watcher/app.js:15:7",
    "start": 1534758775993,
    "end": 1534758777278,
    "duration": 1285,
    "pid": 4480,
    "index": 55
  },
  {
    "name": "Require(46) node_modules/.2.0.0@egg-multipart/app.js",
    "start": 1534758775994,
    "end": 1534758775997,
    "duration": 3,
    "pid": 4480,
    "index": 56
  },
  {
    "name": "Require(47) node_modules/.2.3.1@egg-development/app.js",
    "start": 1534758775997,
    "end": 1534758775998,
    "duration": 1,
    "pid": 4480,
    "index": 57
  },
  {
    "name": "Before Start in node_modules/.2.3.1@egg-development/app.js:12:7",
    "start": 1534758775999,
    "end": 1534758777278,
    "duration": 1279,
    "pid": 4480,
    "index": 58
  },
  {
    "name": "Require(48) node_modules/.3.3.0@egg-schedule/app.js",
    "start": 1534758775999,
    "end": 1534758776001,
    "duration": 2,
    "pid": 4480,
    "index": 59
  },
  {
    "name": "Require(49) node_modules/.3.0.3@egg-logrotator/app.js",
    "start": 1534758776035,
    "end": 1534758776035,
    "duration": 0,
    "pid": 4480,
    "index": 60
  },
  {
    "name": "Require(50) node_modules/.2.1.1@egg-static/app.js",
    "start": 1534758776035,
    "end": 1534758776036,
    "duration": 1,
    "pid": 4480,
    "index": 61
  },
  {
    "name": "Require(51) node_modules/.1.0.0@egg-validate/app.js",
    "start": 1534758776036,
    "end": 1534758776037,
    "duration": 1,
    "pid": 4480,
    "index": 62
  },
  {
    "name": "Require(52) node_modules/.3.1.0@egg-mongoose/app.js",
    "start": 1534758776038,
    "end": 1534758776038,
    "duration": 0,
    "pid": 4480,
    "index": 63
  },
  {
    "name": "Before Start in node_modules/.3.1.0@egg-mongoose/lib/mongoose.js:77:7",
    "start": 1534758776820,
    "end": 1534758778283,
    "duration": 1463,
    "pid": 4480,
    "index": 64
  },
  {
    "name": "Before Start in node_modules/.3.1.0@egg-mongoose/lib/mongoose.js:42:9",
    "start": 1534758776820,
    "end": 1534758777230,
    "duration": 410,
    "pid": 4480,
    "index": 65
  },
  {
    "name": "Require(53) node_modules/.2.1.0@egg-cors/app.js",
    "start": 1534758776820,
    "end": 1534758776821,
    "duration": 1,
    "pid": 4480,
    "index": 66
  },
  {
    "name": "Require(54) node_modules/.2.2.0@egg-view-nunjucks/app.js",
    "start": 1534758776821,
    "end": 1534758776821,
    "duration": 0,
    "pid": 4480,
    "index": 67
  },
  {
    "name": "Load Service",
    "start": 1534758776823,
    "end": 1534758777110,
    "duration": 287,
    "pid": 4480,
    "index": 68
  },
  {
    "name": "Load \"service\" to Context",
    "start": 1534758776823,
    "end": 1534758777110,
    "duration": 287,
    "pid": 4480,
    "index": 69
  },
  {
    "name": "Load Middleware",
    "start": 1534758777111,
    "end": 1534758777185,
    "duration": 74,
    "pid": 4480,
    "index": 70
  },
  {
    "name": "Load \"middlewares\" to Application",
    "start": 1534758777111,
    "end": 1534758777176,
    "duration": 65,
    "pid": 4480,
    "index": 71
  },
  {
    "name": "Load Controller",
    "start": 1534758777185,
    "end": 1534758777194,
    "duration": 9,
    "pid": 4480,
    "index": 72
  },
  {
    "name": "Load \"controller\" to Application",
    "start": 1534758777185,
    "end": 1534758777194,
    "duration": 9,
    "pid": 4480,
    "index": 73
  },
  {
    "name": "Load Router",
    "start": 1534758777194,
    "end": 1534758777197,
    "duration": 3,
    "pid": 4480,
    "index": 74
  },
  {
    "name": "Require(55) app/router.js",
    "start": 1534758777194,
    "end": 1534758777195,
    "duration": 1,
    "pid": 4480,
    "index": 75
  },
  {
    "name": "Before Start in node_modules/.4.9.1@egg-core/lib/egg.js:328:10",
    "start": 1534758777195,
    "end": 1534758777230,
    "duration": 35,
    "pid": 4480,
    "index": 76
  },
  {
    "name": "Load \"model\" to Application",
    "start": 1534758777210,
    "end": 1534758777229,
    "duration": 19,
    "pid": 4480,
    "index": 77
  }
]