[
  {
    "name": "Application Start",
    "start": 1534753429691,
    "end": 1534753432033,
    "duration": 2342,
    "pid": 4600,
    "index": 0
  },
  {
    "name": "Load Plugin",
    "start": 1534753429695,
    "end": 1534753429712,
    "duration": 17,
    "pid": 4600,
    "index": 1
  },
  {
    "name": "Load Config",
    "start": 1534753429712,
    "end": 1534753429732,
    "duration": 20,
    "pid": 4600,
    "index": 2
  },
  {
    "name": "Require(0) config/config.default.js",
    "start": 1534753429712,
    "end": 1534753429713,
    "duration": 1,
    "pid": 4600,
    "index": 3
  },
  {
    "name": "Require(1) node_modules/.3.1.0@egg-session/config/config.default.js",
    "start": 1534753429714,
    "end": 1534753429714,
    "duration": 0,
    "pid": 4600,
    "index": 4
  },
  {
    "name": "Require(2) node_modules/.2.2.3@egg-security/config/config.default.js",
    "start": 1534753429715,
    "end": 1534753429715,
    "duration": 0,
    "pid": 4600,
    "index": 5
  },
  {
    "name": "Require(3) node_modules/.2.0.0@egg-jsonp/config/config.default.js",
    "start": 1534753429716,
    "end": 1534753429716,
    "duration": 0,
    "pid": 4600,
    "index": 6
  },
  {
    "name": "Require(4) node_modules/.2.1.0@egg-onerror/config/config.default.js",
    "start": 1534753429717,
    "end": 1534753429717,
    "duration": 0,
    "pid": 4600,
    "index": 7
  },
  {
    "name": "Require(5) node_modules/.2.0.0@egg-i18n/config/config.default.js",
    "start": 1534753429718,
    "end": 1534753429718,
    "duration": 0,
    "pid": 4600,
    "index": 8
  },
  {
    "name": "Require(6) node_modules/.3.0.0@egg-watcher/config/config.default.js",
    "start": 1534753429718,
    "end": 1534753429719,
    "duration": 1,
    "pid": 4600,
    "index": 9
  },
  {
    "name": "Require(7) node_modules/.2.0.0@egg-multipart/config/config.default.js",
    "start": 1534753429719,
    "end": 1534753429719,
    "duration": 0,
    "pid": 4600,
    "index": 10
  },
  {
    "name": "Require(8) node_modules/.2.3.1@egg-development/config/config.default.js",
    "start": 1534753429720,
    "end": 1534753429720,
    "duration": 0,
    "pid": 4600,
    "index": 11
  },
  {
    "name": "Require(9) node_modules/.3.3.0@egg-schedule/config/config.default.js",
    "start": 1534753429720,
    "end": 1534753429720,
    "duration": 0,
    "pid": 4600,
    "index": 12
  },
  {
    "name": "Require(10) node_modules/.3.0.3@egg-logrotator/config/config.default.js",
    "start": 1534753429721,
    "end": 1534753429721,
    "duration": 0,
    "pid": 4600,
    "index": 13
  },
  {
    "name": "Require(11) node_modules/.2.1.1@egg-static/config/config.default.js",
    "start": 1534753429721,
    "end": 1534753429722,
    "duration": 1,
    "pid": 4600,
    "index": 14
  },
  {
    "name": "Require(12) node_modules/.2.1.0@egg-view/config/config.default.js",
    "start": 1534753429722,
    "end": 1534753429722,
    "duration": 0,
    "pid": 4600,
    "index": 15
  },
  {
    "name": "Require(13) node_modules/.3.1.0@egg-mongoose/config/config.default.js",
    "start": 1534753429723,
    "end": 1534753429723,
    "duration": 0,
    "pid": 4600,
    "index": 16
  },
  {
    "name": "Require(14) node_modules/.2.1.0@egg-cors/config/config.default.js",
    "start": 1534753429723,
    "end": 1534753429724,
    "duration": 1,
    "pid": 4600,
    "index": 17
  },
  {
    "name": "Require(15) node_modules/.2.2.0@egg-view-nunjucks/config/config.default.js",
    "start": 1534753429724,
    "end": 1534753429724,
    "duration": 0,
    "pid": 4600,
    "index": 18
  },
  {
    "name": "Require(16) node_modules/.2.9.1@egg/config/config.default.js",
    "start": 1534753429724,
    "end": 1534753429726,
    "duration": 2,
    "pid": 4600,
    "index": 19
  },
  {
    "name": "Require(17) config/config.default.js",
    "start": 1534753429728,
    "end": 1534753429728,
    "duration": 0,
    "pid": 4600,
    "index": 20
  },
  {
    "name": "Require(18) node_modules/.2.2.3@egg-security/config/config.local.js",
    "start": 1534753429728,
    "end": 1534753429729,
    "duration": 1,
    "pid": 4600,
    "index": 21
  },
  {
    "name": "Require(19) node_modules/.3.0.0@egg-watcher/config/config.local.js",
    "start": 1534753429729,
    "end": 1534753429730,
    "duration": 1,
    "pid": 4600,
    "index": 22
  },
  {
    "name": "Require(20) node_modules/.2.1.0@egg-view/config/config.local.js",
    "start": 1534753429730,
    "end": 1534753429730,
    "duration": 0,
    "pid": 4600,
    "index": 23
  },
  {
    "name": "Require(21) node_modules/.2.2.0@egg-view-nunjucks/config/config.local.js",
    "start": 1534753429731,
    "end": 1534753429731,
    "duration": 0,
    "pid": 4600,
    "index": 24
  },
  {
    "name": "Require(22) node_modules/.2.9.1@egg/config/config.local.js",
    "start": 1534753429731,
    "end": 1534753429731,
    "duration": 0,
    "pid": 4600,
    "index": 25
  },
  {
    "name": "Load extend/application.js",
    "start": 1534753429733,
    "end": 1534753429790,
    "duration": 57,
    "pid": 4600,
    "index": 26
  },
  {
    "name": "Require(23) node_modules/.3.1.0@egg-session/app/extend/application.js",
    "start": 1534753429733,
    "end": 1534753429733,
    "duration": 0,
    "pid": 4600,
    "index": 27
  },
  {
    "name": "Require(24) node_modules/.2.2.3@egg-security/app/extend/application.js",
    "start": 1534753429734,
    "end": 1534753429735,
    "duration": 1,
    "pid": 4600,
    "index": 28
  },
  {
    "name": "Require(25) node_modules/.2.0.0@egg-jsonp/app/extend/application.js",
    "start": 1534753429735,
    "end": 1534753429736,
    "duration": 1,
    "pid": 4600,
    "index": 29
  },
  {
    "name": "Require(26) node_modules/.3.0.3@egg-logrotator/app/extend/application.js",
    "start": 1534753429737,
    "end": 1534753429740,
    "duration": 3,
    "pid": 4600,
    "index": 30
  },
  {
    "name": "Require(27) node_modules/.2.1.0@egg-view/app/extend/application.js",
    "start": 1534753429741,
    "end": 1534753429742,
    "duration": 1,
    "pid": 4600,
    "index": 31
  },
  {
    "name": "Require(28) node_modules/.2.2.0@egg-view-nunjucks/app/extend/application.js",
    "start": 1534753429743,
    "end": 1534753429788,
    "duration": 45,
    "pid": 4600,
    "index": 32
  },
  {
    "name": "Load extend/request.js",
    "start": 1534753429790,
    "end": 1534753429796,
    "duration": 6,
    "pid": 4600,
    "index": 33
  },
  {
    "name": "Require(29) node_modules/.2.9.1@egg/app/extend/request.js",
    "start": 1534753429792,
    "end": 1534753429794,
    "duration": 2,
    "pid": 4600,
    "index": 34
  },
  {
    "name": "Load extend/response.js",
    "start": 1534753429796,
    "end": 1534753429801,
    "duration": 5,
    "pid": 4600,
    "index": 35
  },
  {
    "name": "Require(30) node_modules/.2.9.1@egg/app/extend/response.js",
    "start": 1534753429798,
    "end": 1534753429799,
    "duration": 1,
    "pid": 4600,
    "index": 36
  },
  {
    "name": "Load extend/context.js",
    "start": 1534753429801,
    "end": 1534753429859,
    "duration": 58,
    "pid": 4600,
    "index": 37
  },
  {
    "name": "Require(31) node_modules/.2.2.3@egg-security/app/extend/context.js",
    "start": 1534753429802,
    "end": 1534753429810,
    "duration": 8,
    "pid": 4600,
    "index": 38
  },
  {
    "name": "Require(32) node_modules/.2.0.0@egg-jsonp/app/extend/context.js",
    "start": 1534753429811,
    "end": 1534753429812,
    "duration": 1,
    "pid": 4600,
    "index": 39
  },
  {
    "name": "Require(33) node_modules/.2.0.0@egg-i18n/app/extend/context.js",
    "start": 1534753429812,
    "end": 1534753429813,
    "duration": 1,
    "pid": 4600,
    "index": 40
  },
  {
    "name": "Require(34) node_modules/.2.0.0@egg-multipart/app/extend/context.js",
    "start": 1534753429813,
    "end": 1534753429849,
    "duration": 36,
    "pid": 4600,
    "index": 41
  },
  {
    "name": "Require(35) node_modules/.2.1.0@egg-view/app/extend/context.js",
    "start": 1534753429850,
    "end": 1534753429851,
    "duration": 1,
    "pid": 4600,
    "index": 42
  },
  {
    "name": "Require(36) node_modules/.1.0.0@egg-validate/app/extend/context.js",
    "start": 1534753429851,
    "end": 1534753429852,
    "duration": 1,
    "pid": 4600,
    "index": 43
  },
  {
    "name": "Require(37) node_modules/.3.1.0@egg-mongoose/app/extend/context.js",
    "start": 1534753429852,
    "end": 1534753429852,
    "duration": 0,
    "pid": 4600,
    "index": 44
  },
  {
    "name": "Require(38) node_modules/.2.9.1@egg/app/extend/context.js",
    "start": 1534753429856,
    "end": 1534753429857,
    "duration": 1,
    "pid": 4600,
    "index": 45
  },
  {
    "name": "Load extend/helper.js",
    "start": 1534753429859,
    "end": 1534753429873,
    "duration": 14,
    "pid": 4600,
    "index": 46
  },
  {
    "name": "Require(39) node_modules/.2.2.3@egg-security/app/extend/helper.js",
    "start": 1534753429859,
    "end": 1534753429870,
    "duration": 11,
    "pid": 4600,
    "index": 47
  },
  {
    "name": "Require(40) node_modules/.2.9.1@egg/app/extend/helper.js",
    "start": 1534753429871,
    "end": 1534753429872,
    "duration": 1,
    "pid": 4600,
    "index": 48
  },
  {
    "name": "Load app.js",
    "start": 1534753429873,
    "end": 1534753430653,
    "duration": 780,
    "pid": 4600,
    "index": 49
  },
  {
    "name": "Require(41) node_modules/.3.1.0@egg-session/app.js",
    "start": 1534753429873,
    "end": 1534753429874,
    "duration": 1,
    "pid": 4600,
    "index": 50
  },
  {
    "name": "Require(42) node_modules/.2.2.3@egg-security/app.js",
    "start": 1534753429874,
    "end": 1534753429875,
    "duration": 1,
    "pid": 4600,
    "index": 51
  },
  {
    "name": "Require(43) node_modules/.2.1.0@egg-onerror/app.js",
    "start": 1534753429876,
    "end": 1534753429882,
    "duration": 6,
    "pid": 4600,
    "index": 52
  },
  {
    "name": "Require(44) node_modules/.2.0.0@egg-i18n/app.js",
    "start": 1534753429883,
    "end": 1534753429888,
    "duration": 5,
    "pid": 4600,
    "index": 53
  },
  {
    "name": "Require(45) node_modules/.3.0.0@egg-watcher/app.js",
    "start": 1534753429890,
    "end": 1534753429893,
    "duration": 3,
    "pid": 4600,
    "index": 54
  },
  {
    "name": "Before Start in node_modules/.3.0.0@egg-watcher/app.js:15:7",
    "start": 1534753429899,
    "end": 1534753431027,
    "duration": 1128,
    "pid": 4600,
    "index": 55
  },
  {
    "name": "Require(46) node_modules/.2.0.0@egg-multipart/app.js",
    "start": 1534753429899,
    "end": 1534753429902,
    "duration": 3,
    "pid": 4600,
    "index": 56
  },
  {
    "name": "Require(47) node_modules/.2.3.1@egg-development/app.js",
    "start": 1534753429902,
    "end": 1534753429903,
    "duration": 1,
    "pid": 4600,
    "index": 57
  },
  {
    "name": "Before Start in node_modules/.2.3.1@egg-development/app.js:12:7",
    "start": 1534753429903,
    "end": 1534753431028,
    "duration": 1125,
    "pid": 4600,
    "index": 58
  },
  {
    "name": "Require(48) node_modules/.3.3.0@egg-schedule/app.js",
    "start": 1534753429904,
    "end": 1534753429905,
    "duration": 1,
    "pid": 4600,
    "index": 59
  },
  {
    "name": "Require(49) node_modules/.3.0.3@egg-logrotator/app.js",
    "start": 1534753429932,
    "end": 1534753429932,
    "duration": 0,
    "pid": 4600,
    "index": 60
  },
  {
    "name": "Require(50) node_modules/.2.1.1@egg-static/app.js",
    "start": 1534753429932,
    "end": 1534753429933,
    "duration": 1,
    "pid": 4600,
    "index": 61
  },
  {
    "name": "Require(51) node_modules/.1.0.0@egg-validate/app.js",
    "start": 1534753429933,
    "end": 1534753429935,
    "duration": 2,
    "pid": 4600,
    "index": 62
  },
  {
    "name": "Require(52) node_modules/.3.1.0@egg-mongoose/app.js",
    "start": 1534753429935,
    "end": 1534753429936,
    "duration": 1,
    "pid": 4600,
    "index": 63
  },
  {
    "name": "Before Start in node_modules/.3.1.0@egg-mongoose/lib/mongoose.js:77:7",
    "start": 1534753430651,
    "end": 1534753432033,
    "duration": 1382,
    "pid": 4600,
    "index": 64
  },
  {
    "name": "Before Start in node_modules/.3.1.0@egg-mongoose/lib/mongoose.js:42:9",
    "start": 1534753430651,
    "end": 1534753430987,
    "duration": 336,
    "pid": 4600,
    "index": 65
  },
  {
    "name": "Require(53) node_modules/.2.1.0@egg-cors/app.js",
    "start": 1534753430652,
    "end": 1534753430652,
    "duration": 0,
    "pid": 4600,
    "index": 66
  },
  {
    "name": "Require(54) node_modules/.2.2.0@egg-view-nunjucks/app.js",
    "start": 1534753430652,
    "end": 1534753430652,
    "duration": 0,
    "pid": 4600,
    "index": 67
  },
  {
    "name": "Load Service",
    "start": 1534753430654,
    "end": 1534753430894,
    "duration": 240,
    "pid": 4600,
    "index": 68
  },
  {
    "name": "Load \"service\" to Context",
    "start": 1534753430654,
    "end": 1534753430894,
    "duration": 240,
    "pid": 4600,
    "index": 69
  },
  {
    "name": "Load Middleware",
    "start": 1534753430894,
    "end": 1534753430952,
    "duration": 58,
    "pid": 4600,
    "index": 70
  },
  {
    "name": "Load \"middlewares\" to Application",
    "start": 1534753430895,
    "end": 1534753430946,
    "duration": 51,
    "pid": 4600,
    "index": 71
  },
  {
    "name": "Load Controller",
    "start": 1534753430952,
    "end": 1534753430957,
    "duration": 5,
    "pid": 4600,
    "index": 72
  },
  {
    "name": "Load \"controller\" to Application",
    "start": 1534753430952,
    "end": 1534753430957,
    "duration": 5,
    "pid": 4600,
    "index": 73
  },
  {
    "name": "Load Router",
    "start": 1534753430957,
    "end": 1534753430959,
    "duration": 2,
    "pid": 4600,
    "index": 74
  },
  {
    "name": "Require(55) app/router.js",
    "start": 1534753430958,
    "end": 1534753430958,
    "duration": 0,
    "pid": 4600,
    "index": 75
  },
  {
    "name": "Before Start in node_modules/.4.9.1@egg-core/lib/egg.js:328:10",
    "start": 1534753430958,
    "end": 1534753430987,
    "duration": 29,
    "pid": 4600,
    "index": 76
  },
  {
    "name": "Load \"model\" to Application",
    "start": 1534753430972,
    "end": 1534753430986,
    "duration": 14,
    "pid": 4600,
    "index": 77
  }
]