[
  {
    "name": "Application Start",
    "start": 1534754264843,
    "end": 1534754267483,
    "duration": 2640,
    "pid": 15028,
    "index": 0
  },
  {
    "name": "Load Plugin",
    "start": 1534754264846,
    "end": 1534754264864,
    "duration": 18,
    "pid": 15028,
    "index": 1
  },
  {
    "name": "Load Config",
    "start": 1534754264864,
    "end": 1534754264882,
    "duration": 18,
    "pid": 15028,
    "index": 2
  },
  {
    "name": "Require(0) config/config.default.js",
    "start": 1534754264865,
    "end": 1534754264865,
    "duration": 0,
    "pid": 15028,
    "index": 3
  },
  {
    "name": "Require(1) node_modules/.3.1.0@egg-session/config/config.default.js",
    "start": 1534754264867,
    "end": 1534754264867,
    "duration": 0,
    "pid": 15028,
    "index": 4
  },
  {
    "name": "Require(2) node_modules/.2.2.3@egg-security/config/config.default.js",
    "start": 1534754264867,
    "end": 1534754264867,
    "duration": 0,
    "pid": 15028,
    "index": 5
  },
  {
    "name": "Require(3) node_modules/.2.0.0@egg-jsonp/config/config.default.js",
    "start": 1534754264868,
    "end": 1534754264868,
    "duration": 0,
    "pid": 15028,
    "index": 6
  },
  {
    "name": "Require(4) node_modules/.2.1.0@egg-onerror/config/config.default.js",
    "start": 1534754264869,
    "end": 1534754264869,
    "duration": 0,
    "pid": 15028,
    "index": 7
  },
  {
    "name": "Require(5) node_modules/.2.0.0@egg-i18n/config/config.default.js",
    "start": 1534754264869,
    "end": 1534754264869,
    "duration": 0,
    "pid": 15028,
    "index": 8
  },
  {
    "name": "Require(6) node_modules/.3.0.0@egg-watcher/config/config.default.js",
    "start": 1534754264870,
    "end": 1534754264870,
    "duration": 0,
    "pid": 15028,
    "index": 9
  },
  {
    "name": "Require(7) node_modules/.2.0.0@egg-multipart/config/config.default.js",
    "start": 1534754264870,
    "end": 1534754264870,
    "duration": 0,
    "pid": 15028,
    "index": 10
  },
  {
    "name": "Require(8) node_modules/.2.3.1@egg-development/config/config.default.js",
    "start": 1534754264871,
    "end": 1534754264871,
    "duration": 0,
    "pid": 15028,
    "index": 11
  },
  {
    "name": "Require(9) node_modules/.3.3.0@egg-schedule/config/config.default.js",
    "start": 1534754264871,
    "end": 1534754264871,
    "duration": 0,
    "pid": 15028,
    "index": 12
  },
  {
    "name": "Require(10) node_modules/.3.0.3@egg-logrotator/config/config.default.js",
    "start": 1534754264872,
    "end": 1534754264872,
    "duration": 0,
    "pid": 15028,
    "index": 13
  },
  {
    "name": "Require(11) node_modules/.2.1.1@egg-static/config/config.default.js",
    "start": 1534754264872,
    "end": 1534754264873,
    "duration": 1,
    "pid": 15028,
    "index": 14
  },
  {
    "name": "Require(12) node_modules/.2.1.0@egg-view/config/config.default.js",
    "start": 1534754264873,
    "end": 1534754264873,
    "duration": 0,
    "pid": 15028,
    "index": 15
  },
  {
    "name": "Require(13) node_modules/.3.1.0@egg-mongoose/config/config.default.js",
    "start": 1534754264874,
    "end": 1534754264874,
    "duration": 0,
    "pid": 15028,
    "index": 16
  },
  {
    "name": "Require(14) node_modules/.2.1.0@egg-cors/config/config.default.js",
    "start": 1534754264875,
    "end": 1534754264875,
    "duration": 0,
    "pid": 15028,
    "index": 17
  },
  {
    "name": "Require(15) node_modules/.2.2.0@egg-view-nunjucks/config/config.default.js",
    "start": 1534754264875,
    "end": 1534754264875,
    "duration": 0,
    "pid": 15028,
    "index": 18
  },
  {
    "name": "Require(16) node_modules/.2.9.1@egg/config/config.default.js",
    "start": 1534754264876,
    "end": 1534754264877,
    "duration": 1,
    "pid": 15028,
    "index": 19
  },
  {
    "name": "Require(17) config/config.default.js",
    "start": 1534754264879,
    "end": 1534754264879,
    "duration": 0,
    "pid": 15028,
    "index": 20
  },
  {
    "name": "Require(18) node_modules/.2.2.3@egg-security/config/config.local.js",
    "start": 1534754264879,
    "end": 1534754264879,
    "duration": 0,
    "pid": 15028,
    "index": 21
  },
  {
    "name": "Require(19) node_modules/.3.0.0@egg-watcher/config/config.local.js",
    "start": 1534754264880,
    "end": 1534754264880,
    "duration": 0,
    "pid": 15028,
    "index": 22
  },
  {
    "name": "Require(20) node_modules/.2.1.0@egg-view/config/config.local.js",
    "start": 1534754264881,
    "end": 1534754264881,
    "duration": 0,
    "pid": 15028,
    "index": 23
  },
  {
    "name": "Require(21) node_modules/.2.2.0@egg-view-nunjucks/config/config.local.js",
    "start": 1534754264882,
    "end": 1534754264882,
    "duration": 0,
    "pid": 15028,
    "index": 24
  },
  {
    "name": "Require(22) node_modules/.2.9.1@egg/config/config.local.js",
    "start": 1534754264882,
    "end": 1534754264882,
    "duration": 0,
    "pid": 15028,
    "index": 25
  },
  {
    "name": "Load extend/application.js",
    "start": 1534754264883,
    "end": 1534754264942,
    "duration": 59,
    "pid": 15028,
    "index": 26
  },
  {
    "name": "Require(23) node_modules/.3.1.0@egg-session/app/extend/application.js",
    "start": 1534754264884,
    "end": 1534754264884,
    "duration": 0,
    "pid": 15028,
    "index": 27
  },
  {
    "name": "Require(24) node_modules/.2.2.3@egg-security/app/extend/application.js",
    "start": 1534754264884,
    "end": 1534754264885,
    "duration": 1,
    "pid": 15028,
    "index": 28
  },
  {
    "name": "Require(25) node_modules/.2.0.0@egg-jsonp/app/extend/application.js",
    "start": 1534754264885,
    "end": 1534754264887,
    "duration": 2,
    "pid": 15028,
    "index": 29
  },
  {
    "name": "Require(26) node_modules/.3.0.3@egg-logrotator/app/extend/application.js",
    "start": 1534754264888,
    "end": 1534754264889,
    "duration": 1,
    "pid": 15028,
    "index": 30
  },
  {
    "name": "Require(27) node_modules/.2.1.0@egg-view/app/extend/application.js",
    "start": 1534754264890,
    "end": 1534754264891,
    "duration": 1,
    "pid": 15028,
    "index": 31
  },
  {
    "name": "Require(28) node_modules/.2.2.0@egg-view-nunjucks/app/extend/application.js",
    "start": 1534754264892,
    "end": 1534754264939,
    "duration": 47,
    "pid": 15028,
    "index": 32
  },
  {
    "name": "Load extend/request.js",
    "start": 1534754264942,
    "end": 1534754264947,
    "duration": 5,
    "pid": 15028,
    "index": 33
  },
  {
    "name": "Require(29) node_modules/.2.9.1@egg/app/extend/request.js",
    "start": 1534754264944,
    "end": 1534754264945,
    "duration": 1,
    "pid": 15028,
    "index": 34
  },
  {
    "name": "Load extend/response.js",
    "start": 1534754264947,
    "end": 1534754264952,
    "duration": 5,
    "pid": 15028,
    "index": 35
  },
  {
    "name": "Require(30) node_modules/.2.9.1@egg/app/extend/response.js",
    "start": 1534754264949,
    "end": 1534754264950,
    "duration": 1,
    "pid": 15028,
    "index": 36
  },
  {
    "name": "Load extend/context.js",
    "start": 1534754264952,
    "end": 1534754265010,
    "duration": 58,
    "pid": 15028,
    "index": 37
  },
  {
    "name": "Require(31) node_modules/.2.2.3@egg-security/app/extend/context.js",
    "start": 1534754264952,
    "end": 1534754264962,
    "duration": 10,
    "pid": 15028,
    "index": 38
  },
  {
    "name": "Require(32) node_modules/.2.0.0@egg-jsonp/app/extend/context.js",
    "start": 1534754264962,
    "end": 1534754264963,
    "duration": 1,
    "pid": 15028,
    "index": 39
  },
  {
    "name": "Require(33) node_modules/.2.0.0@egg-i18n/app/extend/context.js",
    "start": 1534754264964,
    "end": 1534754264964,
    "duration": 0,
    "pid": 15028,
    "index": 40
  },
  {
    "name": "Require(34) node_modules/.2.0.0@egg-multipart/app/extend/context.js",
    "start": 1534754264964,
    "end": 1534754264999,
    "duration": 35,
    "pid": 15028,
    "index": 41
  },
  {
    "name": "Require(35) node_modules/.2.1.0@egg-view/app/extend/context.js",
    "start": 1534754265000,
    "end": 1534754265001,
    "duration": 1,
    "pid": 15028,
    "index": 42
  },
  {
    "name": "Require(36) node_modules/.1.0.0@egg-validate/app/extend/context.js",
    "start": 1534754265001,
    "end": 1534754265001,
    "duration": 0,
    "pid": 15028,
    "index": 43
  },
  {
    "name": "Require(37) node_modules/.3.1.0@egg-mongoose/app/extend/context.js",
    "start": 1534754265002,
    "end": 1534754265002,
    "duration": 0,
    "pid": 15028,
    "index": 44
  },
  {
    "name": "Require(38) node_modules/.2.9.1@egg/app/extend/context.js",
    "start": 1534754265002,
    "end": 1534754265004,
    "duration": 2,
    "pid": 15028,
    "index": 45
  },
  {
    "name": "Load extend/helper.js",
    "start": 1534754265011,
    "end": 1534754265025,
    "duration": 14,
    "pid": 15028,
    "index": 46
  },
  {
    "name": "Require(39) node_modules/.2.2.3@egg-security/app/extend/helper.js",
    "start": 1534754265011,
    "end": 1534754265021,
    "duration": 10,
    "pid": 15028,
    "index": 47
  },
  {
    "name": "Require(40) node_modules/.2.9.1@egg/app/extend/helper.js",
    "start": 1534754265023,
    "end": 1534754265023,
    "duration": 0,
    "pid": 15028,
    "index": 48
  },
  {
    "name": "Load app.js",
    "start": 1534754265025,
    "end": 1534754265812,
    "duration": 787,
    "pid": 15028,
    "index": 49
  },
  {
    "name": "Require(41) node_modules/.3.1.0@egg-session/app.js",
    "start": 1534754265025,
    "end": 1534754265025,
    "duration": 0,
    "pid": 15028,
    "index": 50
  },
  {
    "name": "Require(42) node_modules/.2.2.3@egg-security/app.js",
    "start": 1534754265026,
    "end": 1534754265027,
    "duration": 1,
    "pid": 15028,
    "index": 51
  },
  {
    "name": "Require(43) node_modules/.2.1.0@egg-onerror/app.js",
    "start": 1534754265027,
    "end": 1534754265033,
    "duration": 6,
    "pid": 15028,
    "index": 52
  },
  {
    "name": "Require(44) node_modules/.2.0.0@egg-i18n/app.js",
    "start": 1534754265034,
    "end": 1534754265040,
    "duration": 6,
    "pid": 15028,
    "index": 53
  },
  {
    "name": "Require(45) node_modules/.3.0.0@egg-watcher/app.js",
    "start": 1534754265042,
    "end": 1534754265045,
    "duration": 3,
    "pid": 15028,
    "index": 54
  },
  {
    "name": "Before Start in node_modules/.3.0.0@egg-watcher/app.js:15:7",
    "start": 1534754265051,
    "end": 1534754266470,
    "duration": 1419,
    "pid": 15028,
    "index": 55
  },
  {
    "name": "Require(46) node_modules/.2.0.0@egg-multipart/app.js",
    "start": 1534754265052,
    "end": 1534754265054,
    "duration": 2,
    "pid": 15028,
    "index": 56
  },
  {
    "name": "Require(47) node_modules/.2.3.1@egg-development/app.js",
    "start": 1534754265054,
    "end": 1534754265055,
    "duration": 1,
    "pid": 15028,
    "index": 57
  },
  {
    "name": "Before Start in node_modules/.2.3.1@egg-development/app.js:12:7",
    "start": 1534754265055,
    "end": 1534754266471,
    "duration": 1416,
    "pid": 15028,
    "index": 58
  },
  {
    "name": "Require(48) node_modules/.3.3.0@egg-schedule/app.js",
    "start": 1534754265056,
    "end": 1534754265057,
    "duration": 1,
    "pid": 15028,
    "index": 59
  },
  {
    "name": "Require(49) node_modules/.3.0.3@egg-logrotator/app.js",
    "start": 1534754265084,
    "end": 1534754265084,
    "duration": 0,
    "pid": 15028,
    "index": 60
  },
  {
    "name": "Require(50) node_modules/.2.1.1@egg-static/app.js",
    "start": 1534754265084,
    "end": 1534754265084,
    "duration": 0,
    "pid": 15028,
    "index": 61
  },
  {
    "name": "Require(51) node_modules/.1.0.0@egg-validate/app.js",
    "start": 1534754265085,
    "end": 1534754265086,
    "duration": 1,
    "pid": 15028,
    "index": 62
  },
  {
    "name": "Require(52) node_modules/.3.1.0@egg-mongoose/app.js",
    "start": 1534754265087,
    "end": 1534754265087,
    "duration": 0,
    "pid": 15028,
    "index": 63
  },
  {
    "name": "Before Start in node_modules/.3.1.0@egg-mongoose/lib/mongoose.js:77:7",
    "start": 1534754265810,
    "end": 1534754267482,
    "duration": 1672,
    "pid": 15028,
    "index": 64
  },
  {
    "name": "Before Start in node_modules/.3.1.0@egg-mongoose/lib/mongoose.js:42:9",
    "start": 1534754265810,
    "end": 1534754266411,
    "duration": 601,
    "pid": 15028,
    "index": 65
  },
  {
    "name": "Require(53) node_modules/.2.1.0@egg-cors/app.js",
    "start": 1534754265810,
    "end": 1534754265810,
    "duration": 0,
    "pid": 15028,
    "index": 66
  },
  {
    "name": "Require(54) node_modules/.2.2.0@egg-view-nunjucks/app.js",
    "start": 1534754265811,
    "end": 1534754265811,
    "duration": 0,
    "pid": 15028,
    "index": 67
  },
  {
    "name": "Load Service",
    "start": 1534754265812,
    "end": 1534754266220,
    "duration": 408,
    "pid": 15028,
    "index": 68
  },
  {
    "name": "Load \"service\" to Context",
    "start": 1534754265812,
    "end": 1534754266220,
    "duration": 408,
    "pid": 15028,
    "index": 69
  },
  {
    "name": "Load Middleware",
    "start": 1534754266221,
    "end": 1534754266339,
    "duration": 118,
    "pid": 15028,
    "index": 70
  },
  {
    "name": "Load \"middlewares\" to Application",
    "start": 1534754266221,
    "end": 1534754266328,
    "duration": 107,
    "pid": 15028,
    "index": 71
  },
  {
    "name": "Load Controller",
    "start": 1534754266339,
    "end": 1534754266347,
    "duration": 8,
    "pid": 15028,
    "index": 72
  },
  {
    "name": "Load \"controller\" to Application",
    "start": 1534754266339,
    "end": 1534754266347,
    "duration": 8,
    "pid": 15028,
    "index": 73
  },
  {
    "name": "Load Router",
    "start": 1534754266347,
    "end": 1534754266349,
    "duration": 2,
    "pid": 15028,
    "index": 74
  },
  {
    "name": "Require(55) app/router.js",
    "start": 1534754266347,
    "end": 1534754266347,
    "duration": 0,
    "pid": 15028,
    "index": 75
  },
  {
    "name": "Before Start in node_modules/.4.9.1@egg-core/lib/egg.js:328:10",
    "start": 1534754266348,
    "end": 1534754266411,
    "duration": 63,
    "pid": 15028,
    "index": 76
  },
  {
    "name": "Load \"model\" to Application",
    "start": 1534754266385,
    "end": 1534754266410,
    "duration": 25,
    "pid": 15028,
    "index": 77
  }
]