[
  {
    "name": "Application Start",
    "start": 1534757700561,
    "end": 1534757702891,
    "duration": 2330,
    "pid": 16108,
    "index": 0
  },
  {
    "name": "Load Plugin",
    "start": 1534757700564,
    "end": 1534757700581,
    "duration": 17,
    "pid": 16108,
    "index": 1
  },
  {
    "name": "Load Config",
    "start": 1534757700581,
    "end": 1534757700601,
    "duration": 20,
    "pid": 16108,
    "index": 2
  },
  {
    "name": "Require(0) config/config.default.js",
    "start": 1534757700582,
    "end": 1534757700583,
    "duration": 1,
    "pid": 16108,
    "index": 3
  },
  {
    "name": "Require(1) node_modules/.3.1.0@egg-session/config/config.default.js",
    "start": 1534757700584,
    "end": 1534757700584,
    "duration": 0,
    "pid": 16108,
    "index": 4
  },
  {
    "name": "Require(2) node_modules/.2.2.3@egg-security/config/config.default.js",
    "start": 1534757700584,
    "end": 1534757700585,
    "duration": 1,
    "pid": 16108,
    "index": 5
  },
  {
    "name": "Require(3) node_modules/.2.0.0@egg-jsonp/config/config.default.js",
    "start": 1534757700585,
    "end": 1534757700585,
    "duration": 0,
    "pid": 16108,
    "index": 6
  },
  {
    "name": "Require(4) node_modules/.2.1.0@egg-onerror/config/config.default.js",
    "start": 1534757700586,
    "end": 1534757700586,
    "duration": 0,
    "pid": 16108,
    "index": 7
  },
  {
    "name": "Require(5) node_modules/.2.0.0@egg-i18n/config/config.default.js",
    "start": 1534757700586,
    "end": 1534757700587,
    "duration": 1,
    "pid": 16108,
    "index": 8
  },
  {
    "name": "Require(6) node_modules/.3.0.0@egg-watcher/config/config.default.js",
    "start": 1534757700587,
    "end": 1534757700587,
    "duration": 0,
    "pid": 16108,
    "index": 9
  },
  {
    "name": "Require(7) node_modules/.2.0.0@egg-multipart/config/config.default.js",
    "start": 1534757700587,
    "end": 1534757700588,
    "duration": 1,
    "pid": 16108,
    "index": 10
  },
  {
    "name": "Require(8) node_modules/.2.3.1@egg-development/config/config.default.js",
    "start": 1534757700588,
    "end": 1534757700588,
    "duration": 0,
    "pid": 16108,
    "index": 11
  },
  {
    "name": "Require(9) node_modules/.3.3.0@egg-schedule/config/config.default.js",
    "start": 1534757700588,
    "end": 1534757700589,
    "duration": 1,
    "pid": 16108,
    "index": 12
  },
  {
    "name": "Require(10) node_modules/.3.0.3@egg-logrotator/config/config.default.js",
    "start": 1534757700589,
    "end": 1534757700589,
    "duration": 0,
    "pid": 16108,
    "index": 13
  },
  {
    "name": "Require(11) node_modules/.2.1.1@egg-static/config/config.default.js",
    "start": 1534757700590,
    "end": 1534757700590,
    "duration": 0,
    "pid": 16108,
    "index": 14
  },
  {
    "name": "Require(12) node_modules/.2.1.0@egg-view/config/config.default.js",
    "start": 1534757700590,
    "end": 1534757700591,
    "duration": 1,
    "pid": 16108,
    "index": 15
  },
  {
    "name": "Require(13) node_modules/.3.1.0@egg-mongoose/config/config.default.js",
    "start": 1534757700591,
    "end": 1534757700591,
    "duration": 0,
    "pid": 16108,
    "index": 16
  },
  {
    "name": "Require(14) node_modules/.2.1.0@egg-cors/config/config.default.js",
    "start": 1534757700592,
    "end": 1534757700592,
    "duration": 0,
    "pid": 16108,
    "index": 17
  },
  {
    "name": "Require(15) node_modules/.2.2.0@egg-view-nunjucks/config/config.default.js",
    "start": 1534757700592,
    "end": 1534757700592,
    "duration": 0,
    "pid": 16108,
    "index": 18
  },
  {
    "name": "Require(16) node_modules/.2.9.1@egg/config/config.default.js",
    "start": 1534757700593,
    "end": 1534757700593,
    "duration": 0,
    "pid": 16108,
    "index": 19
  },
  {
    "name": "Require(17) config/config.default.js",
    "start": 1534757700596,
    "end": 1534757700596,
    "duration": 0,
    "pid": 16108,
    "index": 20
  },
  {
    "name": "Require(18) node_modules/.2.2.3@egg-security/config/config.local.js",
    "start": 1534757700597,
    "end": 1534757700597,
    "duration": 0,
    "pid": 16108,
    "index": 21
  },
  {
    "name": "Require(19) node_modules/.3.0.0@egg-watcher/config/config.local.js",
    "start": 1534757700598,
    "end": 1534757700599,
    "duration": 1,
    "pid": 16108,
    "index": 22
  },
  {
    "name": "Require(20) node_modules/.2.1.0@egg-view/config/config.local.js",
    "start": 1534757700599,
    "end": 1534757700600,
    "duration": 1,
    "pid": 16108,
    "index": 23
  },
  {
    "name": "Require(21) node_modules/.2.2.0@egg-view-nunjucks/config/config.local.js",
    "start": 1534757700600,
    "end": 1534757700601,
    "duration": 1,
    "pid": 16108,
    "index": 24
  },
  {
    "name": "Require(22) node_modules/.2.9.1@egg/config/config.local.js",
    "start": 1534757700601,
    "end": 1534757700601,
    "duration": 0,
    "pid": 16108,
    "index": 25
  },
  {
    "name": "Load extend/application.js",
    "start": 1534757700602,
    "end": 1534757700655,
    "duration": 53,
    "pid": 16108,
    "index": 26
  },
  {
    "name": "Require(23) node_modules/.3.1.0@egg-session/app/extend/application.js",
    "start": 1534757700603,
    "end": 1534757700603,
    "duration": 0,
    "pid": 16108,
    "index": 27
  },
  {
    "name": "Require(24) node_modules/.2.2.3@egg-security/app/extend/application.js",
    "start": 1534757700603,
    "end": 1534757700604,
    "duration": 1,
    "pid": 16108,
    "index": 28
  },
  {
    "name": "Require(25) node_modules/.2.0.0@egg-jsonp/app/extend/application.js",
    "start": 1534757700604,
    "end": 1534757700605,
    "duration": 1,
    "pid": 16108,
    "index": 29
  },
  {
    "name": "Require(26) node_modules/.3.0.3@egg-logrotator/app/extend/application.js",
    "start": 1534757700606,
    "end": 1534757700608,
    "duration": 2,
    "pid": 16108,
    "index": 30
  },
  {
    "name": "Require(27) node_modules/.2.1.0@egg-view/app/extend/application.js",
    "start": 1534757700609,
    "end": 1534757700610,
    "duration": 1,
    "pid": 16108,
    "index": 31
  },
  {
    "name": "Require(28) node_modules/.2.2.0@egg-view-nunjucks/app/extend/application.js",
    "start": 1534757700610,
    "end": 1534757700653,
    "duration": 43,
    "pid": 16108,
    "index": 32
  },
  {
    "name": "Load extend/request.js",
    "start": 1534757700655,
    "end": 1534757700660,
    "duration": 5,
    "pid": 16108,
    "index": 33
  },
  {
    "name": "Require(29) node_modules/.2.9.1@egg/app/extend/request.js",
    "start": 1534757700657,
    "end": 1534757700658,
    "duration": 1,
    "pid": 16108,
    "index": 34
  },
  {
    "name": "Load extend/response.js",
    "start": 1534757700660,
    "end": 1534757700665,
    "duration": 5,
    "pid": 16108,
    "index": 35
  },
  {
    "name": "Require(30) node_modules/.2.9.1@egg/app/extend/response.js",
    "start": 1534757700662,
    "end": 1534757700664,
    "duration": 2,
    "pid": 16108,
    "index": 36
  },
  {
    "name": "Load extend/context.js",
    "start": 1534757700665,
    "end": 1534757700726,
    "duration": 61,
    "pid": 16108,
    "index": 37
  },
  {
    "name": "Require(31) node_modules/.2.2.3@egg-security/app/extend/context.js",
    "start": 1534757700666,
    "end": 1534757700676,
    "duration": 10,
    "pid": 16108,
    "index": 38
  },
  {
    "name": "Require(32) node_modules/.2.0.0@egg-jsonp/app/extend/context.js",
    "start": 1534757700676,
    "end": 1534757700677,
    "duration": 1,
    "pid": 16108,
    "index": 39
  },
  {
    "name": "Require(33) node_modules/.2.0.0@egg-i18n/app/extend/context.js",
    "start": 1534757700678,
    "end": 1534757700678,
    "duration": 0,
    "pid": 16108,
    "index": 40
  },
  {
    "name": "Require(34) node_modules/.2.0.0@egg-multipart/app/extend/context.js",
    "start": 1534757700678,
    "end": 1534757700714,
    "duration": 36,
    "pid": 16108,
    "index": 41
  },
  {
    "name": "Require(35) node_modules/.2.1.0@egg-view/app/extend/context.js",
    "start": 1534757700715,
    "end": 1534757700716,
    "duration": 1,
    "pid": 16108,
    "index": 42
  },
  {
    "name": "Require(36) node_modules/.1.0.0@egg-validate/app/extend/context.js",
    "start": 1534757700716,
    "end": 1534757700717,
    "duration": 1,
    "pid": 16108,
    "index": 43
  },
  {
    "name": "Require(37) node_modules/.3.1.0@egg-mongoose/app/extend/context.js",
    "start": 1534757700717,
    "end": 1534757700717,
    "duration": 0,
    "pid": 16108,
    "index": 44
  },
  {
    "name": "Require(38) node_modules/.2.9.1@egg/app/extend/context.js",
    "start": 1534757700718,
    "end": 1534757700719,
    "duration": 1,
    "pid": 16108,
    "index": 45
  },
  {
    "name": "Load extend/helper.js",
    "start": 1534757700726,
    "end": 1534757700742,
    "duration": 16,
    "pid": 16108,
    "index": 46
  },
  {
    "name": "Require(39) node_modules/.2.2.3@egg-security/app/extend/helper.js",
    "start": 1534757700726,
    "end": 1534757700738,
    "duration": 12,
    "pid": 16108,
    "index": 47
  },
  {
    "name": "Require(40) node_modules/.2.9.1@egg/app/extend/helper.js",
    "start": 1534757700739,
    "end": 1534757700740,
    "duration": 1,
    "pid": 16108,
    "index": 48
  },
  {
    "name": "Load app.js",
    "start": 1534757700742,
    "end": 1534757701507,
    "duration": 765,
    "pid": 16108,
    "index": 49
  },
  {
    "name": "Require(41) node_modules/.3.1.0@egg-session/app.js",
    "start": 1534757700743,
    "end": 1534757700743,
    "duration": 0,
    "pid": 16108,
    "index": 50
  },
  {
    "name": "Require(42) node_modules/.2.2.3@egg-security/app.js",
    "start": 1534757700743,
    "end": 1534757700745,
    "duration": 2,
    "pid": 16108,
    "index": 51
  },
  {
    "name": "Require(43) node_modules/.2.1.0@egg-onerror/app.js",
    "start": 1534757700745,
    "end": 1534757700751,
    "duration": 6,
    "pid": 16108,
    "index": 52
  },
  {
    "name": "Require(44) node_modules/.2.0.0@egg-i18n/app.js",
    "start": 1534757700752,
    "end": 1534757700757,
    "duration": 5,
    "pid": 16108,
    "index": 53
  },
  {
    "name": "Require(45) node_modules/.3.0.0@egg-watcher/app.js",
    "start": 1534757700759,
    "end": 1534757700762,
    "duration": 3,
    "pid": 16108,
    "index": 54
  },
  {
    "name": "Before Start in node_modules/.3.0.0@egg-watcher/app.js:15:7",
    "start": 1534757700768,
    "end": 1534757701890,
    "duration": 1122,
    "pid": 16108,
    "index": 55
  },
  {
    "name": "Require(46) node_modules/.2.0.0@egg-multipart/app.js",
    "start": 1534757700768,
    "end": 1534757700771,
    "duration": 3,
    "pid": 16108,
    "index": 56
  },
  {
    "name": "Require(47) node_modules/.2.3.1@egg-development/app.js",
    "start": 1534757700771,
    "end": 1534757700772,
    "duration": 1,
    "pid": 16108,
    "index": 57
  },
  {
    "name": "Before Start in node_modules/.2.3.1@egg-development/app.js:12:7",
    "start": 1534757700772,
    "end": 1534757701890,
    "duration": 1118,
    "pid": 16108,
    "index": 58
  },
  {
    "name": "Require(48) node_modules/.3.3.0@egg-schedule/app.js",
    "start": 1534757700773,
    "end": 1534757700774,
    "duration": 1,
    "pid": 16108,
    "index": 59
  },
  {
    "name": "Require(49) node_modules/.3.0.3@egg-logrotator/app.js",
    "start": 1534757700800,
    "end": 1534757700800,
    "duration": 0,
    "pid": 16108,
    "index": 60
  },
  {
    "name": "Require(50) node_modules/.2.1.1@egg-static/app.js",
    "start": 1534757700801,
    "end": 1534757700801,
    "duration": 0,
    "pid": 16108,
    "index": 61
  },
  {
    "name": "Require(51) node_modules/.1.0.0@egg-validate/app.js",
    "start": 1534757700801,
    "end": 1534757700803,
    "duration": 2,
    "pid": 16108,
    "index": 62
  },
  {
    "name": "Require(52) node_modules/.3.1.0@egg-mongoose/app.js",
    "start": 1534757700803,
    "end": 1534757700803,
    "duration": 0,
    "pid": 16108,
    "index": 63
  },
  {
    "name": "Before Start in node_modules/.3.1.0@egg-mongoose/lib/mongoose.js:77:7",
    "start": 1534757701505,
    "end": 1534757702891,
    "duration": 1386,
    "pid": 16108,
    "index": 64
  },
  {
    "name": "Before Start in node_modules/.3.1.0@egg-mongoose/lib/mongoose.js:42:9",
    "start": 1534757701505,
    "end": 1534757701850,
    "duration": 345,
    "pid": 16108,
    "index": 65
  },
  {
    "name": "Require(53) node_modules/.2.1.0@egg-cors/app.js",
    "start": 1534757701505,
    "end": 1534757701505,
    "duration": 0,
    "pid": 16108,
    "index": 66
  },
  {
    "name": "Require(54) node_modules/.2.2.0@egg-view-nunjucks/app.js",
    "start": 1534757701506,
    "end": 1534757701506,
    "duration": 0,
    "pid": 16108,
    "index": 67
  },
  {
    "name": "Load Service",
    "start": 1534757701507,
    "end": 1534757701760,
    "duration": 253,
    "pid": 16108,
    "index": 68
  },
  {
    "name": "Load \"service\" to Context",
    "start": 1534757701507,
    "end": 1534757701760,
    "duration": 253,
    "pid": 16108,
    "index": 69
  },
  {
    "name": "Load Middleware",
    "start": 1534757701760,
    "end": 1534757701816,
    "duration": 56,
    "pid": 16108,
    "index": 70
  },
  {
    "name": "Load \"middlewares\" to Application",
    "start": 1534757701760,
    "end": 1534757701809,
    "duration": 49,
    "pid": 16108,
    "index": 71
  },
  {
    "name": "Load Controller",
    "start": 1534757701816,
    "end": 1534757701821,
    "duration": 5,
    "pid": 16108,
    "index": 72
  },
  {
    "name": "Load \"controller\" to Application",
    "start": 1534757701816,
    "end": 1534757701821,
    "duration": 5,
    "pid": 16108,
    "index": 73
  },
  {
    "name": "Load Router",
    "start": 1534757701821,
    "end": 1534757701823,
    "duration": 2,
    "pid": 16108,
    "index": 74
  },
  {
    "name": "Require(55) app/router.js",
    "start": 1534757701821,
    "end": 1534757701821,
    "duration": 0,
    "pid": 16108,
    "index": 75
  },
  {
    "name": "Before Start in node_modules/.4.9.1@egg-core/lib/egg.js:328:10",
    "start": 1534757701822,
    "end": 1534757701850,
    "duration": 28,
    "pid": 16108,
    "index": 76
  },
  {
    "name": "Load \"model\" to Application",
    "start": 1534757701834,
    "end": 1534757701850,
    "duration": 16,
    "pid": 16108,
    "index": 77
  }
]