[
  {
    "name": "Application Start",
    "start": 1534759500924,
    "end": 1534759503290,
    "duration": 2366,
    "pid": 7360,
    "index": 0
  },
  {
    "name": "Load Plugin",
    "start": 1534759500928,
    "end": 1534759500948,
    "duration": 20,
    "pid": 7360,
    "index": 1
  },
  {
    "name": "Load Config",
    "start": 1534759500949,
    "end": 1534759500968,
    "duration": 19,
    "pid": 7360,
    "index": 2
  },
  {
    "name": "Require(0) config/config.default.js",
    "start": 1534759500949,
    "end": 1534759500950,
    "duration": 1,
    "pid": 7360,
    "index": 3
  },
  {
    "name": "Require(1) node_modules/.3.1.0@egg-session/config/config.default.js",
    "start": 1534759500951,
    "end": 1534759500951,
    "duration": 0,
    "pid": 7360,
    "index": 4
  },
  {
    "name": "Require(2) node_modules/.2.2.3@egg-security/config/config.default.js",
    "start": 1534759500951,
    "end": 1534759500952,
    "duration": 1,
    "pid": 7360,
    "index": 5
  },
  {
    "name": "Require(3) node_modules/.2.0.0@egg-jsonp/config/config.default.js",
    "start": 1534759500952,
    "end": 1534759500952,
    "duration": 0,
    "pid": 7360,
    "index": 6
  },
  {
    "name": "Require(4) node_modules/.2.1.0@egg-onerror/config/config.default.js",
    "start": 1534759500953,
    "end": 1534759500953,
    "duration": 0,
    "pid": 7360,
    "index": 7
  },
  {
    "name": "Require(5) node_modules/.2.0.0@egg-i18n/config/config.default.js",
    "start": 1534759500953,
    "end": 1534759500954,
    "duration": 1,
    "pid": 7360,
    "index": 8
  },
  {
    "name": "Require(6) node_modules/.3.0.0@egg-watcher/config/config.default.js",
    "start": 1534759500954,
    "end": 1534759500954,
    "duration": 0,
    "pid": 7360,
    "index": 9
  },
  {
    "name": "Require(7) node_modules/.2.0.0@egg-multipart/config/config.default.js",
    "start": 1534759500954,
    "end": 1534759500955,
    "duration": 1,
    "pid": 7360,
    "index": 10
  },
  {
    "name": "Require(8) node_modules/.2.3.1@egg-development/config/config.default.js",
    "start": 1534759500955,
    "end": 1534759500955,
    "duration": 0,
    "pid": 7360,
    "index": 11
  },
  {
    "name": "Require(9) node_modules/.3.3.0@egg-schedule/config/config.default.js",
    "start": 1534759500955,
    "end": 1534759500956,
    "duration": 1,
    "pid": 7360,
    "index": 12
  },
  {
    "name": "Require(10) node_modules/.3.0.3@egg-logrotator/config/config.default.js",
    "start": 1534759500956,
    "end": 1534759500956,
    "duration": 0,
    "pid": 7360,
    "index": 13
  },
  {
    "name": "Require(11) node_modules/.2.1.1@egg-static/config/config.default.js",
    "start": 1534759500957,
    "end": 1534759500957,
    "duration": 0,
    "pid": 7360,
    "index": 14
  },
  {
    "name": "Require(12) node_modules/.2.1.0@egg-view/config/config.default.js",
    "start": 1534759500957,
    "end": 1534759500957,
    "duration": 0,
    "pid": 7360,
    "index": 15
  },
  {
    "name": "Require(13) node_modules/.3.1.0@egg-mongoose/config/config.default.js",
    "start": 1534759500958,
    "end": 1534759500958,
    "duration": 0,
    "pid": 7360,
    "index": 16
  },
  {
    "name": "Require(14) node_modules/.2.1.0@egg-cors/config/config.default.js",
    "start": 1534759500958,
    "end": 1534759500959,
    "duration": 1,
    "pid": 7360,
    "index": 17
  },
  {
    "name": "Require(15) node_modules/.2.2.0@egg-view-nunjucks/config/config.default.js",
    "start": 1534759500959,
    "end": 1534759500959,
    "duration": 0,
    "pid": 7360,
    "index": 18
  },
  {
    "name": "Require(16) node_modules/.2.9.1@egg/config/config.default.js",
    "start": 1534759500959,
    "end": 1534759500960,
    "duration": 1,
    "pid": 7360,
    "index": 19
  },
  {
    "name": "Require(17) config/config.default.js",
    "start": 1534759500963,
    "end": 1534759500964,
    "duration": 1,
    "pid": 7360,
    "index": 20
  },
  {
    "name": "Require(18) node_modules/.2.2.3@egg-security/config/config.local.js",
    "start": 1534759500964,
    "end": 1534759500964,
    "duration": 0,
    "pid": 7360,
    "index": 21
  },
  {
    "name": "Require(19) node_modules/.3.0.0@egg-watcher/config/config.local.js",
    "start": 1534759500965,
    "end": 1534759500965,
    "duration": 0,
    "pid": 7360,
    "index": 22
  },
  {
    "name": "Require(20) node_modules/.2.1.0@egg-view/config/config.local.js",
    "start": 1534759500966,
    "end": 1534759500966,
    "duration": 0,
    "pid": 7360,
    "index": 23
  },
  {
    "name": "Require(21) node_modules/.2.2.0@egg-view-nunjucks/config/config.local.js",
    "start": 1534759500967,
    "end": 1534759500967,
    "duration": 0,
    "pid": 7360,
    "index": 24
  },
  {
    "name": "Require(22) node_modules/.2.9.1@egg/config/config.local.js",
    "start": 1534759500968,
    "end": 1534759500968,
    "duration": 0,
    "pid": 7360,
    "index": 25
  },
  {
    "name": "Load extend/application.js",
    "start": 1534759500969,
    "end": 1534759501027,
    "duration": 58,
    "pid": 7360,
    "index": 26
  },
  {
    "name": "Require(23) node_modules/.3.1.0@egg-session/app/extend/application.js",
    "start": 1534759500969,
    "end": 1534759500970,
    "duration": 1,
    "pid": 7360,
    "index": 27
  },
  {
    "name": "Require(24) node_modules/.2.2.3@egg-security/app/extend/application.js",
    "start": 1534759500970,
    "end": 1534759500971,
    "duration": 1,
    "pid": 7360,
    "index": 28
  },
  {
    "name": "Require(25) node_modules/.2.0.0@egg-jsonp/app/extend/application.js",
    "start": 1534759500971,
    "end": 1534759500972,
    "duration": 1,
    "pid": 7360,
    "index": 29
  },
  {
    "name": "Require(26) node_modules/.3.0.3@egg-logrotator/app/extend/application.js",
    "start": 1534759500973,
    "end": 1534759500975,
    "duration": 2,
    "pid": 7360,
    "index": 30
  },
  {
    "name": "Require(27) node_modules/.2.1.0@egg-view/app/extend/application.js",
    "start": 1534759500975,
    "end": 1534759500976,
    "duration": 1,
    "pid": 7360,
    "index": 31
  },
  {
    "name": "Require(28) node_modules/.2.2.0@egg-view-nunjucks/app/extend/application.js",
    "start": 1534759500977,
    "end": 1534759501024,
    "duration": 47,
    "pid": 7360,
    "index": 32
  },
  {
    "name": "Load extend/request.js",
    "start": 1534759501027,
    "end": 1534759501033,
    "duration": 6,
    "pid": 7360,
    "index": 33
  },
  {
    "name": "Require(29) node_modules/.2.9.1@egg/app/extend/request.js",
    "start": 1534759501029,
    "end": 1534759501031,
    "duration": 2,
    "pid": 7360,
    "index": 34
  },
  {
    "name": "Load extend/response.js",
    "start": 1534759501033,
    "end": 1534759501039,
    "duration": 6,
    "pid": 7360,
    "index": 35
  },
  {
    "name": "Require(30) node_modules/.2.9.1@egg/app/extend/response.js",
    "start": 1534759501035,
    "end": 1534759501037,
    "duration": 2,
    "pid": 7360,
    "index": 36
  },
  {
    "name": "Load extend/context.js",
    "start": 1534759501039,
    "end": 1534759501096,
    "duration": 57,
    "pid": 7360,
    "index": 37
  },
  {
    "name": "Require(31) node_modules/.2.2.3@egg-security/app/extend/context.js",
    "start": 1534759501039,
    "end": 1534759501048,
    "duration": 9,
    "pid": 7360,
    "index": 38
  },
  {
    "name": "Require(32) node_modules/.2.0.0@egg-jsonp/app/extend/context.js",
    "start": 1534759501048,
    "end": 1534759501049,
    "duration": 1,
    "pid": 7360,
    "index": 39
  },
  {
    "name": "Require(33) node_modules/.2.0.0@egg-i18n/app/extend/context.js",
    "start": 1534759501050,
    "end": 1534759501050,
    "duration": 0,
    "pid": 7360,
    "index": 40
  },
  {
    "name": "Require(34) node_modules/.2.0.0@egg-multipart/app/extend/context.js",
    "start": 1534759501050,
    "end": 1534759501087,
    "duration": 37,
    "pid": 7360,
    "index": 41
  },
  {
    "name": "Require(35) node_modules/.2.1.0@egg-view/app/extend/context.js",
    "start": 1534759501088,
    "end": 1534759501089,
    "duration": 1,
    "pid": 7360,
    "index": 42
  },
  {
    "name": "Require(36) node_modules/.1.0.0@egg-validate/app/extend/context.js",
    "start": 1534759501089,
    "end": 1534759501090,
    "duration": 1,
    "pid": 7360,
    "index": 43
  },
  {
    "name": "Require(37) node_modules/.3.1.0@egg-mongoose/app/extend/context.js",
    "start": 1534759501090,
    "end": 1534759501090,
    "duration": 0,
    "pid": 7360,
    "index": 44
  },
  {
    "name": "Require(38) node_modules/.2.9.1@egg/app/extend/context.js",
    "start": 1534759501091,
    "end": 1534759501095,
    "duration": 4,
    "pid": 7360,
    "index": 45
  },
  {
    "name": "Load extend/helper.js",
    "start": 1534759501096,
    "end": 1534759501110,
    "duration": 14,
    "pid": 7360,
    "index": 46
  },
  {
    "name": "Require(39) node_modules/.2.2.3@egg-security/app/extend/helper.js",
    "start": 1534759501097,
    "end": 1534759501107,
    "duration": 10,
    "pid": 7360,
    "index": 47
  },
  {
    "name": "Require(40) node_modules/.2.9.1@egg/app/extend/helper.js",
    "start": 1534759501108,
    "end": 1534759501108,
    "duration": 0,
    "pid": 7360,
    "index": 48
  },
  {
    "name": "Load app.js",
    "start": 1534759501110,
    "end": 1534759501901,
    "duration": 791,
    "pid": 7360,
    "index": 49
  },
  {
    "name": "Require(41) node_modules/.3.1.0@egg-session/app.js",
    "start": 1534759501110,
    "end": 1534759501110,
    "duration": 0,
    "pid": 7360,
    "index": 50
  },
  {
    "name": "Require(42) node_modules/.2.2.3@egg-security/app.js",
    "start": 1534759501110,
    "end": 1534759501112,
    "duration": 2,
    "pid": 7360,
    "index": 51
  },
  {
    "name": "Require(43) node_modules/.2.1.0@egg-onerror/app.js",
    "start": 1534759501112,
    "end": 1534759501119,
    "duration": 7,
    "pid": 7360,
    "index": 52
  },
  {
    "name": "Require(44) node_modules/.2.0.0@egg-i18n/app.js",
    "start": 1534759501120,
    "end": 1534759501126,
    "duration": 6,
    "pid": 7360,
    "index": 53
  },
  {
    "name": "Require(45) node_modules/.3.0.0@egg-watcher/app.js",
    "start": 1534759501127,
    "end": 1534759501130,
    "duration": 3,
    "pid": 7360,
    "index": 54
  },
  {
    "name": "Before Start in node_modules/.3.0.0@egg-watcher/app.js:15:7",
    "start": 1534759501137,
    "end": 1534759502288,
    "duration": 1151,
    "pid": 7360,
    "index": 55
  },
  {
    "name": "Require(46) node_modules/.2.0.0@egg-multipart/app.js",
    "start": 1534759501137,
    "end": 1534759501139,
    "duration": 2,
    "pid": 7360,
    "index": 56
  },
  {
    "name": "Require(47) node_modules/.2.3.1@egg-development/app.js",
    "start": 1534759501140,
    "end": 1534759501141,
    "duration": 1,
    "pid": 7360,
    "index": 57
  },
  {
    "name": "Before Start in node_modules/.2.3.1@egg-development/app.js:12:7",
    "start": 1534759501141,
    "end": 1534759502288,
    "duration": 1147,
    "pid": 7360,
    "index": 58
  },
  {
    "name": "Require(48) node_modules/.3.3.0@egg-schedule/app.js",
    "start": 1534759501141,
    "end": 1534759501143,
    "duration": 2,
    "pid": 7360,
    "index": 59
  },
  {
    "name": "Require(49) node_modules/.3.0.3@egg-logrotator/app.js",
    "start": 1534759501170,
    "end": 1534759501170,
    "duration": 0,
    "pid": 7360,
    "index": 60
  },
  {
    "name": "Require(50) node_modules/.2.1.1@egg-static/app.js",
    "start": 1534759501170,
    "end": 1534759501170,
    "duration": 0,
    "pid": 7360,
    "index": 61
  },
  {
    "name": "Require(51) node_modules/.1.0.0@egg-validate/app.js",
    "start": 1534759501171,
    "end": 1534759501173,
    "duration": 2,
    "pid": 7360,
    "index": 62
  },
  {
    "name": "Require(52) node_modules/.3.1.0@egg-mongoose/app.js",
    "start": 1534759501173,
    "end": 1534759501173,
    "duration": 0,
    "pid": 7360,
    "index": 63
  },
  {
    "name": "Before Start in node_modules/.3.1.0@egg-mongoose/lib/mongoose.js:77:7",
    "start": 1534759501899,
    "end": 1534759503289,
    "duration": 1390,
    "pid": 7360,
    "index": 64
  },
  {
    "name": "Before Start in node_modules/.3.1.0@egg-mongoose/lib/mongoose.js:42:9",
    "start": 1534759501899,
    "end": 1534759502244,
    "duration": 345,
    "pid": 7360,
    "index": 65
  },
  {
    "name": "Require(53) node_modules/.2.1.0@egg-cors/app.js",
    "start": 1534759501899,
    "end": 1534759501899,
    "duration": 0,
    "pid": 7360,
    "index": 66
  },
  {
    "name": "Require(54) node_modules/.2.2.0@egg-view-nunjucks/app.js",
    "start": 1534759501900,
    "end": 1534759501900,
    "duration": 0,
    "pid": 7360,
    "index": 67
  },
  {
    "name": "Load Service",
    "start": 1534759501901,
    "end": 1534759502152,
    "duration": 251,
    "pid": 7360,
    "index": 68
  },
  {
    "name": "Load \"service\" to Context",
    "start": 1534759501901,
    "end": 1534759502152,
    "duration": 251,
    "pid": 7360,
    "index": 69
  },
  {
    "name": "Load Middleware",
    "start": 1534759502152,
    "end": 1534759502211,
    "duration": 59,
    "pid": 7360,
    "index": 70
  },
  {
    "name": "Load \"middlewares\" to Application",
    "start": 1534759502152,
    "end": 1534759502205,
    "duration": 53,
    "pid": 7360,
    "index": 71
  },
  {
    "name": "Load Controller",
    "start": 1534759502212,
    "end": 1534759502217,
    "duration": 5,
    "pid": 7360,
    "index": 72
  },
  {
    "name": "Load \"controller\" to Application",
    "start": 1534759502212,
    "end": 1534759502217,
    "duration": 5,
    "pid": 7360,
    "index": 73
  },
  {
    "name": "Load Router",
    "start": 1534759502217,
    "end": 1534759502219,
    "duration": 2,
    "pid": 7360,
    "index": 74
  },
  {
    "name": "Require(55) app/router.js",
    "start": 1534759502218,
    "end": 1534759502218,
    "duration": 0,
    "pid": 7360,
    "index": 75
  },
  {
    "name": "Before Start in node_modules/.4.9.1@egg-core/lib/egg.js:328:10",
    "start": 1534759502218,
    "end": 1534759502244,
    "duration": 26,
    "pid": 7360,
    "index": 76
  },
  {
    "name": "Load \"model\" to Application",
    "start": 1534759502230,
    "end": 1534759502244,
    "duration": 14,
    "pid": 7360,
    "index": 77
  }
]