[
  {
    "name": "Application Start",
    "start": 1534737061350,
    "end": 1534737063731,
    "duration": 2381,
    "pid": 10112,
    "index": 0
  },
  {
    "name": "Load Plugin",
    "start": 1534737061354,
    "end": 1534737061371,
    "duration": 17,
    "pid": 10112,
    "index": 1
  },
  {
    "name": "Load Config",
    "start": 1534737061371,
    "end": 1534737061390,
    "duration": 19,
    "pid": 10112,
    "index": 2
  },
  {
    "name": "Require(0) config/config.default.js",
    "start": 1534737061372,
    "end": 1534737061373,
    "duration": 1,
    "pid": 10112,
    "index": 3
  },
  {
    "name": "Require(1) node_modules/.3.1.0@egg-session/config/config.default.js",
    "start": 1534737061374,
    "end": 1534737061374,
    "duration": 0,
    "pid": 10112,
    "index": 4
  },
  {
    "name": "Require(2) node_modules/.2.2.3@egg-security/config/config.default.js",
    "start": 1534737061375,
    "end": 1534737061375,
    "duration": 0,
    "pid": 10112,
    "index": 5
  },
  {
    "name": "Require(3) node_modules/.2.0.0@egg-jsonp/config/config.default.js",
    "start": 1534737061376,
    "end": 1534737061376,
    "duration": 0,
    "pid": 10112,
    "index": 6
  },
  {
    "name": "Require(4) node_modules/.2.1.0@egg-onerror/config/config.default.js",
    "start": 1534737061376,
    "end": 1534737061376,
    "duration": 0,
    "pid": 10112,
    "index": 7
  },
  {
    "name": "Require(5) node_modules/.2.0.0@egg-i18n/config/config.default.js",
    "start": 1534737061377,
    "end": 1534737061377,
    "duration": 0,
    "pid": 10112,
    "index": 8
  },
  {
    "name": "Require(6) node_modules/.3.0.0@egg-watcher/config/config.default.js",
    "start": 1534737061377,
    "end": 1534737061378,
    "duration": 1,
    "pid": 10112,
    "index": 9
  },
  {
    "name": "Require(7) node_modules/.2.0.0@egg-multipart/config/config.default.js",
    "start": 1534737061378,
    "end": 1534737061378,
    "duration": 0,
    "pid": 10112,
    "index": 10
  },
  {
    "name": "Require(8) node_modules/.2.3.1@egg-development/config/config.default.js",
    "start": 1534737061378,
    "end": 1534737061379,
    "duration": 1,
    "pid": 10112,
    "index": 11
  },
  {
    "name": "Require(9) node_modules/.3.3.0@egg-schedule/config/config.default.js",
    "start": 1534737061379,
    "end": 1534737061379,
    "duration": 0,
    "pid": 10112,
    "index": 12
  },
  {
    "name": "Require(10) node_modules/.3.0.3@egg-logrotator/config/config.default.js",
    "start": 1534737061379,
    "end": 1534737061380,
    "duration": 1,
    "pid": 10112,
    "index": 13
  },
  {
    "name": "Require(11) node_modules/.2.1.1@egg-static/config/config.default.js",
    "start": 1534737061380,
    "end": 1534737061380,
    "duration": 0,
    "pid": 10112,
    "index": 14
  },
  {
    "name": "Require(12) node_modules/.2.1.0@egg-view/config/config.default.js",
    "start": 1534737061381,
    "end": 1534737061381,
    "duration": 0,
    "pid": 10112,
    "index": 15
  },
  {
    "name": "Require(13) node_modules/.3.1.0@egg-mongoose/config/config.default.js",
    "start": 1534737061381,
    "end": 1534737061382,
    "duration": 1,
    "pid": 10112,
    "index": 16
  },
  {
    "name": "Require(14) node_modules/.2.1.0@egg-cors/config/config.default.js",
    "start": 1534737061382,
    "end": 1534737061382,
    "duration": 0,
    "pid": 10112,
    "index": 17
  },
  {
    "name": "Require(15) node_modules/.2.2.0@egg-view-nunjucks/config/config.default.js",
    "start": 1534737061383,
    "end": 1534737061383,
    "duration": 0,
    "pid": 10112,
    "index": 18
  },
  {
    "name": "Require(16) node_modules/.2.9.1@egg/config/config.default.js",
    "start": 1534737061385,
    "end": 1534737061385,
    "duration": 0,
    "pid": 10112,
    "index": 19
  },
  {
    "name": "Require(17) config/config.default.js",
    "start": 1534737061387,
    "end": 1534737061387,
    "duration": 0,
    "pid": 10112,
    "index": 20
  },
  {
    "name": "Require(18) node_modules/.2.2.3@egg-security/config/config.local.js",
    "start": 1534737061387,
    "end": 1534737061387,
    "duration": 0,
    "pid": 10112,
    "index": 21
  },
  {
    "name": "Require(19) node_modules/.3.0.0@egg-watcher/config/config.local.js",
    "start": 1534737061388,
    "end": 1534737061388,
    "duration": 0,
    "pid": 10112,
    "index": 22
  },
  {
    "name": "Require(20) node_modules/.2.1.0@egg-view/config/config.local.js",
    "start": 1534737061389,
    "end": 1534737061389,
    "duration": 0,
    "pid": 10112,
    "index": 23
  },
  {
    "name": "Require(21) node_modules/.2.2.0@egg-view-nunjucks/config/config.local.js",
    "start": 1534737061390,
    "end": 1534737061390,
    "duration": 0,
    "pid": 10112,
    "index": 24
  },
  {
    "name": "Require(22) node_modules/.2.9.1@egg/config/config.local.js",
    "start": 1534737061390,
    "end": 1534737061390,
    "duration": 0,
    "pid": 10112,
    "index": 25
  },
  {
    "name": "Load extend/application.js",
    "start": 1534737061391,
    "end": 1534737061448,
    "duration": 57,
    "pid": 10112,
    "index": 26
  },
  {
    "name": "Require(23) node_modules/.3.1.0@egg-session/app/extend/application.js",
    "start": 1534737061392,
    "end": 1534737061392,
    "duration": 0,
    "pid": 10112,
    "index": 27
  },
  {
    "name": "Require(24) node_modules/.2.2.3@egg-security/app/extend/application.js",
    "start": 1534737061392,
    "end": 1534737061393,
    "duration": 1,
    "pid": 10112,
    "index": 28
  },
  {
    "name": "Require(25) node_modules/.2.0.0@egg-jsonp/app/extend/application.js",
    "start": 1534737061393,
    "end": 1534737061395,
    "duration": 2,
    "pid": 10112,
    "index": 29
  },
  {
    "name": "Require(26) node_modules/.3.0.3@egg-logrotator/app/extend/application.js",
    "start": 1534737061396,
    "end": 1534737061398,
    "duration": 2,
    "pid": 10112,
    "index": 30
  },
  {
    "name": "Require(27) node_modules/.2.1.0@egg-view/app/extend/application.js",
    "start": 1534737061398,
    "end": 1534737061399,
    "duration": 1,
    "pid": 10112,
    "index": 31
  },
  {
    "name": "Require(28) node_modules/.2.2.0@egg-view-nunjucks/app/extend/application.js",
    "start": 1534737061400,
    "end": 1534737061445,
    "duration": 45,
    "pid": 10112,
    "index": 32
  },
  {
    "name": "Load extend/request.js",
    "start": 1534737061448,
    "end": 1534737061454,
    "duration": 6,
    "pid": 10112,
    "index": 33
  },
  {
    "name": "Require(29) node_modules/.2.9.1@egg/app/extend/request.js",
    "start": 1534737061450,
    "end": 1534737061451,
    "duration": 1,
    "pid": 10112,
    "index": 34
  },
  {
    "name": "Load extend/response.js",
    "start": 1534737061454,
    "end": 1534737061459,
    "duration": 5,
    "pid": 10112,
    "index": 35
  },
  {
    "name": "Require(30) node_modules/.2.9.1@egg/app/extend/response.js",
    "start": 1534737061455,
    "end": 1534737061457,
    "duration": 2,
    "pid": 10112,
    "index": 36
  },
  {
    "name": "Load extend/context.js",
    "start": 1534737061459,
    "end": 1534737061516,
    "duration": 57,
    "pid": 10112,
    "index": 37
  },
  {
    "name": "Require(31) node_modules/.2.2.3@egg-security/app/extend/context.js",
    "start": 1534737061459,
    "end": 1534737061468,
    "duration": 9,
    "pid": 10112,
    "index": 38
  },
  {
    "name": "Require(32) node_modules/.2.0.0@egg-jsonp/app/extend/context.js",
    "start": 1534737061468,
    "end": 1534737061470,
    "duration": 2,
    "pid": 10112,
    "index": 39
  },
  {
    "name": "Require(33) node_modules/.2.0.0@egg-i18n/app/extend/context.js",
    "start": 1534737061471,
    "end": 1534737061471,
    "duration": 0,
    "pid": 10112,
    "index": 40
  },
  {
    "name": "Require(34) node_modules/.2.0.0@egg-multipart/app/extend/context.js",
    "start": 1534737061471,
    "end": 1534737061507,
    "duration": 36,
    "pid": 10112,
    "index": 41
  },
  {
    "name": "Require(35) node_modules/.2.1.0@egg-view/app/extend/context.js",
    "start": 1534737061508,
    "end": 1534737061509,
    "duration": 1,
    "pid": 10112,
    "index": 42
  },
  {
    "name": "Require(36) node_modules/.1.0.0@egg-validate/app/extend/context.js",
    "start": 1534737061509,
    "end": 1534737061509,
    "duration": 0,
    "pid": 10112,
    "index": 43
  },
  {
    "name": "Require(37) node_modules/.3.1.0@egg-mongoose/app/extend/context.js",
    "start": 1534737061509,
    "end": 1534737061510,
    "duration": 1,
    "pid": 10112,
    "index": 44
  },
  {
    "name": "Require(38) node_modules/.2.9.1@egg/app/extend/context.js",
    "start": 1534737061510,
    "end": 1534737061514,
    "duration": 4,
    "pid": 10112,
    "index": 45
  },
  {
    "name": "Load extend/helper.js",
    "start": 1534737061516,
    "end": 1534737061530,
    "duration": 14,
    "pid": 10112,
    "index": 46
  },
  {
    "name": "Require(39) node_modules/.2.2.3@egg-security/app/extend/helper.js",
    "start": 1534737061516,
    "end": 1534737061526,
    "duration": 10,
    "pid": 10112,
    "index": 47
  },
  {
    "name": "Require(40) node_modules/.2.9.1@egg/app/extend/helper.js",
    "start": 1534737061528,
    "end": 1534737061528,
    "duration": 0,
    "pid": 10112,
    "index": 48
  },
  {
    "name": "Load app.js",
    "start": 1534737061530,
    "end": 1534737062347,
    "duration": 817,
    "pid": 10112,
    "index": 49
  },
  {
    "name": "Require(41) node_modules/.3.1.0@egg-session/app.js",
    "start": 1534737061530,
    "end": 1534737061531,
    "duration": 1,
    "pid": 10112,
    "index": 50
  },
  {
    "name": "Require(42) node_modules/.2.2.3@egg-security/app.js",
    "start": 1534737061531,
    "end": 1534737061532,
    "duration": 1,
    "pid": 10112,
    "index": 51
  },
  {
    "name": "Require(43) node_modules/.2.1.0@egg-onerror/app.js",
    "start": 1534737061533,
    "end": 1534737061539,
    "duration": 6,
    "pid": 10112,
    "index": 52
  },
  {
    "name": "Require(44) node_modules/.2.0.0@egg-i18n/app.js",
    "start": 1534737061539,
    "end": 1534737061545,
    "duration": 6,
    "pid": 10112,
    "index": 53
  },
  {
    "name": "Require(45) node_modules/.3.0.0@egg-watcher/app.js",
    "start": 1534737061547,
    "end": 1534737061550,
    "duration": 3,
    "pid": 10112,
    "index": 54
  },
  {
    "name": "Before Start in node_modules/.3.0.0@egg-watcher/app.js:15:7",
    "start": 1534737061556,
    "end": 1534737062724,
    "duration": 1168,
    "pid": 10112,
    "index": 55
  },
  {
    "name": "Require(46) node_modules/.2.0.0@egg-multipart/app.js",
    "start": 1534737061557,
    "end": 1534737061559,
    "duration": 2,
    "pid": 10112,
    "index": 56
  },
  {
    "name": "Require(47) node_modules/.2.3.1@egg-development/app.js",
    "start": 1534737061560,
    "end": 1534737061561,
    "duration": 1,
    "pid": 10112,
    "index": 57
  },
  {
    "name": "Before Start in node_modules/.2.3.1@egg-development/app.js:12:7",
    "start": 1534737061561,
    "end": 1534737062724,
    "duration": 1163,
    "pid": 10112,
    "index": 58
  },
  {
    "name": "Require(48) node_modules/.3.3.0@egg-schedule/app.js",
    "start": 1534737061561,
    "end": 1534737061563,
    "duration": 2,
    "pid": 10112,
    "index": 59
  },
  {
    "name": "Require(49) node_modules/.3.0.3@egg-logrotator/app.js",
    "start": 1534737061591,
    "end": 1534737061591,
    "duration": 0,
    "pid": 10112,
    "index": 60
  },
  {
    "name": "Require(50) node_modules/.2.1.1@egg-static/app.js",
    "start": 1534737061591,
    "end": 1534737061591,
    "duration": 0,
    "pid": 10112,
    "index": 61
  },
  {
    "name": "Require(51) node_modules/.1.0.0@egg-validate/app.js",
    "start": 1534737061592,
    "end": 1534737061593,
    "duration": 1,
    "pid": 10112,
    "index": 62
  },
  {
    "name": "Require(52) node_modules/.3.1.0@egg-mongoose/app.js",
    "start": 1534737061593,
    "end": 1534737061593,
    "duration": 0,
    "pid": 10112,
    "index": 63
  },
  {
    "name": "Before Start in node_modules/.3.1.0@egg-mongoose/lib/mongoose.js:77:7",
    "start": 1534737062345,
    "end": 1534737063731,
    "duration": 1386,
    "pid": 10112,
    "index": 64
  },
  {
    "name": "Before Start in node_modules/.3.1.0@egg-mongoose/lib/mongoose.js:42:9",
    "start": 1534737062345,
    "end": 1534737062682,
    "duration": 337,
    "pid": 10112,
    "index": 65
  },
  {
    "name": "Require(53) node_modules/.2.1.0@egg-cors/app.js",
    "start": 1534737062346,
    "end": 1534737062346,
    "duration": 0,
    "pid": 10112,
    "index": 66
  },
  {
    "name": "Require(54) node_modules/.2.2.0@egg-view-nunjucks/app.js",
    "start": 1534737062346,
    "end": 1534737062346,
    "duration": 0,
    "pid": 10112,
    "index": 67
  },
  {
    "name": "Load Service",
    "start": 1534737062347,
    "end": 1534737062594,
    "duration": 247,
    "pid": 10112,
    "index": 68
  },
  {
    "name": "Load \"service\" to Context",
    "start": 1534737062348,
    "end": 1534737062594,
    "duration": 246,
    "pid": 10112,
    "index": 69
  },
  {
    "name": "Load Middleware",
    "start": 1534737062594,
    "end": 1534737062650,
    "duration": 56,
    "pid": 10112,
    "index": 70
  },
  {
    "name": "Load \"middlewares\" to Application",
    "start": 1534737062594,
    "end": 1534737062643,
    "duration": 49,
    "pid": 10112,
    "index": 71
  },
  {
    "name": "Load Controller",
    "start": 1534737062650,
    "end": 1534737062656,
    "duration": 6,
    "pid": 10112,
    "index": 72
  },
  {
    "name": "Load \"controller\" to Application",
    "start": 1534737062650,
    "end": 1534737062656,
    "duration": 6,
    "pid": 10112,
    "index": 73
  },
  {
    "name": "Load Router",
    "start": 1534737062656,
    "end": 1534737062658,
    "duration": 2,
    "pid": 10112,
    "index": 74
  },
  {
    "name": "Require(55) app/router.js",
    "start": 1534737062656,
    "end": 1534737062656,
    "duration": 0,
    "pid": 10112,
    "index": 75
  },
  {
    "name": "Before Start in node_modules/.4.9.1@egg-core/lib/egg.js:328:10",
    "start": 1534737062656,
    "end": 1534737062682,
    "duration": 26,
    "pid": 10112,
    "index": 76
  },
  {
    "name": "Load \"model\" to Application",
    "start": 1534737062668,
    "end": 1534737062682,
    "duration": 14,
    "pid": 10112,
    "index": 77
  }
]