[
  {
    "name": "Application Start",
    "start": 1534737043448,
    "end": 1534737046057,
    "duration": 2609,
    "pid": 9440,
    "index": 0
  },
  {
    "name": "Load Plugin",
    "start": 1534737043452,
    "end": 1534737043469,
    "duration": 17,
    "pid": 9440,
    "index": 1
  },
  {
    "name": "Load Config",
    "start": 1534737043469,
    "end": 1534737043494,
    "duration": 25,
    "pid": 9440,
    "index": 2
  },
  {
    "name": "Require(0) config/config.default.js",
    "start": 1534737043470,
    "end": 1534737043471,
    "duration": 1,
    "pid": 9440,
    "index": 3
  },
  {
    "name": "Require(1) node_modules/.3.1.0@egg-session/config/config.default.js",
    "start": 1534737043472,
    "end": 1534737043473,
    "duration": 1,
    "pid": 9440,
    "index": 4
  },
  {
    "name": "Require(2) node_modules/.2.2.3@egg-security/config/config.default.js",
    "start": 1534737043474,
    "end": 1534737043474,
    "duration": 0,
    "pid": 9440,
    "index": 5
  },
  {
    "name": "Require(3) node_modules/.2.0.0@egg-jsonp/config/config.default.js",
    "start": 1534737043475,
    "end": 1534737043475,
    "duration": 0,
    "pid": 9440,
    "index": 6
  },
  {
    "name": "Require(4) node_modules/.2.1.0@egg-onerror/config/config.default.js",
    "start": 1534737043476,
    "end": 1534737043476,
    "duration": 0,
    "pid": 9440,
    "index": 7
  },
  {
    "name": "Require(5) node_modules/.2.0.0@egg-i18n/config/config.default.js",
    "start": 1534737043477,
    "end": 1534737043477,
    "duration": 0,
    "pid": 9440,
    "index": 8
  },
  {
    "name": "Require(6) node_modules/.3.0.0@egg-watcher/config/config.default.js",
    "start": 1534737043477,
    "end": 1534737043478,
    "duration": 1,
    "pid": 9440,
    "index": 9
  },
  {
    "name": "Require(7) node_modules/.2.0.0@egg-multipart/config/config.default.js",
    "start": 1534737043478,
    "end": 1534737043478,
    "duration": 0,
    "pid": 9440,
    "index": 10
  },
  {
    "name": "Require(8) node_modules/.2.3.1@egg-development/config/config.default.js",
    "start": 1534737043478,
    "end": 1534737043479,
    "duration": 1,
    "pid": 9440,
    "index": 11
  },
  {
    "name": "Require(9) node_modules/.3.3.0@egg-schedule/config/config.default.js",
    "start": 1534737043479,
    "end": 1534737043479,
    "duration": 0,
    "pid": 9440,
    "index": 12
  },
  {
    "name": "Require(10) node_modules/.3.0.3@egg-logrotator/config/config.default.js",
    "start": 1534737043480,
    "end": 1534737043480,
    "duration": 0,
    "pid": 9440,
    "index": 13
  },
  {
    "name": "Require(11) node_modules/.2.1.1@egg-static/config/config.default.js",
    "start": 1534737043480,
    "end": 1534737043480,
    "duration": 0,
    "pid": 9440,
    "index": 14
  },
  {
    "name": "Require(12) node_modules/.2.1.0@egg-view/config/config.default.js",
    "start": 1534737043481,
    "end": 1534737043481,
    "duration": 0,
    "pid": 9440,
    "index": 15
  },
  {
    "name": "Require(13) node_modules/.3.1.0@egg-mongoose/config/config.default.js",
    "start": 1534737043481,
    "end": 1534737043482,
    "duration": 1,
    "pid": 9440,
    "index": 16
  },
  {
    "name": "Require(14) node_modules/.2.1.0@egg-cors/config/config.default.js",
    "start": 1534737043482,
    "end": 1534737043482,
    "duration": 0,
    "pid": 9440,
    "index": 17
  },
  {
    "name": "Require(15) node_modules/.2.2.0@egg-view-nunjucks/config/config.default.js",
    "start": 1534737043482,
    "end": 1534737043483,
    "duration": 1,
    "pid": 9440,
    "index": 18
  },
  {
    "name": "Require(16) node_modules/.2.9.1@egg/config/config.default.js",
    "start": 1534737043483,
    "end": 1534737043485,
    "duration": 2,
    "pid": 9440,
    "index": 19
  },
  {
    "name": "Require(17) config/config.default.js",
    "start": 1534737043488,
    "end": 1534737043488,
    "duration": 0,
    "pid": 9440,
    "index": 20
  },
  {
    "name": "Require(18) node_modules/.2.2.3@egg-security/config/config.local.js",
    "start": 1534737043489,
    "end": 1534737043489,
    "duration": 0,
    "pid": 9440,
    "index": 21
  },
  {
    "name": "Require(19) node_modules/.3.0.0@egg-watcher/config/config.local.js",
    "start": 1534737043490,
    "end": 1534737043490,
    "duration": 0,
    "pid": 9440,
    "index": 22
  },
  {
    "name": "Require(20) node_modules/.2.1.0@egg-view/config/config.local.js",
    "start": 1534737043492,
    "end": 1534737043492,
    "duration": 0,
    "pid": 9440,
    "index": 23
  },
  {
    "name": "Require(21) node_modules/.2.2.0@egg-view-nunjucks/config/config.local.js",
    "start": 1534737043494,
    "end": 1534737043494,
    "duration": 0,
    "pid": 9440,
    "index": 24
  },
  {
    "name": "Require(22) node_modules/.2.9.1@egg/config/config.local.js",
    "start": 1534737043494,
    "end": 1534737043494,
    "duration": 0,
    "pid": 9440,
    "index": 25
  },
  {
    "name": "Load extend/application.js",
    "start": 1534737043495,
    "end": 1534737043559,
    "duration": 64,
    "pid": 9440,
    "index": 26
  },
  {
    "name": "Require(23) node_modules/.3.1.0@egg-session/app/extend/application.js",
    "start": 1534737043496,
    "end": 1534737043496,
    "duration": 0,
    "pid": 9440,
    "index": 27
  },
  {
    "name": "Require(24) node_modules/.2.2.3@egg-security/app/extend/application.js",
    "start": 1534737043496,
    "end": 1534737043497,
    "duration": 1,
    "pid": 9440,
    "index": 28
  },
  {
    "name": "Require(25) node_modules/.2.0.0@egg-jsonp/app/extend/application.js",
    "start": 1534737043497,
    "end": 1534737043498,
    "duration": 1,
    "pid": 9440,
    "index": 29
  },
  {
    "name": "Require(26) node_modules/.3.0.3@egg-logrotator/app/extend/application.js",
    "start": 1534737043499,
    "end": 1534737043501,
    "duration": 2,
    "pid": 9440,
    "index": 30
  },
  {
    "name": "Require(27) node_modules/.2.1.0@egg-view/app/extend/application.js",
    "start": 1534737043501,
    "end": 1534737043503,
    "duration": 2,
    "pid": 9440,
    "index": 31
  },
  {
    "name": "Require(28) node_modules/.2.2.0@egg-view-nunjucks/app/extend/application.js",
    "start": 1534737043504,
    "end": 1534737043555,
    "duration": 51,
    "pid": 9440,
    "index": 32
  },
  {
    "name": "Load extend/request.js",
    "start": 1534737043559,
    "end": 1534737043564,
    "duration": 5,
    "pid": 9440,
    "index": 33
  },
  {
    "name": "Require(29) node_modules/.2.9.1@egg/app/extend/request.js",
    "start": 1534737043561,
    "end": 1534737043562,
    "duration": 1,
    "pid": 9440,
    "index": 34
  },
  {
    "name": "Load extend/response.js",
    "start": 1534737043564,
    "end": 1534737043569,
    "duration": 5,
    "pid": 9440,
    "index": 35
  },
  {
    "name": "Require(30) node_modules/.2.9.1@egg/app/extend/response.js",
    "start": 1534737043565,
    "end": 1534737043567,
    "duration": 2,
    "pid": 9440,
    "index": 36
  },
  {
    "name": "Load extend/context.js",
    "start": 1534737043569,
    "end": 1534737043632,
    "duration": 63,
    "pid": 9440,
    "index": 37
  },
  {
    "name": "Require(31) node_modules/.2.2.3@egg-security/app/extend/context.js",
    "start": 1534737043569,
    "end": 1534737043581,
    "duration": 12,
    "pid": 9440,
    "index": 38
  },
  {
    "name": "Require(32) node_modules/.2.0.0@egg-jsonp/app/extend/context.js",
    "start": 1534737043581,
    "end": 1534737043582,
    "duration": 1,
    "pid": 9440,
    "index": 39
  },
  {
    "name": "Require(33) node_modules/.2.0.0@egg-i18n/app/extend/context.js",
    "start": 1534737043582,
    "end": 1534737043583,
    "duration": 1,
    "pid": 9440,
    "index": 40
  },
  {
    "name": "Require(34) node_modules/.2.0.0@egg-multipart/app/extend/context.js",
    "start": 1534737043583,
    "end": 1534737043625,
    "duration": 42,
    "pid": 9440,
    "index": 41
  },
  {
    "name": "Require(35) node_modules/.2.1.0@egg-view/app/extend/context.js",
    "start": 1534737043625,
    "end": 1534737043626,
    "duration": 1,
    "pid": 9440,
    "index": 42
  },
  {
    "name": "Require(36) node_modules/.1.0.0@egg-validate/app/extend/context.js",
    "start": 1534737043626,
    "end": 1534737043627,
    "duration": 1,
    "pid": 9440,
    "index": 43
  },
  {
    "name": "Require(37) node_modules/.3.1.0@egg-mongoose/app/extend/context.js",
    "start": 1534737043627,
    "end": 1534737043627,
    "duration": 0,
    "pid": 9440,
    "index": 44
  },
  {
    "name": "Require(38) node_modules/.2.9.1@egg/app/extend/context.js",
    "start": 1534737043627,
    "end": 1534737043631,
    "duration": 4,
    "pid": 9440,
    "index": 45
  },
  {
    "name": "Load extend/helper.js",
    "start": 1534737043633,
    "end": 1534737043648,
    "duration": 15,
    "pid": 9440,
    "index": 46
  },
  {
    "name": "Require(39) node_modules/.2.2.3@egg-security/app/extend/helper.js",
    "start": 1534737043633,
    "end": 1534737043645,
    "duration": 12,
    "pid": 9440,
    "index": 47
  },
  {
    "name": "Require(40) node_modules/.2.9.1@egg/app/extend/helper.js",
    "start": 1534737043647,
    "end": 1534737043647,
    "duration": 0,
    "pid": 9440,
    "index": 48
  },
  {
    "name": "Load app.js",
    "start": 1534737043648,
    "end": 1534737044619,
    "duration": 971,
    "pid": 9440,
    "index": 49
  },
  {
    "name": "Require(41) node_modules/.3.1.0@egg-session/app.js",
    "start": 1534737043649,
    "end": 1534737043649,
    "duration": 0,
    "pid": 9440,
    "index": 50
  },
  {
    "name": "Require(42) node_modules/.2.2.3@egg-security/app.js",
    "start": 1534737043649,
    "end": 1534737043650,
    "duration": 1,
    "pid": 9440,
    "index": 51
  },
  {
    "name": "Require(43) node_modules/.2.1.0@egg-onerror/app.js",
    "start": 1534737043651,
    "end": 1534737043659,
    "duration": 8,
    "pid": 9440,
    "index": 52
  },
  {
    "name": "Require(44) node_modules/.2.0.0@egg-i18n/app.js",
    "start": 1534737043659,
    "end": 1534737043665,
    "duration": 6,
    "pid": 9440,
    "index": 53
  },
  {
    "name": "Require(45) node_modules/.3.0.0@egg-watcher/app.js",
    "start": 1534737043667,
    "end": 1534737043670,
    "duration": 3,
    "pid": 9440,
    "index": 54
  },
  {
    "name": "Before Start in node_modules/.3.0.0@egg-watcher/app.js:15:7",
    "start": 1534737043678,
    "end": 1534737045055,
    "duration": 1377,
    "pid": 9440,
    "index": 55
  },
  {
    "name": "Require(46) node_modules/.2.0.0@egg-multipart/app.js",
    "start": 1534737043679,
    "end": 1534737043681,
    "duration": 2,
    "pid": 9440,
    "index": 56
  },
  {
    "name": "Require(47) node_modules/.2.3.1@egg-development/app.js",
    "start": 1534737043682,
    "end": 1534737043683,
    "duration": 1,
    "pid": 9440,
    "index": 57
  },
  {
    "name": "Before Start in node_modules/.2.3.1@egg-development/app.js:12:7",
    "start": 1534737043683,
    "end": 1534737045056,
    "duration": 1373,
    "pid": 9440,
    "index": 58
  },
  {
    "name": "Require(48) node_modules/.3.3.0@egg-schedule/app.js",
    "start": 1534737043683,
    "end": 1534737043684,
    "duration": 1,
    "pid": 9440,
    "index": 59
  },
  {
    "name": "Require(49) node_modules/.3.0.3@egg-logrotator/app.js",
    "start": 1534737043714,
    "end": 1534737043714,
    "duration": 0,
    "pid": 9440,
    "index": 60
  },
  {
    "name": "Require(50) node_modules/.2.1.1@egg-static/app.js",
    "start": 1534737043714,
    "end": 1534737043714,
    "duration": 0,
    "pid": 9440,
    "index": 61
  },
  {
    "name": "Require(51) node_modules/.1.0.0@egg-validate/app.js",
    "start": 1534737043715,
    "end": 1534737043716,
    "duration": 1,
    "pid": 9440,
    "index": 62
  },
  {
    "name": "Require(52) node_modules/.3.1.0@egg-mongoose/app.js",
    "start": 1534737043717,
    "end": 1534737043717,
    "duration": 0,
    "pid": 9440,
    "index": 63
  },
  {
    "name": "Before Start in node_modules/.3.1.0@egg-mongoose/lib/mongoose.js:77:7",
    "start": 1534737044616,
    "end": 1534737046057,
    "duration": 1441,
    "pid": 9440,
    "index": 64
  },
  {
    "name": "Before Start in node_modules/.3.1.0@egg-mongoose/lib/mongoose.js:42:9",
    "start": 1534737044616,
    "end": 1534737045007,
    "duration": 391,
    "pid": 9440,
    "index": 65
  },
  {
    "name": "Require(53) node_modules/.2.1.0@egg-cors/app.js",
    "start": 1534737044617,
    "end": 1534737044617,
    "duration": 0,
    "pid": 9440,
    "index": 66
  },
  {
    "name": "Require(54) node_modules/.2.2.0@egg-view-nunjucks/app.js",
    "start": 1534737044617,
    "end": 1534737044617,
    "duration": 0,
    "pid": 9440,
    "index": 67
  },
  {
    "name": "Load Service",
    "start": 1534737044619,
    "end": 1534737044904,
    "duration": 285,
    "pid": 9440,
    "index": 68
  },
  {
    "name": "Load \"service\" to Context",
    "start": 1534737044619,
    "end": 1534737044904,
    "duration": 285,
    "pid": 9440,
    "index": 69
  },
  {
    "name": "Load Middleware",
    "start": 1534737044904,
    "end": 1534737044970,
    "duration": 66,
    "pid": 9440,
    "index": 70
  },
  {
    "name": "Load \"middlewares\" to Application",
    "start": 1534737044904,
    "end": 1534737044963,
    "duration": 59,
    "pid": 9440,
    "index": 71
  },
  {
    "name": "Load Controller",
    "start": 1534737044970,
    "end": 1534737044975,
    "duration": 5,
    "pid": 9440,
    "index": 72
  },
  {
    "name": "Load \"controller\" to Application",
    "start": 1534737044970,
    "end": 1534737044975,
    "duration": 5,
    "pid": 9440,
    "index": 73
  },
  {
    "name": "Load Router",
    "start": 1534737044975,
    "end": 1534737044977,
    "duration": 2,
    "pid": 9440,
    "index": 74
  },
  {
    "name": "Require(55) app/router.js",
    "start": 1534737044976,
    "end": 1534737044976,
    "duration": 0,
    "pid": 9440,
    "index": 75
  },
  {
    "name": "Before Start in node_modules/.4.9.1@egg-core/lib/egg.js:328:10",
    "start": 1534737044976,
    "end": 1534737045007,
    "duration": 31,
    "pid": 9440,
    "index": 76
  },
  {
    "name": "Load \"model\" to Application",
    "start": 1534737044989,
    "end": 1534737045006,
    "duration": 17,
    "pid": 9440,
    "index": 77
  }
]