[
  {
    "name": "Application Start",
    "start": 1534757594145,
    "end": 1534757596862,
    "duration": 2717,
    "pid": 8232,
    "index": 0
  },
  {
    "name": "Load Plugin",
    "start": 1534757594149,
    "end": 1534757594169,
    "duration": 20,
    "pid": 8232,
    "index": 1
  },
  {
    "name": "Load Config",
    "start": 1534757594169,
    "end": 1534757594193,
    "duration": 24,
    "pid": 8232,
    "index": 2
  },
  {
    "name": "Require(0) config/config.default.js",
    "start": 1534757594169,
    "end": 1534757594171,
    "duration": 2,
    "pid": 8232,
    "index": 3
  },
  {
    "name": "Require(1) node_modules/.3.1.0@egg-session/config/config.default.js",
    "start": 1534757594173,
    "end": 1534757594173,
    "duration": 0,
    "pid": 8232,
    "index": 4
  },
  {
    "name": "Require(2) node_modules/.2.2.3@egg-security/config/config.default.js",
    "start": 1534757594174,
    "end": 1534757594174,
    "duration": 0,
    "pid": 8232,
    "index": 5
  },
  {
    "name": "Require(3) node_modules/.2.0.0@egg-jsonp/config/config.default.js",
    "start": 1534757594175,
    "end": 1534757594175,
    "duration": 0,
    "pid": 8232,
    "index": 6
  },
  {
    "name": "Require(4) node_modules/.2.1.0@egg-onerror/config/config.default.js",
    "start": 1534757594176,
    "end": 1534757594176,
    "duration": 0,
    "pid": 8232,
    "index": 7
  },
  {
    "name": "Require(5) node_modules/.2.0.0@egg-i18n/config/config.default.js",
    "start": 1534757594176,
    "end": 1534757594177,
    "duration": 1,
    "pid": 8232,
    "index": 8
  },
  {
    "name": "Require(6) node_modules/.3.0.0@egg-watcher/config/config.default.js",
    "start": 1534757594177,
    "end": 1534757594178,
    "duration": 1,
    "pid": 8232,
    "index": 9
  },
  {
    "name": "Require(7) node_modules/.2.0.0@egg-multipart/config/config.default.js",
    "start": 1534757594178,
    "end": 1534757594179,
    "duration": 1,
    "pid": 8232,
    "index": 10
  },
  {
    "name": "Require(8) node_modules/.2.3.1@egg-development/config/config.default.js",
    "start": 1534757594179,
    "end": 1534757594180,
    "duration": 1,
    "pid": 8232,
    "index": 11
  },
  {
    "name": "Require(9) node_modules/.3.3.0@egg-schedule/config/config.default.js",
    "start": 1534757594180,
    "end": 1534757594180,
    "duration": 0,
    "pid": 8232,
    "index": 12
  },
  {
    "name": "Require(10) node_modules/.3.0.3@egg-logrotator/config/config.default.js",
    "start": 1534757594181,
    "end": 1534757594181,
    "duration": 0,
    "pid": 8232,
    "index": 13
  },
  {
    "name": "Require(11) node_modules/.2.1.1@egg-static/config/config.default.js",
    "start": 1534757594181,
    "end": 1534757594182,
    "duration": 1,
    "pid": 8232,
    "index": 14
  },
  {
    "name": "Require(12) node_modules/.2.1.0@egg-view/config/config.default.js",
    "start": 1534757594182,
    "end": 1534757594183,
    "duration": 1,
    "pid": 8232,
    "index": 15
  },
  {
    "name": "Require(13) node_modules/.3.1.0@egg-mongoose/config/config.default.js",
    "start": 1534757594183,
    "end": 1534757594184,
    "duration": 1,
    "pid": 8232,
    "index": 16
  },
  {
    "name": "Require(14) node_modules/.2.1.0@egg-cors/config/config.default.js",
    "start": 1534757594184,
    "end": 1534757594184,
    "duration": 0,
    "pid": 8232,
    "index": 17
  },
  {
    "name": "Require(15) node_modules/.2.2.0@egg-view-nunjucks/config/config.default.js",
    "start": 1534757594184,
    "end": 1534757594185,
    "duration": 1,
    "pid": 8232,
    "index": 18
  },
  {
    "name": "Require(16) node_modules/.2.9.1@egg/config/config.default.js",
    "start": 1534757594185,
    "end": 1534757594185,
    "duration": 0,
    "pid": 8232,
    "index": 19
  },
  {
    "name": "Require(17) config/config.default.js",
    "start": 1534757594188,
    "end": 1534757594189,
    "duration": 1,
    "pid": 8232,
    "index": 20
  },
  {
    "name": "Require(18) node_modules/.2.2.3@egg-security/config/config.local.js",
    "start": 1534757594189,
    "end": 1534757594190,
    "duration": 1,
    "pid": 8232,
    "index": 21
  },
  {
    "name": "Require(19) node_modules/.3.0.0@egg-watcher/config/config.local.js",
    "start": 1534757594190,
    "end": 1534757594190,
    "duration": 0,
    "pid": 8232,
    "index": 22
  },
  {
    "name": "Require(20) node_modules/.2.1.0@egg-view/config/config.local.js",
    "start": 1534757594191,
    "end": 1534757594192,
    "duration": 1,
    "pid": 8232,
    "index": 23
  },
  {
    "name": "Require(21) node_modules/.2.2.0@egg-view-nunjucks/config/config.local.js",
    "start": 1534757594192,
    "end": 1534757594192,
    "duration": 0,
    "pid": 8232,
    "index": 24
  },
  {
    "name": "Require(22) node_modules/.2.9.1@egg/config/config.local.js",
    "start": 1534757594193,
    "end": 1534757594193,
    "duration": 0,
    "pid": 8232,
    "index": 25
  },
  {
    "name": "Load extend/application.js",
    "start": 1534757594194,
    "end": 1534757594284,
    "duration": 90,
    "pid": 8232,
    "index": 26
  },
  {
    "name": "Require(23) node_modules/.3.1.0@egg-session/app/extend/application.js",
    "start": 1534757594196,
    "end": 1534757594196,
    "duration": 0,
    "pid": 8232,
    "index": 27
  },
  {
    "name": "Require(24) node_modules/.2.2.3@egg-security/app/extend/application.js",
    "start": 1534757594196,
    "end": 1534757594197,
    "duration": 1,
    "pid": 8232,
    "index": 28
  },
  {
    "name": "Require(25) node_modules/.2.0.0@egg-jsonp/app/extend/application.js",
    "start": 1534757594198,
    "end": 1534757594199,
    "duration": 1,
    "pid": 8232,
    "index": 29
  },
  {
    "name": "Require(26) node_modules/.3.0.3@egg-logrotator/app/extend/application.js",
    "start": 1534757594200,
    "end": 1534757594202,
    "duration": 2,
    "pid": 8232,
    "index": 30
  },
  {
    "name": "Require(27) node_modules/.2.1.0@egg-view/app/extend/application.js",
    "start": 1534757594203,
    "end": 1534757594204,
    "duration": 1,
    "pid": 8232,
    "index": 31
  },
  {
    "name": "Require(28) node_modules/.2.2.0@egg-view-nunjucks/app/extend/application.js",
    "start": 1534757594205,
    "end": 1534757594281,
    "duration": 76,
    "pid": 8232,
    "index": 32
  },
  {
    "name": "Load extend/request.js",
    "start": 1534757594284,
    "end": 1534757594293,
    "duration": 9,
    "pid": 8232,
    "index": 33
  },
  {
    "name": "Require(29) node_modules/.2.9.1@egg/app/extend/request.js",
    "start": 1534757594286,
    "end": 1534757594288,
    "duration": 2,
    "pid": 8232,
    "index": 34
  },
  {
    "name": "Load extend/response.js",
    "start": 1534757594293,
    "end": 1534757594298,
    "duration": 5,
    "pid": 8232,
    "index": 35
  },
  {
    "name": "Require(30) node_modules/.2.9.1@egg/app/extend/response.js",
    "start": 1534757594295,
    "end": 1534757594296,
    "duration": 1,
    "pid": 8232,
    "index": 36
  },
  {
    "name": "Load extend/context.js",
    "start": 1534757594298,
    "end": 1534757594371,
    "duration": 73,
    "pid": 8232,
    "index": 37
  },
  {
    "name": "Require(31) node_modules/.2.2.3@egg-security/app/extend/context.js",
    "start": 1534757594298,
    "end": 1534757594307,
    "duration": 9,
    "pid": 8232,
    "index": 38
  },
  {
    "name": "Require(32) node_modules/.2.0.0@egg-jsonp/app/extend/context.js",
    "start": 1534757594307,
    "end": 1534757594309,
    "duration": 2,
    "pid": 8232,
    "index": 39
  },
  {
    "name": "Require(33) node_modules/.2.0.0@egg-i18n/app/extend/context.js",
    "start": 1534757594309,
    "end": 1534757594310,
    "duration": 1,
    "pid": 8232,
    "index": 40
  },
  {
    "name": "Require(34) node_modules/.2.0.0@egg-multipart/app/extend/context.js",
    "start": 1534757594310,
    "end": 1534757594360,
    "duration": 50,
    "pid": 8232,
    "index": 41
  },
  {
    "name": "Require(35) node_modules/.2.1.0@egg-view/app/extend/context.js",
    "start": 1534757594363,
    "end": 1534757594366,
    "duration": 3,
    "pid": 8232,
    "index": 42
  },
  {
    "name": "Require(36) node_modules/.1.0.0@egg-validate/app/extend/context.js",
    "start": 1534757594367,
    "end": 1534757594367,
    "duration": 0,
    "pid": 8232,
    "index": 43
  },
  {
    "name": "Require(37) node_modules/.3.1.0@egg-mongoose/app/extend/context.js",
    "start": 1534757594367,
    "end": 1534757594367,
    "duration": 0,
    "pid": 8232,
    "index": 44
  },
  {
    "name": "Require(38) node_modules/.2.9.1@egg/app/extend/context.js",
    "start": 1534757594368,
    "end": 1534757594369,
    "duration": 1,
    "pid": 8232,
    "index": 45
  },
  {
    "name": "Load extend/helper.js",
    "start": 1534757594371,
    "end": 1534757594387,
    "duration": 16,
    "pid": 8232,
    "index": 46
  },
  {
    "name": "Require(39) node_modules/.2.2.3@egg-security/app/extend/helper.js",
    "start": 1534757594371,
    "end": 1534757594383,
    "duration": 12,
    "pid": 8232,
    "index": 47
  },
  {
    "name": "Require(40) node_modules/.2.9.1@egg/app/extend/helper.js",
    "start": 1534757594385,
    "end": 1534757594385,
    "duration": 0,
    "pid": 8232,
    "index": 48
  },
  {
    "name": "Load app.js",
    "start": 1534757594387,
    "end": 1534757595433,
    "duration": 1046,
    "pid": 8232,
    "index": 49
  },
  {
    "name": "Require(41) node_modules/.3.1.0@egg-session/app.js",
    "start": 1534757594387,
    "end": 1534757594387,
    "duration": 0,
    "pid": 8232,
    "index": 50
  },
  {
    "name": "Require(42) node_modules/.2.2.3@egg-security/app.js",
    "start": 1534757594388,
    "end": 1534757594389,
    "duration": 1,
    "pid": 8232,
    "index": 51
  },
  {
    "name": "Require(43) node_modules/.2.1.0@egg-onerror/app.js",
    "start": 1534757594389,
    "end": 1534757594396,
    "duration": 7,
    "pid": 8232,
    "index": 52
  },
  {
    "name": "Require(44) node_modules/.2.0.0@egg-i18n/app.js",
    "start": 1534757594397,
    "end": 1534757594403,
    "duration": 6,
    "pid": 8232,
    "index": 53
  },
  {
    "name": "Require(45) node_modules/.3.0.0@egg-watcher/app.js",
    "start": 1534757594405,
    "end": 1534757594408,
    "duration": 3,
    "pid": 8232,
    "index": 54
  },
  {
    "name": "Before Start in node_modules/.3.0.0@egg-watcher/app.js:15:7",
    "start": 1534757594424,
    "end": 1534757595860,
    "duration": 1436,
    "pid": 8232,
    "index": 55
  },
  {
    "name": "Require(46) node_modules/.2.0.0@egg-multipart/app.js",
    "start": 1534757594425,
    "end": 1534757594431,
    "duration": 6,
    "pid": 8232,
    "index": 56
  },
  {
    "name": "Require(47) node_modules/.2.3.1@egg-development/app.js",
    "start": 1534757594449,
    "end": 1534757594451,
    "duration": 2,
    "pid": 8232,
    "index": 57
  },
  {
    "name": "Before Start in node_modules/.2.3.1@egg-development/app.js:12:7",
    "start": 1534757594451,
    "end": 1534757595861,
    "duration": 1410,
    "pid": 8232,
    "index": 58
  },
  {
    "name": "Require(48) node_modules/.3.3.0@egg-schedule/app.js",
    "start": 1534757594451,
    "end": 1534757594453,
    "duration": 2,
    "pid": 8232,
    "index": 59
  },
  {
    "name": "Require(49) node_modules/.3.0.3@egg-logrotator/app.js",
    "start": 1534757594500,
    "end": 1534757594501,
    "duration": 1,
    "pid": 8232,
    "index": 60
  },
  {
    "name": "Require(50) node_modules/.2.1.1@egg-static/app.js",
    "start": 1534757594501,
    "end": 1534757594501,
    "duration": 0,
    "pid": 8232,
    "index": 61
  },
  {
    "name": "Require(51) node_modules/.1.0.0@egg-validate/app.js",
    "start": 1534757594501,
    "end": 1534757594503,
    "duration": 2,
    "pid": 8232,
    "index": 62
  },
  {
    "name": "Require(52) node_modules/.3.1.0@egg-mongoose/app.js",
    "start": 1534757594503,
    "end": 1534757594504,
    "duration": 1,
    "pid": 8232,
    "index": 63
  },
  {
    "name": "Before Start in node_modules/.3.1.0@egg-mongoose/lib/mongoose.js:77:7",
    "start": 1534757595431,
    "end": 1534757596861,
    "duration": 1430,
    "pid": 8232,
    "index": 64
  },
  {
    "name": "Before Start in node_modules/.3.1.0@egg-mongoose/lib/mongoose.js:42:9",
    "start": 1534757595431,
    "end": 1534757595810,
    "duration": 379,
    "pid": 8232,
    "index": 65
  },
  {
    "name": "Require(53) node_modules/.2.1.0@egg-cors/app.js",
    "start": 1534757595431,
    "end": 1534757595431,
    "duration": 0,
    "pid": 8232,
    "index": 66
  },
  {
    "name": "Require(54) node_modules/.2.2.0@egg-view-nunjucks/app.js",
    "start": 1534757595432,
    "end": 1534757595432,
    "duration": 0,
    "pid": 8232,
    "index": 67
  },
  {
    "name": "Load Service",
    "start": 1534757595433,
    "end": 1534757595716,
    "duration": 283,
    "pid": 8232,
    "index": 68
  },
  {
    "name": "Load \"service\" to Context",
    "start": 1534757595433,
    "end": 1534757595716,
    "duration": 283,
    "pid": 8232,
    "index": 69
  },
  {
    "name": "Load Middleware",
    "start": 1534757595716,
    "end": 1534757595775,
    "duration": 59,
    "pid": 8232,
    "index": 70
  },
  {
    "name": "Load \"middlewares\" to Application",
    "start": 1534757595717,
    "end": 1534757595768,
    "duration": 51,
    "pid": 8232,
    "index": 71
  },
  {
    "name": "Load Controller",
    "start": 1534757595775,
    "end": 1534757595780,
    "duration": 5,
    "pid": 8232,
    "index": 72
  },
  {
    "name": "Load \"controller\" to Application",
    "start": 1534757595775,
    "end": 1534757595780,
    "duration": 5,
    "pid": 8232,
    "index": 73
  },
  {
    "name": "Load Router",
    "start": 1534757595780,
    "end": 1534757595782,
    "duration": 2,
    "pid": 8232,
    "index": 74
  },
  {
    "name": "Require(55) app/router.js",
    "start": 1534757595781,
    "end": 1534757595781,
    "duration": 0,
    "pid": 8232,
    "index": 75
  },
  {
    "name": "Before Start in node_modules/.4.9.1@egg-core/lib/egg.js:328:10",
    "start": 1534757595781,
    "end": 1534757595810,
    "duration": 29,
    "pid": 8232,
    "index": 76
  },
  {
    "name": "Load \"model\" to Application",
    "start": 1534757595793,
    "end": 1534757595809,
    "duration": 16,
    "pid": 8232,
    "index": 77
  }
]