[
  {
    "name": "Application Start",
    "start": 1534758313742,
    "end": 1534758316230,
    "duration": 2488,
    "pid": 11020,
    "index": 0
  },
  {
    "name": "Load Plugin",
    "start": 1534758313746,
    "end": 1534758313763,
    "duration": 17,
    "pid": 11020,
    "index": 1
  },
  {
    "name": "Load Config",
    "start": 1534758313764,
    "end": 1534758313785,
    "duration": 21,
    "pid": 11020,
    "index": 2
  },
  {
    "name": "Require(0) config/config.default.js",
    "start": 1534758313764,
    "end": 1534758313765,
    "duration": 1,
    "pid": 11020,
    "index": 3
  },
  {
    "name": "Require(1) node_modules/.3.1.0@egg-session/config/config.default.js",
    "start": 1534758313766,
    "end": 1534758313766,
    "duration": 0,
    "pid": 11020,
    "index": 4
  },
  {
    "name": "Require(2) node_modules/.2.2.3@egg-security/config/config.default.js",
    "start": 1534758313766,
    "end": 1534758313767,
    "duration": 1,
    "pid": 11020,
    "index": 5
  },
  {
    "name": "Require(3) node_modules/.2.0.0@egg-jsonp/config/config.default.js",
    "start": 1534758313767,
    "end": 1534758313767,
    "duration": 0,
    "pid": 11020,
    "index": 6
  },
  {
    "name": "Require(4) node_modules/.2.1.0@egg-onerror/config/config.default.js",
    "start": 1534758313768,
    "end": 1534758313768,
    "duration": 0,
    "pid": 11020,
    "index": 7
  },
  {
    "name": "Require(5) node_modules/.2.0.0@egg-i18n/config/config.default.js",
    "start": 1534758313769,
    "end": 1534758313769,
    "duration": 0,
    "pid": 11020,
    "index": 8
  },
  {
    "name": "Require(6) node_modules/.3.0.0@egg-watcher/config/config.default.js",
    "start": 1534758313769,
    "end": 1534758313770,
    "duration": 1,
    "pid": 11020,
    "index": 9
  },
  {
    "name": "Require(7) node_modules/.2.0.0@egg-multipart/config/config.default.js",
    "start": 1534758313770,
    "end": 1534758313770,
    "duration": 0,
    "pid": 11020,
    "index": 10
  },
  {
    "name": "Require(8) node_modules/.2.3.1@egg-development/config/config.default.js",
    "start": 1534758313771,
    "end": 1534758313771,
    "duration": 0,
    "pid": 11020,
    "index": 11
  },
  {
    "name": "Require(9) node_modules/.3.3.0@egg-schedule/config/config.default.js",
    "start": 1534758313771,
    "end": 1534758313772,
    "duration": 1,
    "pid": 11020,
    "index": 12
  },
  {
    "name": "Require(10) node_modules/.3.0.3@egg-logrotator/config/config.default.js",
    "start": 1534758313772,
    "end": 1534758313772,
    "duration": 0,
    "pid": 11020,
    "index": 13
  },
  {
    "name": "Require(11) node_modules/.2.1.1@egg-static/config/config.default.js",
    "start": 1534758313773,
    "end": 1534758313773,
    "duration": 0,
    "pid": 11020,
    "index": 14
  },
  {
    "name": "Require(12) node_modules/.2.1.0@egg-view/config/config.default.js",
    "start": 1534758313773,
    "end": 1534758313773,
    "duration": 0,
    "pid": 11020,
    "index": 15
  },
  {
    "name": "Require(13) node_modules/.3.1.0@egg-mongoose/config/config.default.js",
    "start": 1534758313774,
    "end": 1534758313774,
    "duration": 0,
    "pid": 11020,
    "index": 16
  },
  {
    "name": "Require(14) node_modules/.2.1.0@egg-cors/config/config.default.js",
    "start": 1534758313775,
    "end": 1534758313775,
    "duration": 0,
    "pid": 11020,
    "index": 17
  },
  {
    "name": "Require(15) node_modules/.2.2.0@egg-view-nunjucks/config/config.default.js",
    "start": 1534758313775,
    "end": 1534758313775,
    "duration": 0,
    "pid": 11020,
    "index": 18
  },
  {
    "name": "Require(16) node_modules/.2.9.1@egg/config/config.default.js",
    "start": 1534758313776,
    "end": 1534758313779,
    "duration": 3,
    "pid": 11020,
    "index": 19
  },
  {
    "name": "Require(17) config/config.default.js",
    "start": 1534758313781,
    "end": 1534758313781,
    "duration": 0,
    "pid": 11020,
    "index": 20
  },
  {
    "name": "Require(18) node_modules/.2.2.3@egg-security/config/config.local.js",
    "start": 1534758313781,
    "end": 1534758313782,
    "duration": 1,
    "pid": 11020,
    "index": 21
  },
  {
    "name": "Require(19) node_modules/.3.0.0@egg-watcher/config/config.local.js",
    "start": 1534758313782,
    "end": 1534758313783,
    "duration": 1,
    "pid": 11020,
    "index": 22
  },
  {
    "name": "Require(20) node_modules/.2.1.0@egg-view/config/config.local.js",
    "start": 1534758313783,
    "end": 1534758313784,
    "duration": 1,
    "pid": 11020,
    "index": 23
  },
  {
    "name": "Require(21) node_modules/.2.2.0@egg-view-nunjucks/config/config.local.js",
    "start": 1534758313784,
    "end": 1534758313784,
    "duration": 0,
    "pid": 11020,
    "index": 24
  },
  {
    "name": "Require(22) node_modules/.2.9.1@egg/config/config.local.js",
    "start": 1534758313785,
    "end": 1534758313785,
    "duration": 0,
    "pid": 11020,
    "index": 25
  },
  {
    "name": "Load extend/application.js",
    "start": 1534758313786,
    "end": 1534758313860,
    "duration": 74,
    "pid": 11020,
    "index": 26
  },
  {
    "name": "Require(23) node_modules/.3.1.0@egg-session/app/extend/application.js",
    "start": 1534758313787,
    "end": 1534758313787,
    "duration": 0,
    "pid": 11020,
    "index": 27
  },
  {
    "name": "Require(24) node_modules/.2.2.3@egg-security/app/extend/application.js",
    "start": 1534758313787,
    "end": 1534758313788,
    "duration": 1,
    "pid": 11020,
    "index": 28
  },
  {
    "name": "Require(25) node_modules/.2.0.0@egg-jsonp/app/extend/application.js",
    "start": 1534758313788,
    "end": 1534758313790,
    "duration": 2,
    "pid": 11020,
    "index": 29
  },
  {
    "name": "Require(26) node_modules/.3.0.3@egg-logrotator/app/extend/application.js",
    "start": 1534758313792,
    "end": 1534758313794,
    "duration": 2,
    "pid": 11020,
    "index": 30
  },
  {
    "name": "Require(27) node_modules/.2.1.0@egg-view/app/extend/application.js",
    "start": 1534758313794,
    "end": 1534758313796,
    "duration": 2,
    "pid": 11020,
    "index": 31
  },
  {
    "name": "Require(28) node_modules/.2.2.0@egg-view-nunjucks/app/extend/application.js",
    "start": 1534758313797,
    "end": 1534758313856,
    "duration": 59,
    "pid": 11020,
    "index": 32
  },
  {
    "name": "Load extend/request.js",
    "start": 1534758313866,
    "end": 1534758313873,
    "duration": 7,
    "pid": 11020,
    "index": 33
  },
  {
    "name": "Require(29) node_modules/.2.9.1@egg/app/extend/request.js",
    "start": 1534758313868,
    "end": 1534758313870,
    "duration": 2,
    "pid": 11020,
    "index": 34
  },
  {
    "name": "Load extend/response.js",
    "start": 1534758313873,
    "end": 1534758313880,
    "duration": 7,
    "pid": 11020,
    "index": 35
  },
  {
    "name": "Require(30) node_modules/.2.9.1@egg/app/extend/response.js",
    "start": 1534758313875,
    "end": 1534758313877,
    "duration": 2,
    "pid": 11020,
    "index": 36
  },
  {
    "name": "Load extend/context.js",
    "start": 1534758313880,
    "end": 1534758313939,
    "duration": 59,
    "pid": 11020,
    "index": 37
  },
  {
    "name": "Require(31) node_modules/.2.2.3@egg-security/app/extend/context.js",
    "start": 1534758313880,
    "end": 1534758313890,
    "duration": 10,
    "pid": 11020,
    "index": 38
  },
  {
    "name": "Require(32) node_modules/.2.0.0@egg-jsonp/app/extend/context.js",
    "start": 1534758313890,
    "end": 1534758313892,
    "duration": 2,
    "pid": 11020,
    "index": 39
  },
  {
    "name": "Require(33) node_modules/.2.0.0@egg-i18n/app/extend/context.js",
    "start": 1534758313892,
    "end": 1534758313892,
    "duration": 0,
    "pid": 11020,
    "index": 40
  },
  {
    "name": "Require(34) node_modules/.2.0.0@egg-multipart/app/extend/context.js",
    "start": 1534758313893,
    "end": 1534758313928,
    "duration": 35,
    "pid": 11020,
    "index": 41
  },
  {
    "name": "Require(35) node_modules/.2.1.0@egg-view/app/extend/context.js",
    "start": 1534758313929,
    "end": 1534758313929,
    "duration": 0,
    "pid": 11020,
    "index": 42
  },
  {
    "name": "Require(36) node_modules/.1.0.0@egg-validate/app/extend/context.js",
    "start": 1534758313930,
    "end": 1534758313930,
    "duration": 0,
    "pid": 11020,
    "index": 43
  },
  {
    "name": "Require(37) node_modules/.3.1.0@egg-mongoose/app/extend/context.js",
    "start": 1534758313930,
    "end": 1534758313930,
    "duration": 0,
    "pid": 11020,
    "index": 44
  },
  {
    "name": "Require(38) node_modules/.2.9.1@egg/app/extend/context.js",
    "start": 1534758313931,
    "end": 1534758313932,
    "duration": 1,
    "pid": 11020,
    "index": 45
  },
  {
    "name": "Load extend/helper.js",
    "start": 1534758313939,
    "end": 1534758313955,
    "duration": 16,
    "pid": 11020,
    "index": 46
  },
  {
    "name": "Require(39) node_modules/.2.2.3@egg-security/app/extend/helper.js",
    "start": 1534758313939,
    "end": 1534758313950,
    "duration": 11,
    "pid": 11020,
    "index": 47
  },
  {
    "name": "Require(40) node_modules/.2.9.1@egg/app/extend/helper.js",
    "start": 1534758313952,
    "end": 1534758313953,
    "duration": 1,
    "pid": 11020,
    "index": 48
  },
  {
    "name": "Load app.js",
    "start": 1534758313955,
    "end": 1534758314800,
    "duration": 845,
    "pid": 11020,
    "index": 49
  },
  {
    "name": "Require(41) node_modules/.3.1.0@egg-session/app.js",
    "start": 1534758313955,
    "end": 1534758313956,
    "duration": 1,
    "pid": 11020,
    "index": 50
  },
  {
    "name": "Require(42) node_modules/.2.2.3@egg-security/app.js",
    "start": 1534758313956,
    "end": 1534758313957,
    "duration": 1,
    "pid": 11020,
    "index": 51
  },
  {
    "name": "Require(43) node_modules/.2.1.0@egg-onerror/app.js",
    "start": 1534758313958,
    "end": 1534758313966,
    "duration": 8,
    "pid": 11020,
    "index": 52
  },
  {
    "name": "Require(44) node_modules/.2.0.0@egg-i18n/app.js",
    "start": 1534758313967,
    "end": 1534758313974,
    "duration": 7,
    "pid": 11020,
    "index": 53
  },
  {
    "name": "Require(45) node_modules/.3.0.0@egg-watcher/app.js",
    "start": 1534758313976,
    "end": 1534758313980,
    "duration": 4,
    "pid": 11020,
    "index": 54
  },
  {
    "name": "Before Start in node_modules/.3.0.0@egg-watcher/app.js:15:7",
    "start": 1534758313987,
    "end": 1534758315225,
    "duration": 1238,
    "pid": 11020,
    "index": 55
  },
  {
    "name": "Require(46) node_modules/.2.0.0@egg-multipart/app.js",
    "start": 1534758313988,
    "end": 1534758313990,
    "duration": 2,
    "pid": 11020,
    "index": 56
  },
  {
    "name": "Require(47) node_modules/.2.3.1@egg-development/app.js",
    "start": 1534758313990,
    "end": 1534758313991,
    "duration": 1,
    "pid": 11020,
    "index": 57
  },
  {
    "name": "Before Start in node_modules/.2.3.1@egg-development/app.js:12:7",
    "start": 1534758313992,
    "end": 1534758315225,
    "duration": 1233,
    "pid": 11020,
    "index": 58
  },
  {
    "name": "Require(48) node_modules/.3.3.0@egg-schedule/app.js",
    "start": 1534758313992,
    "end": 1534758313993,
    "duration": 1,
    "pid": 11020,
    "index": 59
  },
  {
    "name": "Require(49) node_modules/.3.0.3@egg-logrotator/app.js",
    "start": 1534758314022,
    "end": 1534758314022,
    "duration": 0,
    "pid": 11020,
    "index": 60
  },
  {
    "name": "Require(50) node_modules/.2.1.1@egg-static/app.js",
    "start": 1534758314023,
    "end": 1534758314023,
    "duration": 0,
    "pid": 11020,
    "index": 61
  },
  {
    "name": "Require(51) node_modules/.1.0.0@egg-validate/app.js",
    "start": 1534758314023,
    "end": 1534758314025,
    "duration": 2,
    "pid": 11020,
    "index": 62
  },
  {
    "name": "Require(52) node_modules/.3.1.0@egg-mongoose/app.js",
    "start": 1534758314025,
    "end": 1534758314025,
    "duration": 0,
    "pid": 11020,
    "index": 63
  },
  {
    "name": "Before Start in node_modules/.3.1.0@egg-mongoose/lib/mongoose.js:77:7",
    "start": 1534758314798,
    "end": 1534758316230,
    "duration": 1432,
    "pid": 11020,
    "index": 64
  },
  {
    "name": "Before Start in node_modules/.3.1.0@egg-mongoose/lib/mongoose.js:42:9",
    "start": 1534758314798,
    "end": 1534758315181,
    "duration": 383,
    "pid": 11020,
    "index": 65
  },
  {
    "name": "Require(53) node_modules/.2.1.0@egg-cors/app.js",
    "start": 1534758314798,
    "end": 1534758314798,
    "duration": 0,
    "pid": 11020,
    "index": 66
  },
  {
    "name": "Require(54) node_modules/.2.2.0@egg-view-nunjucks/app.js",
    "start": 1534758314799,
    "end": 1534758314799,
    "duration": 0,
    "pid": 11020,
    "index": 67
  },
  {
    "name": "Load Service",
    "start": 1534758314800,
    "end": 1534758315070,
    "duration": 270,
    "pid": 11020,
    "index": 68
  },
  {
    "name": "Load \"service\" to Context",
    "start": 1534758314800,
    "end": 1534758315070,
    "duration": 270,
    "pid": 11020,
    "index": 69
  },
  {
    "name": "Load Middleware",
    "start": 1534758315070,
    "end": 1534758315135,
    "duration": 65,
    "pid": 11020,
    "index": 70
  },
  {
    "name": "Load \"middlewares\" to Application",
    "start": 1534758315070,
    "end": 1534758315127,
    "duration": 57,
    "pid": 11020,
    "index": 71
  },
  {
    "name": "Load Controller",
    "start": 1534758315135,
    "end": 1534758315140,
    "duration": 5,
    "pid": 11020,
    "index": 72
  },
  {
    "name": "Load \"controller\" to Application",
    "start": 1534758315135,
    "end": 1534758315140,
    "duration": 5,
    "pid": 11020,
    "index": 73
  },
  {
    "name": "Load Router",
    "start": 1534758315140,
    "end": 1534758315142,
    "duration": 2,
    "pid": 11020,
    "index": 74
  },
  {
    "name": "Require(55) app/router.js",
    "start": 1534758315140,
    "end": 1534758315140,
    "duration": 0,
    "pid": 11020,
    "index": 75
  },
  {
    "name": "Before Start in node_modules/.4.9.1@egg-core/lib/egg.js:328:10",
    "start": 1534758315141,
    "end": 1534758315181,
    "duration": 40,
    "pid": 11020,
    "index": 76
  },
  {
    "name": "Load \"model\" to Application",
    "start": 1534758315163,
    "end": 1534758315180,
    "duration": 17,
    "pid": 11020,
    "index": 77
  }
]