[
  {
    "name": "Application Start",
    "start": 1534758303659,
    "end": 1534758306014,
    "duration": 2355,
    "pid": 13432,
    "index": 0
  },
  {
    "name": "Load Plugin",
    "start": 1534758303663,
    "end": 1534758303681,
    "duration": 18,
    "pid": 13432,
    "index": 1
  },
  {
    "name": "Load Config",
    "start": 1534758303681,
    "end": 1534758303699,
    "duration": 18,
    "pid": 13432,
    "index": 2
  },
  {
    "name": "Require(0) config/config.default.js",
    "start": 1534758303682,
    "end": 1534758303683,
    "duration": 1,
    "pid": 13432,
    "index": 3
  },
  {
    "name": "Require(1) node_modules/.3.1.0@egg-session/config/config.default.js",
    "start": 1534758303684,
    "end": 1534758303684,
    "duration": 0,
    "pid": 13432,
    "index": 4
  },
  {
    "name": "Require(2) node_modules/.2.2.3@egg-security/config/config.default.js",
    "start": 1534758303684,
    "end": 1534758303685,
    "duration": 1,
    "pid": 13432,
    "index": 5
  },
  {
    "name": "Require(3) node_modules/.2.0.0@egg-jsonp/config/config.default.js",
    "start": 1534758303685,
    "end": 1534758303685,
    "duration": 0,
    "pid": 13432,
    "index": 6
  },
  {
    "name": "Require(4) node_modules/.2.1.0@egg-onerror/config/config.default.js",
    "start": 1534758303686,
    "end": 1534758303686,
    "duration": 0,
    "pid": 13432,
    "index": 7
  },
  {
    "name": "Require(5) node_modules/.2.0.0@egg-i18n/config/config.default.js",
    "start": 1534758303686,
    "end": 1534758303687,
    "duration": 1,
    "pid": 13432,
    "index": 8
  },
  {
    "name": "Require(6) node_modules/.3.0.0@egg-watcher/config/config.default.js",
    "start": 1534758303687,
    "end": 1534758303687,
    "duration": 0,
    "pid": 13432,
    "index": 9
  },
  {
    "name": "Require(7) node_modules/.2.0.0@egg-multipart/config/config.default.js",
    "start": 1534758303687,
    "end": 1534758303688,
    "duration": 1,
    "pid": 13432,
    "index": 10
  },
  {
    "name": "Require(8) node_modules/.2.3.1@egg-development/config/config.default.js",
    "start": 1534758303688,
    "end": 1534758303688,
    "duration": 0,
    "pid": 13432,
    "index": 11
  },
  {
    "name": "Require(9) node_modules/.3.3.0@egg-schedule/config/config.default.js",
    "start": 1534758303689,
    "end": 1534758303689,
    "duration": 0,
    "pid": 13432,
    "index": 12
  },
  {
    "name": "Require(10) node_modules/.3.0.3@egg-logrotator/config/config.default.js",
    "start": 1534758303689,
    "end": 1534758303689,
    "duration": 0,
    "pid": 13432,
    "index": 13
  },
  {
    "name": "Require(11) node_modules/.2.1.1@egg-static/config/config.default.js",
    "start": 1534758303690,
    "end": 1534758303690,
    "duration": 0,
    "pid": 13432,
    "index": 14
  },
  {
    "name": "Require(12) node_modules/.2.1.0@egg-view/config/config.default.js",
    "start": 1534758303690,
    "end": 1534758303690,
    "duration": 0,
    "pid": 13432,
    "index": 15
  },
  {
    "name": "Require(13) node_modules/.3.1.0@egg-mongoose/config/config.default.js",
    "start": 1534758303691,
    "end": 1534758303691,
    "duration": 0,
    "pid": 13432,
    "index": 16
  },
  {
    "name": "Require(14) node_modules/.2.1.0@egg-cors/config/config.default.js",
    "start": 1534758303691,
    "end": 1534758303692,
    "duration": 1,
    "pid": 13432,
    "index": 17
  },
  {
    "name": "Require(15) node_modules/.2.2.0@egg-view-nunjucks/config/config.default.js",
    "start": 1534758303692,
    "end": 1534758303692,
    "duration": 0,
    "pid": 13432,
    "index": 18
  },
  {
    "name": "Require(16) node_modules/.2.9.1@egg/config/config.default.js",
    "start": 1534758303692,
    "end": 1534758303693,
    "duration": 1,
    "pid": 13432,
    "index": 19
  },
  {
    "name": "Require(17) config/config.default.js",
    "start": 1534758303695,
    "end": 1534758303695,
    "duration": 0,
    "pid": 13432,
    "index": 20
  },
  {
    "name": "Require(18) node_modules/.2.2.3@egg-security/config/config.local.js",
    "start": 1534758303696,
    "end": 1534758303696,
    "duration": 0,
    "pid": 13432,
    "index": 21
  },
  {
    "name": "Require(19) node_modules/.3.0.0@egg-watcher/config/config.local.js",
    "start": 1534758303697,
    "end": 1534758303697,
    "duration": 0,
    "pid": 13432,
    "index": 22
  },
  {
    "name": "Require(20) node_modules/.2.1.0@egg-view/config/config.local.js",
    "start": 1534758303697,
    "end": 1534758303698,
    "duration": 1,
    "pid": 13432,
    "index": 23
  },
  {
    "name": "Require(21) node_modules/.2.2.0@egg-view-nunjucks/config/config.local.js",
    "start": 1534758303698,
    "end": 1534758303698,
    "duration": 0,
    "pid": 13432,
    "index": 24
  },
  {
    "name": "Require(22) node_modules/.2.9.1@egg/config/config.local.js",
    "start": 1534758303699,
    "end": 1534758303699,
    "duration": 0,
    "pid": 13432,
    "index": 25
  },
  {
    "name": "Load extend/application.js",
    "start": 1534758303700,
    "end": 1534758303753,
    "duration": 53,
    "pid": 13432,
    "index": 26
  },
  {
    "name": "Require(23) node_modules/.3.1.0@egg-session/app/extend/application.js",
    "start": 1534758303700,
    "end": 1534758303701,
    "duration": 1,
    "pid": 13432,
    "index": 27
  },
  {
    "name": "Require(24) node_modules/.2.2.3@egg-security/app/extend/application.js",
    "start": 1534758303701,
    "end": 1534758303702,
    "duration": 1,
    "pid": 13432,
    "index": 28
  },
  {
    "name": "Require(25) node_modules/.2.0.0@egg-jsonp/app/extend/application.js",
    "start": 1534758303702,
    "end": 1534758303704,
    "duration": 2,
    "pid": 13432,
    "index": 29
  },
  {
    "name": "Require(26) node_modules/.3.0.3@egg-logrotator/app/extend/application.js",
    "start": 1534758303704,
    "end": 1534758303706,
    "duration": 2,
    "pid": 13432,
    "index": 30
  },
  {
    "name": "Require(27) node_modules/.2.1.0@egg-view/app/extend/application.js",
    "start": 1534758303707,
    "end": 1534758303708,
    "duration": 1,
    "pid": 13432,
    "index": 31
  },
  {
    "name": "Require(28) node_modules/.2.2.0@egg-view-nunjucks/app/extend/application.js",
    "start": 1534758303708,
    "end": 1534758303751,
    "duration": 43,
    "pid": 13432,
    "index": 32
  },
  {
    "name": "Load extend/request.js",
    "start": 1534758303753,
    "end": 1534758303758,
    "duration": 5,
    "pid": 13432,
    "index": 33
  },
  {
    "name": "Require(29) node_modules/.2.9.1@egg/app/extend/request.js",
    "start": 1534758303755,
    "end": 1534758303756,
    "duration": 1,
    "pid": 13432,
    "index": 34
  },
  {
    "name": "Load extend/response.js",
    "start": 1534758303758,
    "end": 1534758303763,
    "duration": 5,
    "pid": 13432,
    "index": 35
  },
  {
    "name": "Require(30) node_modules/.2.9.1@egg/app/extend/response.js",
    "start": 1534758303760,
    "end": 1534758303761,
    "duration": 1,
    "pid": 13432,
    "index": 36
  },
  {
    "name": "Load extend/context.js",
    "start": 1534758303763,
    "end": 1534758303823,
    "duration": 60,
    "pid": 13432,
    "index": 37
  },
  {
    "name": "Require(31) node_modules/.2.2.3@egg-security/app/extend/context.js",
    "start": 1534758303763,
    "end": 1534758303775,
    "duration": 12,
    "pid": 13432,
    "index": 38
  },
  {
    "name": "Require(32) node_modules/.2.0.0@egg-jsonp/app/extend/context.js",
    "start": 1534758303775,
    "end": 1534758303777,
    "duration": 2,
    "pid": 13432,
    "index": 39
  },
  {
    "name": "Require(33) node_modules/.2.0.0@egg-i18n/app/extend/context.js",
    "start": 1534758303778,
    "end": 1534758303778,
    "duration": 0,
    "pid": 13432,
    "index": 40
  },
  {
    "name": "Require(34) node_modules/.2.0.0@egg-multipart/app/extend/context.js",
    "start": 1534758303778,
    "end": 1534758303814,
    "duration": 36,
    "pid": 13432,
    "index": 41
  },
  {
    "name": "Require(35) node_modules/.2.1.0@egg-view/app/extend/context.js",
    "start": 1534758303814,
    "end": 1534758303815,
    "duration": 1,
    "pid": 13432,
    "index": 42
  },
  {
    "name": "Require(36) node_modules/.1.0.0@egg-validate/app/extend/context.js",
    "start": 1534758303815,
    "end": 1534758303816,
    "duration": 1,
    "pid": 13432,
    "index": 43
  },
  {
    "name": "Require(37) node_modules/.3.1.0@egg-mongoose/app/extend/context.js",
    "start": 1534758303816,
    "end": 1534758303817,
    "duration": 1,
    "pid": 13432,
    "index": 44
  },
  {
    "name": "Require(38) node_modules/.2.9.1@egg/app/extend/context.js",
    "start": 1534758303817,
    "end": 1534758303821,
    "duration": 4,
    "pid": 13432,
    "index": 45
  },
  {
    "name": "Load extend/helper.js",
    "start": 1534758303823,
    "end": 1534758303837,
    "duration": 14,
    "pid": 13432,
    "index": 46
  },
  {
    "name": "Require(39) node_modules/.2.2.3@egg-security/app/extend/helper.js",
    "start": 1534758303823,
    "end": 1534758303834,
    "duration": 11,
    "pid": 13432,
    "index": 47
  },
  {
    "name": "Require(40) node_modules/.2.9.1@egg/app/extend/helper.js",
    "start": 1534758303835,
    "end": 1534758303835,
    "duration": 0,
    "pid": 13432,
    "index": 48
  },
  {
    "name": "Load app.js",
    "start": 1534758303837,
    "end": 1534758304616,
    "duration": 779,
    "pid": 13432,
    "index": 49
  },
  {
    "name": "Require(41) node_modules/.3.1.0@egg-session/app.js",
    "start": 1534758303837,
    "end": 1534758303837,
    "duration": 0,
    "pid": 13432,
    "index": 50
  },
  {
    "name": "Require(42) node_modules/.2.2.3@egg-security/app.js",
    "start": 1534758303837,
    "end": 1534758303838,
    "duration": 1,
    "pid": 13432,
    "index": 51
  },
  {
    "name": "Require(43) node_modules/.2.1.0@egg-onerror/app.js",
    "start": 1534758303839,
    "end": 1534758303845,
    "duration": 6,
    "pid": 13432,
    "index": 52
  },
  {
    "name": "Require(44) node_modules/.2.0.0@egg-i18n/app.js",
    "start": 1534758303846,
    "end": 1534758303851,
    "duration": 5,
    "pid": 13432,
    "index": 53
  },
  {
    "name": "Require(45) node_modules/.3.0.0@egg-watcher/app.js",
    "start": 1534758303853,
    "end": 1534758303855,
    "duration": 2,
    "pid": 13432,
    "index": 54
  },
  {
    "name": "Before Start in node_modules/.3.0.0@egg-watcher/app.js:15:7",
    "start": 1534758303862,
    "end": 1534758304999,
    "duration": 1137,
    "pid": 13432,
    "index": 55
  },
  {
    "name": "Require(46) node_modules/.2.0.0@egg-multipart/app.js",
    "start": 1534758303862,
    "end": 1534758303864,
    "duration": 2,
    "pid": 13432,
    "index": 56
  },
  {
    "name": "Require(47) node_modules/.2.3.1@egg-development/app.js",
    "start": 1534758303865,
    "end": 1534758303866,
    "duration": 1,
    "pid": 13432,
    "index": 57
  },
  {
    "name": "Before Start in node_modules/.2.3.1@egg-development/app.js:12:7",
    "start": 1534758303866,
    "end": 1534758304999,
    "duration": 1133,
    "pid": 13432,
    "index": 58
  },
  {
    "name": "Require(48) node_modules/.3.3.0@egg-schedule/app.js",
    "start": 1534758303867,
    "end": 1534758303868,
    "duration": 1,
    "pid": 13432,
    "index": 59
  },
  {
    "name": "Require(49) node_modules/.3.0.3@egg-logrotator/app.js",
    "start": 1534758303894,
    "end": 1534758303895,
    "duration": 1,
    "pid": 13432,
    "index": 60
  },
  {
    "name": "Require(50) node_modules/.2.1.1@egg-static/app.js",
    "start": 1534758303895,
    "end": 1534758303895,
    "duration": 0,
    "pid": 13432,
    "index": 61
  },
  {
    "name": "Require(51) node_modules/.1.0.0@egg-validate/app.js",
    "start": 1534758303895,
    "end": 1534758303897,
    "duration": 2,
    "pid": 13432,
    "index": 62
  },
  {
    "name": "Require(52) node_modules/.3.1.0@egg-mongoose/app.js",
    "start": 1534758303897,
    "end": 1534758303897,
    "duration": 0,
    "pid": 13432,
    "index": 63
  },
  {
    "name": "Before Start in node_modules/.3.1.0@egg-mongoose/lib/mongoose.js:77:7",
    "start": 1534758304614,
    "end": 1534758306013,
    "duration": 1399,
    "pid": 13432,
    "index": 64
  },
  {
    "name": "Before Start in node_modules/.3.1.0@egg-mongoose/lib/mongoose.js:42:9",
    "start": 1534758304614,
    "end": 1534758304953,
    "duration": 339,
    "pid": 13432,
    "index": 65
  },
  {
    "name": "Require(53) node_modules/.2.1.0@egg-cors/app.js",
    "start": 1534758304614,
    "end": 1534758304614,
    "duration": 0,
    "pid": 13432,
    "index": 66
  },
  {
    "name": "Require(54) node_modules/.2.2.0@egg-view-nunjucks/app.js",
    "start": 1534758304615,
    "end": 1534758304615,
    "duration": 0,
    "pid": 13432,
    "index": 67
  },
  {
    "name": "Load Service",
    "start": 1534758304616,
    "end": 1534758304863,
    "duration": 247,
    "pid": 13432,
    "index": 68
  },
  {
    "name": "Load \"service\" to Context",
    "start": 1534758304616,
    "end": 1534758304863,
    "duration": 247,
    "pid": 13432,
    "index": 69
  },
  {
    "name": "Load Middleware",
    "start": 1534758304863,
    "end": 1534758304921,
    "duration": 58,
    "pid": 13432,
    "index": 70
  },
  {
    "name": "Load \"middlewares\" to Application",
    "start": 1534758304863,
    "end": 1534758304914,
    "duration": 51,
    "pid": 13432,
    "index": 71
  },
  {
    "name": "Load Controller",
    "start": 1534758304922,
    "end": 1534758304926,
    "duration": 4,
    "pid": 13432,
    "index": 72
  },
  {
    "name": "Load \"controller\" to Application",
    "start": 1534758304922,
    "end": 1534758304926,
    "duration": 4,
    "pid": 13432,
    "index": 73
  },
  {
    "name": "Load Router",
    "start": 1534758304927,
    "end": 1534758304928,
    "duration": 1,
    "pid": 13432,
    "index": 74
  },
  {
    "name": "Require(55) app/router.js",
    "start": 1534758304927,
    "end": 1534758304927,
    "duration": 0,
    "pid": 13432,
    "index": 75
  },
  {
    "name": "Before Start in node_modules/.4.9.1@egg-core/lib/egg.js:328:10",
    "start": 1534758304927,
    "end": 1534758304953,
    "duration": 26,
    "pid": 13432,
    "index": 76
  },
  {
    "name": "Load \"model\" to Application",
    "start": 1534758304938,
    "end": 1534758304952,
    "duration": 14,
    "pid": 13432,
    "index": 77
  }
]