[
  {
    "name": "Application Start",
    "start": 1534753211261,
    "end": 1534753213656,
    "duration": 2395,
    "pid": 13748,
    "index": 0
  },
  {
    "name": "Load Plugin",
    "start": 1534753211264,
    "end": 1534753211282,
    "duration": 18,
    "pid": 13748,
    "index": 1
  },
  {
    "name": "Load Config",
    "start": 1534753211282,
    "end": 1534753211302,
    "duration": 20,
    "pid": 13748,
    "index": 2
  },
  {
    "name": "Require(0) config/config.default.js",
    "start": 1534753211283,
    "end": 1534753211283,
    "duration": 0,
    "pid": 13748,
    "index": 3
  },
  {
    "name": "Require(1) node_modules/.3.1.0@egg-session/config/config.default.js",
    "start": 1534753211285,
    "end": 1534753211285,
    "duration": 0,
    "pid": 13748,
    "index": 4
  },
  {
    "name": "Require(2) node_modules/.2.2.3@egg-security/config/config.default.js",
    "start": 1534753211285,
    "end": 1534753211285,
    "duration": 0,
    "pid": 13748,
    "index": 5
  },
  {
    "name": "Require(3) node_modules/.2.0.0@egg-jsonp/config/config.default.js",
    "start": 1534753211286,
    "end": 1534753211286,
    "duration": 0,
    "pid": 13748,
    "index": 6
  },
  {
    "name": "Require(4) node_modules/.2.1.0@egg-onerror/config/config.default.js",
    "start": 1534753211287,
    "end": 1534753211287,
    "duration": 0,
    "pid": 13748,
    "index": 7
  },
  {
    "name": "Require(5) node_modules/.2.0.0@egg-i18n/config/config.default.js",
    "start": 1534753211287,
    "end": 1534753211287,
    "duration": 0,
    "pid": 13748,
    "index": 8
  },
  {
    "name": "Require(6) node_modules/.3.0.0@egg-watcher/config/config.default.js",
    "start": 1534753211288,
    "end": 1534753211288,
    "duration": 0,
    "pid": 13748,
    "index": 9
  },
  {
    "name": "Require(7) node_modules/.2.0.0@egg-multipart/config/config.default.js",
    "start": 1534753211288,
    "end": 1534753211289,
    "duration": 1,
    "pid": 13748,
    "index": 10
  },
  {
    "name": "Require(8) node_modules/.2.3.1@egg-development/config/config.default.js",
    "start": 1534753211289,
    "end": 1534753211290,
    "duration": 1,
    "pid": 13748,
    "index": 11
  },
  {
    "name": "Require(9) node_modules/.3.3.0@egg-schedule/config/config.default.js",
    "start": 1534753211290,
    "end": 1534753211290,
    "duration": 0,
    "pid": 13748,
    "index": 12
  },
  {
    "name": "Require(10) node_modules/.3.0.3@egg-logrotator/config/config.default.js",
    "start": 1534753211291,
    "end": 1534753211291,
    "duration": 0,
    "pid": 13748,
    "index": 13
  },
  {
    "name": "Require(11) node_modules/.2.1.1@egg-static/config/config.default.js",
    "start": 1534753211291,
    "end": 1534753211291,
    "duration": 0,
    "pid": 13748,
    "index": 14
  },
  {
    "name": "Require(12) node_modules/.2.1.0@egg-view/config/config.default.js",
    "start": 1534753211292,
    "end": 1534753211292,
    "duration": 0,
    "pid": 13748,
    "index": 15
  },
  {
    "name": "Require(13) node_modules/.3.1.0@egg-mongoose/config/config.default.js",
    "start": 1534753211293,
    "end": 1534753211293,
    "duration": 0,
    "pid": 13748,
    "index": 16
  },
  {
    "name": "Require(14) node_modules/.2.1.0@egg-cors/config/config.default.js",
    "start": 1534753211293,
    "end": 1534753211294,
    "duration": 1,
    "pid": 13748,
    "index": 17
  },
  {
    "name": "Require(15) node_modules/.2.2.0@egg-view-nunjucks/config/config.default.js",
    "start": 1534753211294,
    "end": 1534753211296,
    "duration": 2,
    "pid": 13748,
    "index": 18
  },
  {
    "name": "Require(16) node_modules/.2.9.1@egg/config/config.default.js",
    "start": 1534753211296,
    "end": 1534753211297,
    "duration": 1,
    "pid": 13748,
    "index": 19
  },
  {
    "name": "Require(17) config/config.default.js",
    "start": 1534753211298,
    "end": 1534753211298,
    "duration": 0,
    "pid": 13748,
    "index": 20
  },
  {
    "name": "Require(18) node_modules/.2.2.3@egg-security/config/config.local.js",
    "start": 1534753211299,
    "end": 1534753211299,
    "duration": 0,
    "pid": 13748,
    "index": 21
  },
  {
    "name": "Require(19) node_modules/.3.0.0@egg-watcher/config/config.local.js",
    "start": 1534753211299,
    "end": 1534753211300,
    "duration": 1,
    "pid": 13748,
    "index": 22
  },
  {
    "name": "Require(20) node_modules/.2.1.0@egg-view/config/config.local.js",
    "start": 1534753211300,
    "end": 1534753211301,
    "duration": 1,
    "pid": 13748,
    "index": 23
  },
  {
    "name": "Require(21) node_modules/.2.2.0@egg-view-nunjucks/config/config.local.js",
    "start": 1534753211301,
    "end": 1534753211301,
    "duration": 0,
    "pid": 13748,
    "index": 24
  },
  {
    "name": "Require(22) node_modules/.2.9.1@egg/config/config.local.js",
    "start": 1534753211302,
    "end": 1534753211302,
    "duration": 0,
    "pid": 13748,
    "index": 25
  },
  {
    "name": "Load extend/application.js",
    "start": 1534753211303,
    "end": 1534753211360,
    "duration": 57,
    "pid": 13748,
    "index": 26
  },
  {
    "name": "Require(23) node_modules/.3.1.0@egg-session/app/extend/application.js",
    "start": 1534753211303,
    "end": 1534753211303,
    "duration": 0,
    "pid": 13748,
    "index": 27
  },
  {
    "name": "Require(24) node_modules/.2.2.3@egg-security/app/extend/application.js",
    "start": 1534753211304,
    "end": 1534753211304,
    "duration": 0,
    "pid": 13748,
    "index": 28
  },
  {
    "name": "Require(25) node_modules/.2.0.0@egg-jsonp/app/extend/application.js",
    "start": 1534753211305,
    "end": 1534753211307,
    "duration": 2,
    "pid": 13748,
    "index": 29
  },
  {
    "name": "Require(26) node_modules/.3.0.3@egg-logrotator/app/extend/application.js",
    "start": 1534753211307,
    "end": 1534753211309,
    "duration": 2,
    "pid": 13748,
    "index": 30
  },
  {
    "name": "Require(27) node_modules/.2.1.0@egg-view/app/extend/application.js",
    "start": 1534753211310,
    "end": 1534753211311,
    "duration": 1,
    "pid": 13748,
    "index": 31
  },
  {
    "name": "Require(28) node_modules/.2.2.0@egg-view-nunjucks/app/extend/application.js",
    "start": 1534753211311,
    "end": 1534753211358,
    "duration": 47,
    "pid": 13748,
    "index": 32
  },
  {
    "name": "Load extend/request.js",
    "start": 1534753211360,
    "end": 1534753211365,
    "duration": 5,
    "pid": 13748,
    "index": 33
  },
  {
    "name": "Require(29) node_modules/.2.9.1@egg/app/extend/request.js",
    "start": 1534753211362,
    "end": 1534753211363,
    "duration": 1,
    "pid": 13748,
    "index": 34
  },
  {
    "name": "Load extend/response.js",
    "start": 1534753211365,
    "end": 1534753211370,
    "duration": 5,
    "pid": 13748,
    "index": 35
  },
  {
    "name": "Require(30) node_modules/.2.9.1@egg/app/extend/response.js",
    "start": 1534753211367,
    "end": 1534753211369,
    "duration": 2,
    "pid": 13748,
    "index": 36
  },
  {
    "name": "Load extend/context.js",
    "start": 1534753211370,
    "end": 1534753211426,
    "duration": 56,
    "pid": 13748,
    "index": 37
  },
  {
    "name": "Require(31) node_modules/.2.2.3@egg-security/app/extend/context.js",
    "start": 1534753211371,
    "end": 1534753211379,
    "duration": 8,
    "pid": 13748,
    "index": 38
  },
  {
    "name": "Require(32) node_modules/.2.0.0@egg-jsonp/app/extend/context.js",
    "start": 1534753211379,
    "end": 1534753211380,
    "duration": 1,
    "pid": 13748,
    "index": 39
  },
  {
    "name": "Require(33) node_modules/.2.0.0@egg-i18n/app/extend/context.js",
    "start": 1534753211381,
    "end": 1534753211381,
    "duration": 0,
    "pid": 13748,
    "index": 40
  },
  {
    "name": "Require(34) node_modules/.2.0.0@egg-multipart/app/extend/context.js",
    "start": 1534753211381,
    "end": 1534753211416,
    "duration": 35,
    "pid": 13748,
    "index": 41
  },
  {
    "name": "Require(35) node_modules/.2.1.0@egg-view/app/extend/context.js",
    "start": 1534753211417,
    "end": 1534753211418,
    "duration": 1,
    "pid": 13748,
    "index": 42
  },
  {
    "name": "Require(36) node_modules/.1.0.0@egg-validate/app/extend/context.js",
    "start": 1534753211418,
    "end": 1534753211418,
    "duration": 0,
    "pid": 13748,
    "index": 43
  },
  {
    "name": "Require(37) node_modules/.3.1.0@egg-mongoose/app/extend/context.js",
    "start": 1534753211418,
    "end": 1534753211419,
    "duration": 1,
    "pid": 13748,
    "index": 44
  },
  {
    "name": "Require(38) node_modules/.2.9.1@egg/app/extend/context.js",
    "start": 1534753211419,
    "end": 1534753211421,
    "duration": 2,
    "pid": 13748,
    "index": 45
  },
  {
    "name": "Load extend/helper.js",
    "start": 1534753211426,
    "end": 1534753211441,
    "duration": 15,
    "pid": 13748,
    "index": 46
  },
  {
    "name": "Require(39) node_modules/.2.2.3@egg-security/app/extend/helper.js",
    "start": 1534753211426,
    "end": 1534753211437,
    "duration": 11,
    "pid": 13748,
    "index": 47
  },
  {
    "name": "Require(40) node_modules/.2.9.1@egg/app/extend/helper.js",
    "start": 1534753211439,
    "end": 1534753211439,
    "duration": 0,
    "pid": 13748,
    "index": 48
  },
  {
    "name": "Load app.js",
    "start": 1534753211441,
    "end": 1534753212272,
    "duration": 831,
    "pid": 13748,
    "index": 49
  },
  {
    "name": "Require(41) node_modules/.3.1.0@egg-session/app.js",
    "start": 1534753211441,
    "end": 1534753211441,
    "duration": 0,
    "pid": 13748,
    "index": 50
  },
  {
    "name": "Require(42) node_modules/.2.2.3@egg-security/app.js",
    "start": 1534753211441,
    "end": 1534753211443,
    "duration": 2,
    "pid": 13748,
    "index": 51
  },
  {
    "name": "Require(43) node_modules/.2.1.0@egg-onerror/app.js",
    "start": 1534753211443,
    "end": 1534753211449,
    "duration": 6,
    "pid": 13748,
    "index": 52
  },
  {
    "name": "Require(44) node_modules/.2.0.0@egg-i18n/app.js",
    "start": 1534753211450,
    "end": 1534753211455,
    "duration": 5,
    "pid": 13748,
    "index": 53
  },
  {
    "name": "Require(45) node_modules/.3.0.0@egg-watcher/app.js",
    "start": 1534753211457,
    "end": 1534753211460,
    "duration": 3,
    "pid": 13748,
    "index": 54
  },
  {
    "name": "Before Start in node_modules/.3.0.0@egg-watcher/app.js:15:7",
    "start": 1534753211466,
    "end": 1534753212650,
    "duration": 1184,
    "pid": 13748,
    "index": 55
  },
  {
    "name": "Require(46) node_modules/.2.0.0@egg-multipart/app.js",
    "start": 1534753211467,
    "end": 1534753211469,
    "duration": 2,
    "pid": 13748,
    "index": 56
  },
  {
    "name": "Require(47) node_modules/.2.3.1@egg-development/app.js",
    "start": 1534753211469,
    "end": 1534753211471,
    "duration": 2,
    "pid": 13748,
    "index": 57
  },
  {
    "name": "Before Start in node_modules/.2.3.1@egg-development/app.js:12:7",
    "start": 1534753211471,
    "end": 1534753212650,
    "duration": 1179,
    "pid": 13748,
    "index": 58
  },
  {
    "name": "Require(48) node_modules/.3.3.0@egg-schedule/app.js",
    "start": 1534753211471,
    "end": 1534753211474,
    "duration": 3,
    "pid": 13748,
    "index": 59
  },
  {
    "name": "Require(49) node_modules/.3.0.3@egg-logrotator/app.js",
    "start": 1534753211500,
    "end": 1534753211500,
    "duration": 0,
    "pid": 13748,
    "index": 60
  },
  {
    "name": "Require(50) node_modules/.2.1.1@egg-static/app.js",
    "start": 1534753211500,
    "end": 1534753211500,
    "duration": 0,
    "pid": 13748,
    "index": 61
  },
  {
    "name": "Require(51) node_modules/.1.0.0@egg-validate/app.js",
    "start": 1534753211501,
    "end": 1534753211502,
    "duration": 1,
    "pid": 13748,
    "index": 62
  },
  {
    "name": "Require(52) node_modules/.3.1.0@egg-mongoose/app.js",
    "start": 1534753211503,
    "end": 1534753211503,
    "duration": 0,
    "pid": 13748,
    "index": 63
  },
  {
    "name": "Before Start in node_modules/.3.1.0@egg-mongoose/lib/mongoose.js:77:7",
    "start": 1534753212270,
    "end": 1534753213656,
    "duration": 1386,
    "pid": 13748,
    "index": 64
  },
  {
    "name": "Before Start in node_modules/.3.1.0@egg-mongoose/lib/mongoose.js:42:9",
    "start": 1534753212270,
    "end": 1534753212605,
    "duration": 335,
    "pid": 13748,
    "index": 65
  },
  {
    "name": "Require(53) node_modules/.2.1.0@egg-cors/app.js",
    "start": 1534753212270,
    "end": 1534753212271,
    "duration": 1,
    "pid": 13748,
    "index": 66
  },
  {
    "name": "Require(54) node_modules/.2.2.0@egg-view-nunjucks/app.js",
    "start": 1534753212271,
    "end": 1534753212271,
    "duration": 0,
    "pid": 13748,
    "index": 67
  },
  {
    "name": "Load Service",
    "start": 1534753212273,
    "end": 1534753212518,
    "duration": 245,
    "pid": 13748,
    "index": 68
  },
  {
    "name": "Load \"service\" to Context",
    "start": 1534753212273,
    "end": 1534753212518,
    "duration": 245,
    "pid": 13748,
    "index": 69
  },
  {
    "name": "Load Middleware",
    "start": 1534753212518,
    "end": 1534753212575,
    "duration": 57,
    "pid": 13748,
    "index": 70
  },
  {
    "name": "Load \"middlewares\" to Application",
    "start": 1534753212518,
    "end": 1534753212567,
    "duration": 49,
    "pid": 13748,
    "index": 71
  },
  {
    "name": "Load Controller",
    "start": 1534753212575,
    "end": 1534753212580,
    "duration": 5,
    "pid": 13748,
    "index": 72
  },
  {
    "name": "Load \"controller\" to Application",
    "start": 1534753212575,
    "end": 1534753212580,
    "duration": 5,
    "pid": 13748,
    "index": 73
  },
  {
    "name": "Load Router",
    "start": 1534753212580,
    "end": 1534753212581,
    "duration": 1,
    "pid": 13748,
    "index": 74
  },
  {
    "name": "Require(55) app/router.js",
    "start": 1534753212580,
    "end": 1534753212580,
    "duration": 0,
    "pid": 13748,
    "index": 75
  },
  {
    "name": "Before Start in node_modules/.4.9.1@egg-core/lib/egg.js:328:10",
    "start": 1534753212580,
    "end": 1534753212605,
    "duration": 25,
    "pid": 13748,
    "index": 76
  },
  {
    "name": "Load \"model\" to Application",
    "start": 1534753212591,
    "end": 1534753212604,
    "duration": 13,
    "pid": 13748,
    "index": 77
  }
]