[
  {
    "name": "Application Start",
    "start": 1534758466603,
    "end": 1534758469048,
    "duration": 2445,
    "pid": 13176,
    "index": 0
  },
  {
    "name": "Load Plugin",
    "start": 1534758466607,
    "end": 1534758466624,
    "duration": 17,
    "pid": 13176,
    "index": 1
  },
  {
    "name": "Load Config",
    "start": 1534758466624,
    "end": 1534758466643,
    "duration": 19,
    "pid": 13176,
    "index": 2
  },
  {
    "name": "Require(0) config/config.default.js",
    "start": 1534758466625,
    "end": 1534758466625,
    "duration": 0,
    "pid": 13176,
    "index": 3
  },
  {
    "name": "Require(1) node_modules/.3.1.0@egg-session/config/config.default.js",
    "start": 1534758466626,
    "end": 1534758466627,
    "duration": 1,
    "pid": 13176,
    "index": 4
  },
  {
    "name": "Require(2) node_modules/.2.2.3@egg-security/config/config.default.js",
    "start": 1534758466627,
    "end": 1534758466627,
    "duration": 0,
    "pid": 13176,
    "index": 5
  },
  {
    "name": "Require(3) node_modules/.2.0.0@egg-jsonp/config/config.default.js",
    "start": 1534758466628,
    "end": 1534758466628,
    "duration": 0,
    "pid": 13176,
    "index": 6
  },
  {
    "name": "Require(4) node_modules/.2.1.0@egg-onerror/config/config.default.js",
    "start": 1534758466628,
    "end": 1534758466629,
    "duration": 1,
    "pid": 13176,
    "index": 7
  },
  {
    "name": "Require(5) node_modules/.2.0.0@egg-i18n/config/config.default.js",
    "start": 1534758466629,
    "end": 1534758466629,
    "duration": 0,
    "pid": 13176,
    "index": 8
  },
  {
    "name": "Require(6) node_modules/.3.0.0@egg-watcher/config/config.default.js",
    "start": 1534758466630,
    "end": 1534758466630,
    "duration": 0,
    "pid": 13176,
    "index": 9
  },
  {
    "name": "Require(7) node_modules/.2.0.0@egg-multipart/config/config.default.js",
    "start": 1534758466630,
    "end": 1534758466631,
    "duration": 1,
    "pid": 13176,
    "index": 10
  },
  {
    "name": "Require(8) node_modules/.2.3.1@egg-development/config/config.default.js",
    "start": 1534758466631,
    "end": 1534758466631,
    "duration": 0,
    "pid": 13176,
    "index": 11
  },
  {
    "name": "Require(9) node_modules/.3.3.0@egg-schedule/config/config.default.js",
    "start": 1534758466631,
    "end": 1534758466632,
    "duration": 1,
    "pid": 13176,
    "index": 12
  },
  {
    "name": "Require(10) node_modules/.3.0.3@egg-logrotator/config/config.default.js",
    "start": 1534758466632,
    "end": 1534758466632,
    "duration": 0,
    "pid": 13176,
    "index": 13
  },
  {
    "name": "Require(11) node_modules/.2.1.1@egg-static/config/config.default.js",
    "start": 1534758466633,
    "end": 1534758466633,
    "duration": 0,
    "pid": 13176,
    "index": 14
  },
  {
    "name": "Require(12) node_modules/.2.1.0@egg-view/config/config.default.js",
    "start": 1534758466633,
    "end": 1534758466634,
    "duration": 1,
    "pid": 13176,
    "index": 15
  },
  {
    "name": "Require(13) node_modules/.3.1.0@egg-mongoose/config/config.default.js",
    "start": 1534758466634,
    "end": 1534758466634,
    "duration": 0,
    "pid": 13176,
    "index": 16
  },
  {
    "name": "Require(14) node_modules/.2.1.0@egg-cors/config/config.default.js",
    "start": 1534758466635,
    "end": 1534758466635,
    "duration": 0,
    "pid": 13176,
    "index": 17
  },
  {
    "name": "Require(15) node_modules/.2.2.0@egg-view-nunjucks/config/config.default.js",
    "start": 1534758466635,
    "end": 1534758466635,
    "duration": 0,
    "pid": 13176,
    "index": 18
  },
  {
    "name": "Require(16) node_modules/.2.9.1@egg/config/config.default.js",
    "start": 1534758466636,
    "end": 1534758466638,
    "duration": 2,
    "pid": 13176,
    "index": 19
  },
  {
    "name": "Require(17) config/config.default.js",
    "start": 1534758466639,
    "end": 1534758466639,
    "duration": 0,
    "pid": 13176,
    "index": 20
  },
  {
    "name": "Require(18) node_modules/.2.2.3@egg-security/config/config.local.js",
    "start": 1534758466640,
    "end": 1534758466640,
    "duration": 0,
    "pid": 13176,
    "index": 21
  },
  {
    "name": "Require(19) node_modules/.3.0.0@egg-watcher/config/config.local.js",
    "start": 1534758466640,
    "end": 1534758466641,
    "duration": 1,
    "pid": 13176,
    "index": 22
  },
  {
    "name": "Require(20) node_modules/.2.1.0@egg-view/config/config.local.js",
    "start": 1534758466641,
    "end": 1534758466641,
    "duration": 0,
    "pid": 13176,
    "index": 23
  },
  {
    "name": "Require(21) node_modules/.2.2.0@egg-view-nunjucks/config/config.local.js",
    "start": 1534758466642,
    "end": 1534758466642,
    "duration": 0,
    "pid": 13176,
    "index": 24
  },
  {
    "name": "Require(22) node_modules/.2.9.1@egg/config/config.local.js",
    "start": 1534758466643,
    "end": 1534758466643,
    "duration": 0,
    "pid": 13176,
    "index": 25
  },
  {
    "name": "Load extend/application.js",
    "start": 1534758466645,
    "end": 1534758466705,
    "duration": 60,
    "pid": 13176,
    "index": 26
  },
  {
    "name": "Require(23) node_modules/.3.1.0@egg-session/app/extend/application.js",
    "start": 1534758466646,
    "end": 1534758466646,
    "duration": 0,
    "pid": 13176,
    "index": 27
  },
  {
    "name": "Require(24) node_modules/.2.2.3@egg-security/app/extend/application.js",
    "start": 1534758466646,
    "end": 1534758466647,
    "duration": 1,
    "pid": 13176,
    "index": 28
  },
  {
    "name": "Require(25) node_modules/.2.0.0@egg-jsonp/app/extend/application.js",
    "start": 1534758466647,
    "end": 1534758466649,
    "duration": 2,
    "pid": 13176,
    "index": 29
  },
  {
    "name": "Require(26) node_modules/.3.0.3@egg-logrotator/app/extend/application.js",
    "start": 1534758466650,
    "end": 1534758466653,
    "duration": 3,
    "pid": 13176,
    "index": 30
  },
  {
    "name": "Require(27) node_modules/.2.1.0@egg-view/app/extend/application.js",
    "start": 1534758466653,
    "end": 1534758466655,
    "duration": 2,
    "pid": 13176,
    "index": 31
  },
  {
    "name": "Require(28) node_modules/.2.2.0@egg-view-nunjucks/app/extend/application.js",
    "start": 1534758466655,
    "end": 1534758466703,
    "duration": 48,
    "pid": 13176,
    "index": 32
  },
  {
    "name": "Load extend/request.js",
    "start": 1534758466705,
    "end": 1534758466712,
    "duration": 7,
    "pid": 13176,
    "index": 33
  },
  {
    "name": "Require(29) node_modules/.2.9.1@egg/app/extend/request.js",
    "start": 1534758466707,
    "end": 1534758466709,
    "duration": 2,
    "pid": 13176,
    "index": 34
  },
  {
    "name": "Load extend/response.js",
    "start": 1534758466712,
    "end": 1534758466717,
    "duration": 5,
    "pid": 13176,
    "index": 35
  },
  {
    "name": "Require(30) node_modules/.2.9.1@egg/app/extend/response.js",
    "start": 1534758466714,
    "end": 1534758466716,
    "duration": 2,
    "pid": 13176,
    "index": 36
  },
  {
    "name": "Load extend/context.js",
    "start": 1534758466718,
    "end": 1534758466777,
    "duration": 59,
    "pid": 13176,
    "index": 37
  },
  {
    "name": "Require(31) node_modules/.2.2.3@egg-security/app/extend/context.js",
    "start": 1534758466718,
    "end": 1534758466726,
    "duration": 8,
    "pid": 13176,
    "index": 38
  },
  {
    "name": "Require(32) node_modules/.2.0.0@egg-jsonp/app/extend/context.js",
    "start": 1534758466727,
    "end": 1534758466728,
    "duration": 1,
    "pid": 13176,
    "index": 39
  },
  {
    "name": "Require(33) node_modules/.2.0.0@egg-i18n/app/extend/context.js",
    "start": 1534758466728,
    "end": 1534758466729,
    "duration": 1,
    "pid": 13176,
    "index": 40
  },
  {
    "name": "Require(34) node_modules/.2.0.0@egg-multipart/app/extend/context.js",
    "start": 1534758466729,
    "end": 1534758466767,
    "duration": 38,
    "pid": 13176,
    "index": 41
  },
  {
    "name": "Require(35) node_modules/.2.1.0@egg-view/app/extend/context.js",
    "start": 1534758466767,
    "end": 1534758466768,
    "duration": 1,
    "pid": 13176,
    "index": 42
  },
  {
    "name": "Require(36) node_modules/.1.0.0@egg-validate/app/extend/context.js",
    "start": 1534758466768,
    "end": 1534758466769,
    "duration": 1,
    "pid": 13176,
    "index": 43
  },
  {
    "name": "Require(37) node_modules/.3.1.0@egg-mongoose/app/extend/context.js",
    "start": 1534758466769,
    "end": 1534758466769,
    "duration": 0,
    "pid": 13176,
    "index": 44
  },
  {
    "name": "Require(38) node_modules/.2.9.1@egg/app/extend/context.js",
    "start": 1534758466769,
    "end": 1534758466771,
    "duration": 2,
    "pid": 13176,
    "index": 45
  },
  {
    "name": "Load extend/helper.js",
    "start": 1534758466777,
    "end": 1534758466791,
    "duration": 14,
    "pid": 13176,
    "index": 46
  },
  {
    "name": "Require(39) node_modules/.2.2.3@egg-security/app/extend/helper.js",
    "start": 1534758466777,
    "end": 1534758466788,
    "duration": 11,
    "pid": 13176,
    "index": 47
  },
  {
    "name": "Require(40) node_modules/.2.9.1@egg/app/extend/helper.js",
    "start": 1534758466790,
    "end": 1534758466790,
    "duration": 0,
    "pid": 13176,
    "index": 48
  },
  {
    "name": "Load app.js",
    "start": 1534758466791,
    "end": 1534758467640,
    "duration": 849,
    "pid": 13176,
    "index": 49
  },
  {
    "name": "Require(41) node_modules/.3.1.0@egg-session/app.js",
    "start": 1534758466792,
    "end": 1534758466792,
    "duration": 0,
    "pid": 13176,
    "index": 50
  },
  {
    "name": "Require(42) node_modules/.2.2.3@egg-security/app.js",
    "start": 1534758466792,
    "end": 1534758466793,
    "duration": 1,
    "pid": 13176,
    "index": 51
  },
  {
    "name": "Require(43) node_modules/.2.1.0@egg-onerror/app.js",
    "start": 1534758466794,
    "end": 1534758466801,
    "duration": 7,
    "pid": 13176,
    "index": 52
  },
  {
    "name": "Require(44) node_modules/.2.0.0@egg-i18n/app.js",
    "start": 1534758466802,
    "end": 1534758466808,
    "duration": 6,
    "pid": 13176,
    "index": 53
  },
  {
    "name": "Require(45) node_modules/.3.0.0@egg-watcher/app.js",
    "start": 1534758466810,
    "end": 1534758466813,
    "duration": 3,
    "pid": 13176,
    "index": 54
  },
  {
    "name": "Before Start in node_modules/.3.0.0@egg-watcher/app.js:15:7",
    "start": 1534758466820,
    "end": 1534758468043,
    "duration": 1223,
    "pid": 13176,
    "index": 55
  },
  {
    "name": "Require(46) node_modules/.2.0.0@egg-multipart/app.js",
    "start": 1534758466820,
    "end": 1534758466823,
    "duration": 3,
    "pid": 13176,
    "index": 56
  },
  {
    "name": "Require(47) node_modules/.2.3.1@egg-development/app.js",
    "start": 1534758466823,
    "end": 1534758466824,
    "duration": 1,
    "pid": 13176,
    "index": 57
  },
  {
    "name": "Before Start in node_modules/.2.3.1@egg-development/app.js:12:7",
    "start": 1534758466824,
    "end": 1534758468043,
    "duration": 1219,
    "pid": 13176,
    "index": 58
  },
  {
    "name": "Require(48) node_modules/.3.3.0@egg-schedule/app.js",
    "start": 1534758466825,
    "end": 1534758466826,
    "duration": 1,
    "pid": 13176,
    "index": 59
  },
  {
    "name": "Require(49) node_modules/.3.0.3@egg-logrotator/app.js",
    "start": 1534758466856,
    "end": 1534758466856,
    "duration": 0,
    "pid": 13176,
    "index": 60
  },
  {
    "name": "Require(50) node_modules/.2.1.1@egg-static/app.js",
    "start": 1534758466857,
    "end": 1534758466857,
    "duration": 0,
    "pid": 13176,
    "index": 61
  },
  {
    "name": "Require(51) node_modules/.1.0.0@egg-validate/app.js",
    "start": 1534758466857,
    "end": 1534758466859,
    "duration": 2,
    "pid": 13176,
    "index": 62
  },
  {
    "name": "Require(52) node_modules/.3.1.0@egg-mongoose/app.js",
    "start": 1534758466859,
    "end": 1534758466859,
    "duration": 0,
    "pid": 13176,
    "index": 63
  },
  {
    "name": "Before Start in node_modules/.3.1.0@egg-mongoose/lib/mongoose.js:77:7",
    "start": 1534758467637,
    "end": 1534758469048,
    "duration": 1411,
    "pid": 13176,
    "index": 64
  },
  {
    "name": "Before Start in node_modules/.3.1.0@egg-mongoose/lib/mongoose.js:42:9",
    "start": 1534758467637,
    "end": 1534758468001,
    "duration": 364,
    "pid": 13176,
    "index": 65
  },
  {
    "name": "Require(53) node_modules/.2.1.0@egg-cors/app.js",
    "start": 1534758467638,
    "end": 1534758467638,
    "duration": 0,
    "pid": 13176,
    "index": 66
  },
  {
    "name": "Require(54) node_modules/.2.2.0@egg-view-nunjucks/app.js",
    "start": 1534758467638,
    "end": 1534758467638,
    "duration": 0,
    "pid": 13176,
    "index": 67
  },
  {
    "name": "Load Service",
    "start": 1534758467640,
    "end": 1534758467896,
    "duration": 256,
    "pid": 13176,
    "index": 68
  },
  {
    "name": "Load \"service\" to Context",
    "start": 1534758467640,
    "end": 1534758467896,
    "duration": 256,
    "pid": 13176,
    "index": 69
  },
  {
    "name": "Load Middleware",
    "start": 1534758467896,
    "end": 1534758467967,
    "duration": 71,
    "pid": 13176,
    "index": 70
  },
  {
    "name": "Load \"middlewares\" to Application",
    "start": 1534758467896,
    "end": 1534758467958,
    "duration": 62,
    "pid": 13176,
    "index": 71
  },
  {
    "name": "Load Controller",
    "start": 1534758467967,
    "end": 1534758467972,
    "duration": 5,
    "pid": 13176,
    "index": 72
  },
  {
    "name": "Load \"controller\" to Application",
    "start": 1534758467967,
    "end": 1534758467972,
    "duration": 5,
    "pid": 13176,
    "index": 73
  },
  {
    "name": "Load Router",
    "start": 1534758467972,
    "end": 1534758467975,
    "duration": 3,
    "pid": 13176,
    "index": 74
  },
  {
    "name": "Require(55) app/router.js",
    "start": 1534758467973,
    "end": 1534758467973,
    "duration": 0,
    "pid": 13176,
    "index": 75
  },
  {
    "name": "Before Start in node_modules/.4.9.1@egg-core/lib/egg.js:328:10",
    "start": 1534758467973,
    "end": 1534758468001,
    "duration": 28,
    "pid": 13176,
    "index": 76
  },
  {
    "name": "Load \"model\" to Application",
    "start": 1534758467985,
    "end": 1534758468000,
    "duration": 15,
    "pid": 13176,
    "index": 77
  }
]