[
  {
    "name": "Application Start",
    "start": 1534754273777,
    "end": 1534754276094,
    "duration": 2317,
    "pid": 9876,
    "index": 0
  },
  {
    "name": "Load Plugin",
    "start": 1534754273782,
    "end": 1534754273800,
    "duration": 18,
    "pid": 9876,
    "index": 1
  },
  {
    "name": "Load Config",
    "start": 1534754273800,
    "end": 1534754273819,
    "duration": 19,
    "pid": 9876,
    "index": 2
  },
  {
    "name": "Require(0) config/config.default.js",
    "start": 1534754273801,
    "end": 1534754273801,
    "duration": 0,
    "pid": 9876,
    "index": 3
  },
  {
    "name": "Require(1) node_modules/.3.1.0@egg-session/config/config.default.js",
    "start": 1534754273802,
    "end": 1534754273802,
    "duration": 0,
    "pid": 9876,
    "index": 4
  },
  {
    "name": "Require(2) node_modules/.2.2.3@egg-security/config/config.default.js",
    "start": 1534754273803,
    "end": 1534754273803,
    "duration": 0,
    "pid": 9876,
    "index": 5
  },
  {
    "name": "Require(3) node_modules/.2.0.0@egg-jsonp/config/config.default.js",
    "start": 1534754273804,
    "end": 1534754273804,
    "duration": 0,
    "pid": 9876,
    "index": 6
  },
  {
    "name": "Require(4) node_modules/.2.1.0@egg-onerror/config/config.default.js",
    "start": 1534754273804,
    "end": 1534754273804,
    "duration": 0,
    "pid": 9876,
    "index": 7
  },
  {
    "name": "Require(5) node_modules/.2.0.0@egg-i18n/config/config.default.js",
    "start": 1534754273805,
    "end": 1534754273805,
    "duration": 0,
    "pid": 9876,
    "index": 8
  },
  {
    "name": "Require(6) node_modules/.3.0.0@egg-watcher/config/config.default.js",
    "start": 1534754273805,
    "end": 1534754273806,
    "duration": 1,
    "pid": 9876,
    "index": 9
  },
  {
    "name": "Require(7) node_modules/.2.0.0@egg-multipart/config/config.default.js",
    "start": 1534754273806,
    "end": 1534754273806,
    "duration": 0,
    "pid": 9876,
    "index": 10
  },
  {
    "name": "Require(8) node_modules/.2.3.1@egg-development/config/config.default.js",
    "start": 1534754273807,
    "end": 1534754273807,
    "duration": 0,
    "pid": 9876,
    "index": 11
  },
  {
    "name": "Require(9) node_modules/.3.3.0@egg-schedule/config/config.default.js",
    "start": 1534754273807,
    "end": 1534754273807,
    "duration": 0,
    "pid": 9876,
    "index": 12
  },
  {
    "name": "Require(10) node_modules/.3.0.3@egg-logrotator/config/config.default.js",
    "start": 1534754273808,
    "end": 1534754273808,
    "duration": 0,
    "pid": 9876,
    "index": 13
  },
  {
    "name": "Require(11) node_modules/.2.1.1@egg-static/config/config.default.js",
    "start": 1534754273808,
    "end": 1534754273809,
    "duration": 1,
    "pid": 9876,
    "index": 14
  },
  {
    "name": "Require(12) node_modules/.2.1.0@egg-view/config/config.default.js",
    "start": 1534754273809,
    "end": 1534754273809,
    "duration": 0,
    "pid": 9876,
    "index": 15
  },
  {
    "name": "Require(13) node_modules/.3.1.0@egg-mongoose/config/config.default.js",
    "start": 1534754273810,
    "end": 1534754273810,
    "duration": 0,
    "pid": 9876,
    "index": 16
  },
  {
    "name": "Require(14) node_modules/.2.1.0@egg-cors/config/config.default.js",
    "start": 1534754273810,
    "end": 1534754273810,
    "duration": 0,
    "pid": 9876,
    "index": 17
  },
  {
    "name": "Require(15) node_modules/.2.2.0@egg-view-nunjucks/config/config.default.js",
    "start": 1534754273811,
    "end": 1534754273811,
    "duration": 0,
    "pid": 9876,
    "index": 18
  },
  {
    "name": "Require(16) node_modules/.2.9.1@egg/config/config.default.js",
    "start": 1534754273811,
    "end": 1534754273812,
    "duration": 1,
    "pid": 9876,
    "index": 19
  },
  {
    "name": "Require(17) config/config.default.js",
    "start": 1534754273815,
    "end": 1534754273815,
    "duration": 0,
    "pid": 9876,
    "index": 20
  },
  {
    "name": "Require(18) node_modules/.2.2.3@egg-security/config/config.local.js",
    "start": 1534754273816,
    "end": 1534754273816,
    "duration": 0,
    "pid": 9876,
    "index": 21
  },
  {
    "name": "Require(19) node_modules/.3.0.0@egg-watcher/config/config.local.js",
    "start": 1534754273817,
    "end": 1534754273817,
    "duration": 0,
    "pid": 9876,
    "index": 22
  },
  {
    "name": "Require(20) node_modules/.2.1.0@egg-view/config/config.local.js",
    "start": 1534754273818,
    "end": 1534754273818,
    "duration": 0,
    "pid": 9876,
    "index": 23
  },
  {
    "name": "Require(21) node_modules/.2.2.0@egg-view-nunjucks/config/config.local.js",
    "start": 1534754273818,
    "end": 1534754273819,
    "duration": 1,
    "pid": 9876,
    "index": 24
  },
  {
    "name": "Require(22) node_modules/.2.9.1@egg/config/config.local.js",
    "start": 1534754273819,
    "end": 1534754273819,
    "duration": 0,
    "pid": 9876,
    "index": 25
  },
  {
    "name": "Load extend/application.js",
    "start": 1534754273821,
    "end": 1534754273874,
    "duration": 53,
    "pid": 9876,
    "index": 26
  },
  {
    "name": "Require(23) node_modules/.3.1.0@egg-session/app/extend/application.js",
    "start": 1534754273821,
    "end": 1534754273822,
    "duration": 1,
    "pid": 9876,
    "index": 27
  },
  {
    "name": "Require(24) node_modules/.2.2.3@egg-security/app/extend/application.js",
    "start": 1534754273822,
    "end": 1534754273823,
    "duration": 1,
    "pid": 9876,
    "index": 28
  },
  {
    "name": "Require(25) node_modules/.2.0.0@egg-jsonp/app/extend/application.js",
    "start": 1534754273823,
    "end": 1534754273825,
    "duration": 2,
    "pid": 9876,
    "index": 29
  },
  {
    "name": "Require(26) node_modules/.3.0.3@egg-logrotator/app/extend/application.js",
    "start": 1534754273825,
    "end": 1534754273827,
    "duration": 2,
    "pid": 9876,
    "index": 30
  },
  {
    "name": "Require(27) node_modules/.2.1.0@egg-view/app/extend/application.js",
    "start": 1534754273828,
    "end": 1534754273829,
    "duration": 1,
    "pid": 9876,
    "index": 31
  },
  {
    "name": "Require(28) node_modules/.2.2.0@egg-view-nunjucks/app/extend/application.js",
    "start": 1534754273829,
    "end": 1534754273872,
    "duration": 43,
    "pid": 9876,
    "index": 32
  },
  {
    "name": "Load extend/request.js",
    "start": 1534754273874,
    "end": 1534754273880,
    "duration": 6,
    "pid": 9876,
    "index": 33
  },
  {
    "name": "Require(29) node_modules/.2.9.1@egg/app/extend/request.js",
    "start": 1534754273876,
    "end": 1534754273878,
    "duration": 2,
    "pid": 9876,
    "index": 34
  },
  {
    "name": "Load extend/response.js",
    "start": 1534754273880,
    "end": 1534754273887,
    "duration": 7,
    "pid": 9876,
    "index": 35
  },
  {
    "name": "Require(30) node_modules/.2.9.1@egg/app/extend/response.js",
    "start": 1534754273882,
    "end": 1534754273884,
    "duration": 2,
    "pid": 9876,
    "index": 36
  },
  {
    "name": "Load extend/context.js",
    "start": 1534754273887,
    "end": 1534754273942,
    "duration": 55,
    "pid": 9876,
    "index": 37
  },
  {
    "name": "Require(31) node_modules/.2.2.3@egg-security/app/extend/context.js",
    "start": 1534754273887,
    "end": 1534754273896,
    "duration": 9,
    "pid": 9876,
    "index": 38
  },
  {
    "name": "Require(32) node_modules/.2.0.0@egg-jsonp/app/extend/context.js",
    "start": 1534754273896,
    "end": 1534754273898,
    "duration": 2,
    "pid": 9876,
    "index": 39
  },
  {
    "name": "Require(33) node_modules/.2.0.0@egg-i18n/app/extend/context.js",
    "start": 1534754273898,
    "end": 1534754273898,
    "duration": 0,
    "pid": 9876,
    "index": 40
  },
  {
    "name": "Require(34) node_modules/.2.0.0@egg-multipart/app/extend/context.js",
    "start": 1534754273899,
    "end": 1534754273935,
    "duration": 36,
    "pid": 9876,
    "index": 41
  },
  {
    "name": "Require(35) node_modules/.2.1.0@egg-view/app/extend/context.js",
    "start": 1534754273936,
    "end": 1534754273937,
    "duration": 1,
    "pid": 9876,
    "index": 42
  },
  {
    "name": "Require(36) node_modules/.1.0.0@egg-validate/app/extend/context.js",
    "start": 1534754273937,
    "end": 1534754273937,
    "duration": 0,
    "pid": 9876,
    "index": 43
  },
  {
    "name": "Require(37) node_modules/.3.1.0@egg-mongoose/app/extend/context.js",
    "start": 1534754273938,
    "end": 1534754273939,
    "duration": 1,
    "pid": 9876,
    "index": 44
  },
  {
    "name": "Require(38) node_modules/.2.9.1@egg/app/extend/context.js",
    "start": 1534754273939,
    "end": 1534754273940,
    "duration": 1,
    "pid": 9876,
    "index": 45
  },
  {
    "name": "Load extend/helper.js",
    "start": 1534754273942,
    "end": 1534754273961,
    "duration": 19,
    "pid": 9876,
    "index": 46
  },
  {
    "name": "Require(39) node_modules/.2.2.3@egg-security/app/extend/helper.js",
    "start": 1534754273943,
    "end": 1534754273958,
    "duration": 15,
    "pid": 9876,
    "index": 47
  },
  {
    "name": "Require(40) node_modules/.2.9.1@egg/app/extend/helper.js",
    "start": 1534754273960,
    "end": 1534754273960,
    "duration": 0,
    "pid": 9876,
    "index": 48
  },
  {
    "name": "Load app.js",
    "start": 1534754273961,
    "end": 1534754274735,
    "duration": 774,
    "pid": 9876,
    "index": 49
  },
  {
    "name": "Require(41) node_modules/.3.1.0@egg-session/app.js",
    "start": 1534754273961,
    "end": 1534754273962,
    "duration": 1,
    "pid": 9876,
    "index": 50
  },
  {
    "name": "Require(42) node_modules/.2.2.3@egg-security/app.js",
    "start": 1534754273962,
    "end": 1534754273963,
    "duration": 1,
    "pid": 9876,
    "index": 51
  },
  {
    "name": "Require(43) node_modules/.2.1.0@egg-onerror/app.js",
    "start": 1534754273964,
    "end": 1534754273969,
    "duration": 5,
    "pid": 9876,
    "index": 52
  },
  {
    "name": "Require(44) node_modules/.2.0.0@egg-i18n/app.js",
    "start": 1534754273970,
    "end": 1534754273975,
    "duration": 5,
    "pid": 9876,
    "index": 53
  },
  {
    "name": "Require(45) node_modules/.3.0.0@egg-watcher/app.js",
    "start": 1534754273977,
    "end": 1534754273980,
    "duration": 3,
    "pid": 9876,
    "index": 54
  },
  {
    "name": "Before Start in node_modules/.3.0.0@egg-watcher/app.js:15:7",
    "start": 1534754273986,
    "end": 1534754275090,
    "duration": 1104,
    "pid": 9876,
    "index": 55
  },
  {
    "name": "Require(46) node_modules/.2.0.0@egg-multipart/app.js",
    "start": 1534754273986,
    "end": 1534754273988,
    "duration": 2,
    "pid": 9876,
    "index": 56
  },
  {
    "name": "Require(47) node_modules/.2.3.1@egg-development/app.js",
    "start": 1534754273989,
    "end": 1534754273990,
    "duration": 1,
    "pid": 9876,
    "index": 57
  },
  {
    "name": "Before Start in node_modules/.2.3.1@egg-development/app.js:12:7",
    "start": 1534754273990,
    "end": 1534754275090,
    "duration": 1100,
    "pid": 9876,
    "index": 58
  },
  {
    "name": "Require(48) node_modules/.3.3.0@egg-schedule/app.js",
    "start": 1534754273991,
    "end": 1534754273992,
    "duration": 1,
    "pid": 9876,
    "index": 59
  },
  {
    "name": "Require(49) node_modules/.3.0.3@egg-logrotator/app.js",
    "start": 1534754274018,
    "end": 1534754274018,
    "duration": 0,
    "pid": 9876,
    "index": 60
  },
  {
    "name": "Require(50) node_modules/.2.1.1@egg-static/app.js",
    "start": 1534754274019,
    "end": 1534754274019,
    "duration": 0,
    "pid": 9876,
    "index": 61
  },
  {
    "name": "Require(51) node_modules/.1.0.0@egg-validate/app.js",
    "start": 1534754274019,
    "end": 1534754274021,
    "duration": 2,
    "pid": 9876,
    "index": 62
  },
  {
    "name": "Require(52) node_modules/.3.1.0@egg-mongoose/app.js",
    "start": 1534754274021,
    "end": 1534754274021,
    "duration": 0,
    "pid": 9876,
    "index": 63
  },
  {
    "name": "Before Start in node_modules/.3.1.0@egg-mongoose/lib/mongoose.js:77:7",
    "start": 1534754274733,
    "end": 1534754276093,
    "duration": 1360,
    "pid": 9876,
    "index": 64
  },
  {
    "name": "Before Start in node_modules/.3.1.0@egg-mongoose/lib/mongoose.js:42:9",
    "start": 1534754274733,
    "end": 1534754275081,
    "duration": 348,
    "pid": 9876,
    "index": 65
  },
  {
    "name": "Require(53) node_modules/.2.1.0@egg-cors/app.js",
    "start": 1534754274734,
    "end": 1534754274734,
    "duration": 0,
    "pid": 9876,
    "index": 66
  },
  {
    "name": "Require(54) node_modules/.2.2.0@egg-view-nunjucks/app.js",
    "start": 1534754274734,
    "end": 1534754274734,
    "duration": 0,
    "pid": 9876,
    "index": 67
  },
  {
    "name": "Load Service",
    "start": 1534754274735,
    "end": 1534754274987,
    "duration": 252,
    "pid": 9876,
    "index": 68
  },
  {
    "name": "Load \"service\" to Context",
    "start": 1534754274736,
    "end": 1534754274987,
    "duration": 251,
    "pid": 9876,
    "index": 69
  },
  {
    "name": "Load Middleware",
    "start": 1534754274987,
    "end": 1534754275046,
    "duration": 59,
    "pid": 9876,
    "index": 70
  },
  {
    "name": "Load \"middlewares\" to Application",
    "start": 1534754274987,
    "end": 1534754275038,
    "duration": 51,
    "pid": 9876,
    "index": 71
  },
  {
    "name": "Load Controller",
    "start": 1534754275046,
    "end": 1534754275051,
    "duration": 5,
    "pid": 9876,
    "index": 72
  },
  {
    "name": "Load \"controller\" to Application",
    "start": 1534754275046,
    "end": 1534754275051,
    "duration": 5,
    "pid": 9876,
    "index": 73
  },
  {
    "name": "Load Router",
    "start": 1534754275051,
    "end": 1534754275053,
    "duration": 2,
    "pid": 9876,
    "index": 74
  },
  {
    "name": "Require(55) app/router.js",
    "start": 1534754275051,
    "end": 1534754275051,
    "duration": 0,
    "pid": 9876,
    "index": 75
  },
  {
    "name": "Before Start in node_modules/.4.9.1@egg-core/lib/egg.js:328:10",
    "start": 1534754275051,
    "end": 1534754275081,
    "duration": 30,
    "pid": 9876,
    "index": 76
  },
  {
    "name": "Load \"model\" to Application",
    "start": 1534754275065,
    "end": 1534754275080,
    "duration": 15,
    "pid": 9876,
    "index": 77
  }
]