[
  {
    "name": "Application Start",
    "start": 1534753283343,
    "end": 1534753285649,
    "duration": 2306,
    "pid": 8248,
    "index": 0
  },
  {
    "name": "Load Plugin",
    "start": 1534753283347,
    "end": 1534753283364,
    "duration": 17,
    "pid": 8248,
    "index": 1
  },
  {
    "name": "Load Config",
    "start": 1534753283364,
    "end": 1534753283381,
    "duration": 17,
    "pid": 8248,
    "index": 2
  },
  {
    "name": "Require(0) config/config.default.js",
    "start": 1534753283364,
    "end": 1534753283365,
    "duration": 1,
    "pid": 8248,
    "index": 3
  },
  {
    "name": "Require(1) node_modules/.3.1.0@egg-session/config/config.default.js",
    "start": 1534753283366,
    "end": 1534753283366,
    "duration": 0,
    "pid": 8248,
    "index": 4
  },
  {
    "name": "Require(2) node_modules/.2.2.3@egg-security/config/config.default.js",
    "start": 1534753283366,
    "end": 1534753283367,
    "duration": 1,
    "pid": 8248,
    "index": 5
  },
  {
    "name": "Require(3) node_modules/.2.0.0@egg-jsonp/config/config.default.js",
    "start": 1534753283367,
    "end": 1534753283367,
    "duration": 0,
    "pid": 8248,
    "index": 6
  },
  {
    "name": "Require(4) node_modules/.2.1.0@egg-onerror/config/config.default.js",
    "start": 1534753283368,
    "end": 1534753283368,
    "duration": 0,
    "pid": 8248,
    "index": 7
  },
  {
    "name": "Require(5) node_modules/.2.0.0@egg-i18n/config/config.default.js",
    "start": 1534753283368,
    "end": 1534753283368,
    "duration": 0,
    "pid": 8248,
    "index": 8
  },
  {
    "name": "Require(6) node_modules/.3.0.0@egg-watcher/config/config.default.js",
    "start": 1534753283369,
    "end": 1534753283369,
    "duration": 0,
    "pid": 8248,
    "index": 9
  },
  {
    "name": "Require(7) node_modules/.2.0.0@egg-multipart/config/config.default.js",
    "start": 1534753283369,
    "end": 1534753283370,
    "duration": 1,
    "pid": 8248,
    "index": 10
  },
  {
    "name": "Require(8) node_modules/.2.3.1@egg-development/config/config.default.js",
    "start": 1534753283370,
    "end": 1534753283370,
    "duration": 0,
    "pid": 8248,
    "index": 11
  },
  {
    "name": "Require(9) node_modules/.3.3.0@egg-schedule/config/config.default.js",
    "start": 1534753283370,
    "end": 1534753283371,
    "duration": 1,
    "pid": 8248,
    "index": 12
  },
  {
    "name": "Require(10) node_modules/.3.0.3@egg-logrotator/config/config.default.js",
    "start": 1534753283371,
    "end": 1534753283371,
    "duration": 0,
    "pid": 8248,
    "index": 13
  },
  {
    "name": "Require(11) node_modules/.2.1.1@egg-static/config/config.default.js",
    "start": 1534753283372,
    "end": 1534753283372,
    "duration": 0,
    "pid": 8248,
    "index": 14
  },
  {
    "name": "Require(12) node_modules/.2.1.0@egg-view/config/config.default.js",
    "start": 1534753283372,
    "end": 1534753283372,
    "duration": 0,
    "pid": 8248,
    "index": 15
  },
  {
    "name": "Require(13) node_modules/.3.1.0@egg-mongoose/config/config.default.js",
    "start": 1534753283373,
    "end": 1534753283373,
    "duration": 0,
    "pid": 8248,
    "index": 16
  },
  {
    "name": "Require(14) node_modules/.2.1.0@egg-cors/config/config.default.js",
    "start": 1534753283373,
    "end": 1534753283374,
    "duration": 1,
    "pid": 8248,
    "index": 17
  },
  {
    "name": "Require(15) node_modules/.2.2.0@egg-view-nunjucks/config/config.default.js",
    "start": 1534753283374,
    "end": 1534753283374,
    "duration": 0,
    "pid": 8248,
    "index": 18
  },
  {
    "name": "Require(16) node_modules/.2.9.1@egg/config/config.default.js",
    "start": 1534753283375,
    "end": 1534753283375,
    "duration": 0,
    "pid": 8248,
    "index": 19
  },
  {
    "name": "Require(17) config/config.default.js",
    "start": 1534753283378,
    "end": 1534753283378,
    "duration": 0,
    "pid": 8248,
    "index": 20
  },
  {
    "name": "Require(18) node_modules/.2.2.3@egg-security/config/config.local.js",
    "start": 1534753283378,
    "end": 1534753283379,
    "duration": 1,
    "pid": 8248,
    "index": 21
  },
  {
    "name": "Require(19) node_modules/.3.0.0@egg-watcher/config/config.local.js",
    "start": 1534753283379,
    "end": 1534753283379,
    "duration": 0,
    "pid": 8248,
    "index": 22
  },
  {
    "name": "Require(20) node_modules/.2.1.0@egg-view/config/config.local.js",
    "start": 1534753283380,
    "end": 1534753283380,
    "duration": 0,
    "pid": 8248,
    "index": 23
  },
  {
    "name": "Require(21) node_modules/.2.2.0@egg-view-nunjucks/config/config.local.js",
    "start": 1534753283381,
    "end": 1534753283381,
    "duration": 0,
    "pid": 8248,
    "index": 24
  },
  {
    "name": "Require(22) node_modules/.2.9.1@egg/config/config.local.js",
    "start": 1534753283381,
    "end": 1534753283381,
    "duration": 0,
    "pid": 8248,
    "index": 25
  },
  {
    "name": "Load extend/application.js",
    "start": 1534753283382,
    "end": 1534753283435,
    "duration": 53,
    "pid": 8248,
    "index": 26
  },
  {
    "name": "Require(23) node_modules/.3.1.0@egg-session/app/extend/application.js",
    "start": 1534753283383,
    "end": 1534753283383,
    "duration": 0,
    "pid": 8248,
    "index": 27
  },
  {
    "name": "Require(24) node_modules/.2.2.3@egg-security/app/extend/application.js",
    "start": 1534753283383,
    "end": 1534753283384,
    "duration": 1,
    "pid": 8248,
    "index": 28
  },
  {
    "name": "Require(25) node_modules/.2.0.0@egg-jsonp/app/extend/application.js",
    "start": 1534753283384,
    "end": 1534753283385,
    "duration": 1,
    "pid": 8248,
    "index": 29
  },
  {
    "name": "Require(26) node_modules/.3.0.3@egg-logrotator/app/extend/application.js",
    "start": 1534753283386,
    "end": 1534753283388,
    "duration": 2,
    "pid": 8248,
    "index": 30
  },
  {
    "name": "Require(27) node_modules/.2.1.0@egg-view/app/extend/application.js",
    "start": 1534753283389,
    "end": 1534753283390,
    "duration": 1,
    "pid": 8248,
    "index": 31
  },
  {
    "name": "Require(28) node_modules/.2.2.0@egg-view-nunjucks/app/extend/application.js",
    "start": 1534753283390,
    "end": 1534753283433,
    "duration": 43,
    "pid": 8248,
    "index": 32
  },
  {
    "name": "Load extend/request.js",
    "start": 1534753283435,
    "end": 1534753283440,
    "duration": 5,
    "pid": 8248,
    "index": 33
  },
  {
    "name": "Require(29) node_modules/.2.9.1@egg/app/extend/request.js",
    "start": 1534753283437,
    "end": 1534753283438,
    "duration": 1,
    "pid": 8248,
    "index": 34
  },
  {
    "name": "Load extend/response.js",
    "start": 1534753283440,
    "end": 1534753283446,
    "duration": 6,
    "pid": 8248,
    "index": 35
  },
  {
    "name": "Require(30) node_modules/.2.9.1@egg/app/extend/response.js",
    "start": 1534753283442,
    "end": 1534753283444,
    "duration": 2,
    "pid": 8248,
    "index": 36
  },
  {
    "name": "Load extend/context.js",
    "start": 1534753283446,
    "end": 1534753283499,
    "duration": 53,
    "pid": 8248,
    "index": 37
  },
  {
    "name": "Require(31) node_modules/.2.2.3@egg-security/app/extend/context.js",
    "start": 1534753283446,
    "end": 1534753283455,
    "duration": 9,
    "pid": 8248,
    "index": 38
  },
  {
    "name": "Require(32) node_modules/.2.0.0@egg-jsonp/app/extend/context.js",
    "start": 1534753283455,
    "end": 1534753283456,
    "duration": 1,
    "pid": 8248,
    "index": 39
  },
  {
    "name": "Require(33) node_modules/.2.0.0@egg-i18n/app/extend/context.js",
    "start": 1534753283457,
    "end": 1534753283457,
    "duration": 0,
    "pid": 8248,
    "index": 40
  },
  {
    "name": "Require(34) node_modules/.2.0.0@egg-multipart/app/extend/context.js",
    "start": 1534753283457,
    "end": 1534753283492,
    "duration": 35,
    "pid": 8248,
    "index": 41
  },
  {
    "name": "Require(35) node_modules/.2.1.0@egg-view/app/extend/context.js",
    "start": 1534753283493,
    "end": 1534753283494,
    "duration": 1,
    "pid": 8248,
    "index": 42
  },
  {
    "name": "Require(36) node_modules/.1.0.0@egg-validate/app/extend/context.js",
    "start": 1534753283495,
    "end": 1534753283495,
    "duration": 0,
    "pid": 8248,
    "index": 43
  },
  {
    "name": "Require(37) node_modules/.3.1.0@egg-mongoose/app/extend/context.js",
    "start": 1534753283495,
    "end": 1534753283495,
    "duration": 0,
    "pid": 8248,
    "index": 44
  },
  {
    "name": "Require(38) node_modules/.2.9.1@egg/app/extend/context.js",
    "start": 1534753283496,
    "end": 1534753283497,
    "duration": 1,
    "pid": 8248,
    "index": 45
  },
  {
    "name": "Load extend/helper.js",
    "start": 1534753283499,
    "end": 1534753283519,
    "duration": 20,
    "pid": 8248,
    "index": 46
  },
  {
    "name": "Require(39) node_modules/.2.2.3@egg-security/app/extend/helper.js",
    "start": 1534753283499,
    "end": 1534753283516,
    "duration": 17,
    "pid": 8248,
    "index": 47
  },
  {
    "name": "Require(40) node_modules/.2.9.1@egg/app/extend/helper.js",
    "start": 1534753283517,
    "end": 1534753283518,
    "duration": 1,
    "pid": 8248,
    "index": 48
  },
  {
    "name": "Load app.js",
    "start": 1534753283519,
    "end": 1534753284293,
    "duration": 774,
    "pid": 8248,
    "index": 49
  },
  {
    "name": "Require(41) node_modules/.3.1.0@egg-session/app.js",
    "start": 1534753283519,
    "end": 1534753283520,
    "duration": 1,
    "pid": 8248,
    "index": 50
  },
  {
    "name": "Require(42) node_modules/.2.2.3@egg-security/app.js",
    "start": 1534753283520,
    "end": 1534753283521,
    "duration": 1,
    "pid": 8248,
    "index": 51
  },
  {
    "name": "Require(43) node_modules/.2.1.0@egg-onerror/app.js",
    "start": 1534753283521,
    "end": 1534753283528,
    "duration": 7,
    "pid": 8248,
    "index": 52
  },
  {
    "name": "Require(44) node_modules/.2.0.0@egg-i18n/app.js",
    "start": 1534753283529,
    "end": 1534753283534,
    "duration": 5,
    "pid": 8248,
    "index": 53
  },
  {
    "name": "Require(45) node_modules/.3.0.0@egg-watcher/app.js",
    "start": 1534753283535,
    "end": 1534753283538,
    "duration": 3,
    "pid": 8248,
    "index": 54
  },
  {
    "name": "Before Start in node_modules/.3.0.0@egg-watcher/app.js:15:7",
    "start": 1534753283544,
    "end": 1534753284642,
    "duration": 1098,
    "pid": 8248,
    "index": 55
  },
  {
    "name": "Require(46) node_modules/.2.0.0@egg-multipart/app.js",
    "start": 1534753283545,
    "end": 1534753283547,
    "duration": 2,
    "pid": 8248,
    "index": 56
  },
  {
    "name": "Require(47) node_modules/.2.3.1@egg-development/app.js",
    "start": 1534753283547,
    "end": 1534753283548,
    "duration": 1,
    "pid": 8248,
    "index": 57
  },
  {
    "name": "Before Start in node_modules/.2.3.1@egg-development/app.js:12:7",
    "start": 1534753283548,
    "end": 1534753284642,
    "duration": 1094,
    "pid": 8248,
    "index": 58
  },
  {
    "name": "Require(48) node_modules/.3.3.0@egg-schedule/app.js",
    "start": 1534753283549,
    "end": 1534753283550,
    "duration": 1,
    "pid": 8248,
    "index": 59
  },
  {
    "name": "Require(49) node_modules/.3.0.3@egg-logrotator/app.js",
    "start": 1534753283576,
    "end": 1534753283576,
    "duration": 0,
    "pid": 8248,
    "index": 60
  },
  {
    "name": "Require(50) node_modules/.2.1.1@egg-static/app.js",
    "start": 1534753283576,
    "end": 1534753283576,
    "duration": 0,
    "pid": 8248,
    "index": 61
  },
  {
    "name": "Require(51) node_modules/.1.0.0@egg-validate/app.js",
    "start": 1534753283577,
    "end": 1534753283578,
    "duration": 1,
    "pid": 8248,
    "index": 62
  },
  {
    "name": "Require(52) node_modules/.3.1.0@egg-mongoose/app.js",
    "start": 1534753283579,
    "end": 1534753283579,
    "duration": 0,
    "pid": 8248,
    "index": 63
  },
  {
    "name": "Before Start in node_modules/.3.1.0@egg-mongoose/lib/mongoose.js:77:7",
    "start": 1534753284290,
    "end": 1534753285649,
    "duration": 1359,
    "pid": 8248,
    "index": 64
  },
  {
    "name": "Before Start in node_modules/.3.1.0@egg-mongoose/lib/mongoose.js:42:9",
    "start": 1534753284291,
    "end": 1534753284634,
    "duration": 343,
    "pid": 8248,
    "index": 65
  },
  {
    "name": "Require(53) node_modules/.2.1.0@egg-cors/app.js",
    "start": 1534753284291,
    "end": 1534753284291,
    "duration": 0,
    "pid": 8248,
    "index": 66
  },
  {
    "name": "Require(54) node_modules/.2.2.0@egg-view-nunjucks/app.js",
    "start": 1534753284291,
    "end": 1534753284292,
    "duration": 1,
    "pid": 8248,
    "index": 67
  },
  {
    "name": "Load Service",
    "start": 1534753284293,
    "end": 1534753284542,
    "duration": 249,
    "pid": 8248,
    "index": 68
  },
  {
    "name": "Load \"service\" to Context",
    "start": 1534753284293,
    "end": 1534753284542,
    "duration": 249,
    "pid": 8248,
    "index": 69
  },
  {
    "name": "Load Middleware",
    "start": 1534753284542,
    "end": 1534753284599,
    "duration": 57,
    "pid": 8248,
    "index": 70
  },
  {
    "name": "Load \"middlewares\" to Application",
    "start": 1534753284542,
    "end": 1534753284593,
    "duration": 51,
    "pid": 8248,
    "index": 71
  },
  {
    "name": "Load Controller",
    "start": 1534753284600,
    "end": 1534753284604,
    "duration": 4,
    "pid": 8248,
    "index": 72
  },
  {
    "name": "Load \"controller\" to Application",
    "start": 1534753284600,
    "end": 1534753284604,
    "duration": 4,
    "pid": 8248,
    "index": 73
  },
  {
    "name": "Load Router",
    "start": 1534753284604,
    "end": 1534753284606,
    "duration": 2,
    "pid": 8248,
    "index": 74
  },
  {
    "name": "Require(55) app/router.js",
    "start": 1534753284605,
    "end": 1534753284605,
    "duration": 0,
    "pid": 8248,
    "index": 75
  },
  {
    "name": "Before Start in node_modules/.4.9.1@egg-core/lib/egg.js:328:10",
    "start": 1534753284605,
    "end": 1534753284634,
    "duration": 29,
    "pid": 8248,
    "index": 76
  },
  {
    "name": "Load \"model\" to Application",
    "start": 1534753284616,
    "end": 1534753284632,
    "duration": 16,
    "pid": 8248,
    "index": 77
  }
]