[
  {
    "name": "Application Start",
    "start": 1534757642575,
    "end": 1534757644959,
    "duration": 2384,
    "pid": 15768,
    "index": 0
  },
  {
    "name": "Load Plugin",
    "start": 1534757642578,
    "end": 1534757642596,
    "duration": 18,
    "pid": 15768,
    "index": 1
  },
  {
    "name": "Load Config",
    "start": 1534757642596,
    "end": 1534757642614,
    "duration": 18,
    "pid": 15768,
    "index": 2
  },
  {
    "name": "Require(0) config/config.default.js",
    "start": 1534757642597,
    "end": 1534757642597,
    "duration": 0,
    "pid": 15768,
    "index": 3
  },
  {
    "name": "Require(1) node_modules/.3.1.0@egg-session/config/config.default.js",
    "start": 1534757642598,
    "end": 1534757642598,
    "duration": 0,
    "pid": 15768,
    "index": 4
  },
  {
    "name": "Require(2) node_modules/.2.2.3@egg-security/config/config.default.js",
    "start": 1534757642599,
    "end": 1534757642599,
    "duration": 0,
    "pid": 15768,
    "index": 5
  },
  {
    "name": "Require(3) node_modules/.2.0.0@egg-jsonp/config/config.default.js",
    "start": 1534757642600,
    "end": 1534757642600,
    "duration": 0,
    "pid": 15768,
    "index": 6
  },
  {
    "name": "Require(4) node_modules/.2.1.0@egg-onerror/config/config.default.js",
    "start": 1534757642600,
    "end": 1534757642601,
    "duration": 1,
    "pid": 15768,
    "index": 7
  },
  {
    "name": "Require(5) node_modules/.2.0.0@egg-i18n/config/config.default.js",
    "start": 1534757642601,
    "end": 1534757642601,
    "duration": 0,
    "pid": 15768,
    "index": 8
  },
  {
    "name": "Require(6) node_modules/.3.0.0@egg-watcher/config/config.default.js",
    "start": 1534757642602,
    "end": 1534757642602,
    "duration": 0,
    "pid": 15768,
    "index": 9
  },
  {
    "name": "Require(7) node_modules/.2.0.0@egg-multipart/config/config.default.js",
    "start": 1534757642602,
    "end": 1534757642602,
    "duration": 0,
    "pid": 15768,
    "index": 10
  },
  {
    "name": "Require(8) node_modules/.2.3.1@egg-development/config/config.default.js",
    "start": 1534757642603,
    "end": 1534757642603,
    "duration": 0,
    "pid": 15768,
    "index": 11
  },
  {
    "name": "Require(9) node_modules/.3.3.0@egg-schedule/config/config.default.js",
    "start": 1534757642603,
    "end": 1534757642603,
    "duration": 0,
    "pid": 15768,
    "index": 12
  },
  {
    "name": "Require(10) node_modules/.3.0.3@egg-logrotator/config/config.default.js",
    "start": 1534757642604,
    "end": 1534757642604,
    "duration": 0,
    "pid": 15768,
    "index": 13
  },
  {
    "name": "Require(11) node_modules/.2.1.1@egg-static/config/config.default.js",
    "start": 1534757642604,
    "end": 1534757642604,
    "duration": 0,
    "pid": 15768,
    "index": 14
  },
  {
    "name": "Require(12) node_modules/.2.1.0@egg-view/config/config.default.js",
    "start": 1534757642605,
    "end": 1534757642605,
    "duration": 0,
    "pid": 15768,
    "index": 15
  },
  {
    "name": "Require(13) node_modules/.3.1.0@egg-mongoose/config/config.default.js",
    "start": 1534757642606,
    "end": 1534757642606,
    "duration": 0,
    "pid": 15768,
    "index": 16
  },
  {
    "name": "Require(14) node_modules/.2.1.0@egg-cors/config/config.default.js",
    "start": 1534757642606,
    "end": 1534757642607,
    "duration": 1,
    "pid": 15768,
    "index": 17
  },
  {
    "name": "Require(15) node_modules/.2.2.0@egg-view-nunjucks/config/config.default.js",
    "start": 1534757642607,
    "end": 1534757642607,
    "duration": 0,
    "pid": 15768,
    "index": 18
  },
  {
    "name": "Require(16) node_modules/.2.9.1@egg/config/config.default.js",
    "start": 1534757642607,
    "end": 1534757642609,
    "duration": 2,
    "pid": 15768,
    "index": 19
  },
  {
    "name": "Require(17) config/config.default.js",
    "start": 1534757642611,
    "end": 1534757642611,
    "duration": 0,
    "pid": 15768,
    "index": 20
  },
  {
    "name": "Require(18) node_modules/.2.2.3@egg-security/config/config.local.js",
    "start": 1534757642611,
    "end": 1534757642611,
    "duration": 0,
    "pid": 15768,
    "index": 21
  },
  {
    "name": "Require(19) node_modules/.3.0.0@egg-watcher/config/config.local.js",
    "start": 1534757642612,
    "end": 1534757642612,
    "duration": 0,
    "pid": 15768,
    "index": 22
  },
  {
    "name": "Require(20) node_modules/.2.1.0@egg-view/config/config.local.js",
    "start": 1534757642613,
    "end": 1534757642613,
    "duration": 0,
    "pid": 15768,
    "index": 23
  },
  {
    "name": "Require(21) node_modules/.2.2.0@egg-view-nunjucks/config/config.local.js",
    "start": 1534757642614,
    "end": 1534757642614,
    "duration": 0,
    "pid": 15768,
    "index": 24
  },
  {
    "name": "Require(22) node_modules/.2.9.1@egg/config/config.local.js",
    "start": 1534757642614,
    "end": 1534757642614,
    "duration": 0,
    "pid": 15768,
    "index": 25
  },
  {
    "name": "Load extend/application.js",
    "start": 1534757642616,
    "end": 1534757642670,
    "duration": 54,
    "pid": 15768,
    "index": 26
  },
  {
    "name": "Require(23) node_modules/.3.1.0@egg-session/app/extend/application.js",
    "start": 1534757642616,
    "end": 1534757642616,
    "duration": 0,
    "pid": 15768,
    "index": 27
  },
  {
    "name": "Require(24) node_modules/.2.2.3@egg-security/app/extend/application.js",
    "start": 1534757642617,
    "end": 1534757642617,
    "duration": 0,
    "pid": 15768,
    "index": 28
  },
  {
    "name": "Require(25) node_modules/.2.0.0@egg-jsonp/app/extend/application.js",
    "start": 1534757642618,
    "end": 1534757642619,
    "duration": 1,
    "pid": 15768,
    "index": 29
  },
  {
    "name": "Require(26) node_modules/.3.0.3@egg-logrotator/app/extend/application.js",
    "start": 1534757642620,
    "end": 1534757642622,
    "duration": 2,
    "pid": 15768,
    "index": 30
  },
  {
    "name": "Require(27) node_modules/.2.1.0@egg-view/app/extend/application.js",
    "start": 1534757642622,
    "end": 1534757642623,
    "duration": 1,
    "pid": 15768,
    "index": 31
  },
  {
    "name": "Require(28) node_modules/.2.2.0@egg-view-nunjucks/app/extend/application.js",
    "start": 1534757642624,
    "end": 1534757642668,
    "duration": 44,
    "pid": 15768,
    "index": 32
  },
  {
    "name": "Load extend/request.js",
    "start": 1534757642670,
    "end": 1534757642675,
    "duration": 5,
    "pid": 15768,
    "index": 33
  },
  {
    "name": "Require(29) node_modules/.2.9.1@egg/app/extend/request.js",
    "start": 1534757642672,
    "end": 1534757642673,
    "duration": 1,
    "pid": 15768,
    "index": 34
  },
  {
    "name": "Load extend/response.js",
    "start": 1534757642675,
    "end": 1534757642681,
    "duration": 6,
    "pid": 15768,
    "index": 35
  },
  {
    "name": "Require(30) node_modules/.2.9.1@egg/app/extend/response.js",
    "start": 1534757642677,
    "end": 1534757642679,
    "duration": 2,
    "pid": 15768,
    "index": 36
  },
  {
    "name": "Load extend/context.js",
    "start": 1534757642681,
    "end": 1534757642735,
    "duration": 54,
    "pid": 15768,
    "index": 37
  },
  {
    "name": "Require(31) node_modules/.2.2.3@egg-security/app/extend/context.js",
    "start": 1534757642681,
    "end": 1534757642689,
    "duration": 8,
    "pid": 15768,
    "index": 38
  },
  {
    "name": "Require(32) node_modules/.2.0.0@egg-jsonp/app/extend/context.js",
    "start": 1534757642690,
    "end": 1534757642691,
    "duration": 1,
    "pid": 15768,
    "index": 39
  },
  {
    "name": "Require(33) node_modules/.2.0.0@egg-i18n/app/extend/context.js",
    "start": 1534757642691,
    "end": 1534757642691,
    "duration": 0,
    "pid": 15768,
    "index": 40
  },
  {
    "name": "Require(34) node_modules/.2.0.0@egg-multipart/app/extend/context.js",
    "start": 1534757642692,
    "end": 1534757642730,
    "duration": 38,
    "pid": 15768,
    "index": 41
  },
  {
    "name": "Require(35) node_modules/.2.1.0@egg-view/app/extend/context.js",
    "start": 1534757642730,
    "end": 1534757642731,
    "duration": 1,
    "pid": 15768,
    "index": 42
  },
  {
    "name": "Require(36) node_modules/.1.0.0@egg-validate/app/extend/context.js",
    "start": 1534757642731,
    "end": 1534757642731,
    "duration": 0,
    "pid": 15768,
    "index": 43
  },
  {
    "name": "Require(37) node_modules/.3.1.0@egg-mongoose/app/extend/context.js",
    "start": 1534757642732,
    "end": 1534757642732,
    "duration": 0,
    "pid": 15768,
    "index": 44
  },
  {
    "name": "Require(38) node_modules/.2.9.1@egg/app/extend/context.js",
    "start": 1534757642732,
    "end": 1534757642734,
    "duration": 2,
    "pid": 15768,
    "index": 45
  },
  {
    "name": "Load extend/helper.js",
    "start": 1534757642735,
    "end": 1534757642749,
    "duration": 14,
    "pid": 15768,
    "index": 46
  },
  {
    "name": "Require(39) node_modules/.2.2.3@egg-security/app/extend/helper.js",
    "start": 1534757642736,
    "end": 1534757642746,
    "duration": 10,
    "pid": 15768,
    "index": 47
  },
  {
    "name": "Require(40) node_modules/.2.9.1@egg/app/extend/helper.js",
    "start": 1534757642748,
    "end": 1534757642748,
    "duration": 0,
    "pid": 15768,
    "index": 48
  },
  {
    "name": "Load app.js",
    "start": 1534757642749,
    "end": 1534757643562,
    "duration": 813,
    "pid": 15768,
    "index": 49
  },
  {
    "name": "Require(41) node_modules/.3.1.0@egg-session/app.js",
    "start": 1534757642750,
    "end": 1534757642750,
    "duration": 0,
    "pid": 15768,
    "index": 50
  },
  {
    "name": "Require(42) node_modules/.2.2.3@egg-security/app.js",
    "start": 1534757642751,
    "end": 1534757642752,
    "duration": 1,
    "pid": 15768,
    "index": 51
  },
  {
    "name": "Require(43) node_modules/.2.1.0@egg-onerror/app.js",
    "start": 1534757642753,
    "end": 1534757642765,
    "duration": 12,
    "pid": 15768,
    "index": 52
  },
  {
    "name": "Require(44) node_modules/.2.0.0@egg-i18n/app.js",
    "start": 1534757642765,
    "end": 1534757642772,
    "duration": 7,
    "pid": 15768,
    "index": 53
  },
  {
    "name": "Require(45) node_modules/.3.0.0@egg-watcher/app.js",
    "start": 1534757642774,
    "end": 1534757642778,
    "duration": 4,
    "pid": 15768,
    "index": 54
  },
  {
    "name": "Before Start in node_modules/.3.0.0@egg-watcher/app.js:15:7",
    "start": 1534757642785,
    "end": 1534757643957,
    "duration": 1172,
    "pid": 15768,
    "index": 55
  },
  {
    "name": "Require(46) node_modules/.2.0.0@egg-multipart/app.js",
    "start": 1534757642786,
    "end": 1534757642788,
    "duration": 2,
    "pid": 15768,
    "index": 56
  },
  {
    "name": "Require(47) node_modules/.2.3.1@egg-development/app.js",
    "start": 1534757642789,
    "end": 1534757642790,
    "duration": 1,
    "pid": 15768,
    "index": 57
  },
  {
    "name": "Before Start in node_modules/.2.3.1@egg-development/app.js:12:7",
    "start": 1534757642790,
    "end": 1534757643957,
    "duration": 1167,
    "pid": 15768,
    "index": 58
  },
  {
    "name": "Require(48) node_modules/.3.3.0@egg-schedule/app.js",
    "start": 1534757642790,
    "end": 1534757642791,
    "duration": 1,
    "pid": 15768,
    "index": 59
  },
  {
    "name": "Require(49) node_modules/.3.0.3@egg-logrotator/app.js",
    "start": 1534757642818,
    "end": 1534757642818,
    "duration": 0,
    "pid": 15768,
    "index": 60
  },
  {
    "name": "Require(50) node_modules/.2.1.1@egg-static/app.js",
    "start": 1534757642818,
    "end": 1534757642818,
    "duration": 0,
    "pid": 15768,
    "index": 61
  },
  {
    "name": "Require(51) node_modules/.1.0.0@egg-validate/app.js",
    "start": 1534757642819,
    "end": 1534757642820,
    "duration": 1,
    "pid": 15768,
    "index": 62
  },
  {
    "name": "Require(52) node_modules/.3.1.0@egg-mongoose/app.js",
    "start": 1534757642821,
    "end": 1534757642821,
    "duration": 0,
    "pid": 15768,
    "index": 63
  },
  {
    "name": "Before Start in node_modules/.3.1.0@egg-mongoose/lib/mongoose.js:77:7",
    "start": 1534757643560,
    "end": 1534757644958,
    "duration": 1398,
    "pid": 15768,
    "index": 64
  },
  {
    "name": "Before Start in node_modules/.3.1.0@egg-mongoose/lib/mongoose.js:42:9",
    "start": 1534757643560,
    "end": 1534757643914,
    "duration": 354,
    "pid": 15768,
    "index": 65
  },
  {
    "name": "Require(53) node_modules/.2.1.0@egg-cors/app.js",
    "start": 1534757643560,
    "end": 1534757643561,
    "duration": 1,
    "pid": 15768,
    "index": 66
  },
  {
    "name": "Require(54) node_modules/.2.2.0@egg-view-nunjucks/app.js",
    "start": 1534757643561,
    "end": 1534757643561,
    "duration": 0,
    "pid": 15768,
    "index": 67
  },
  {
    "name": "Load Service",
    "start": 1534757643562,
    "end": 1534757643811,
    "duration": 249,
    "pid": 15768,
    "index": 68
  },
  {
    "name": "Load \"service\" to Context",
    "start": 1534757643562,
    "end": 1534757643811,
    "duration": 249,
    "pid": 15768,
    "index": 69
  },
  {
    "name": "Load Middleware",
    "start": 1534757643811,
    "end": 1534757643874,
    "duration": 63,
    "pid": 15768,
    "index": 70
  },
  {
    "name": "Load \"middlewares\" to Application",
    "start": 1534757643811,
    "end": 1534757643866,
    "duration": 55,
    "pid": 15768,
    "index": 71
  },
  {
    "name": "Load Controller",
    "start": 1534757643874,
    "end": 1534757643880,
    "duration": 6,
    "pid": 15768,
    "index": 72
  },
  {
    "name": "Load \"controller\" to Application",
    "start": 1534757643874,
    "end": 1534757643880,
    "duration": 6,
    "pid": 15768,
    "index": 73
  },
  {
    "name": "Load Router",
    "start": 1534757643880,
    "end": 1534757643882,
    "duration": 2,
    "pid": 15768,
    "index": 74
  },
  {
    "name": "Require(55) app/router.js",
    "start": 1534757643880,
    "end": 1534757643880,
    "duration": 0,
    "pid": 15768,
    "index": 75
  },
  {
    "name": "Before Start in node_modules/.4.9.1@egg-core/lib/egg.js:328:10",
    "start": 1534757643881,
    "end": 1534757643914,
    "duration": 33,
    "pid": 15768,
    "index": 76
  },
  {
    "name": "Load \"model\" to Application",
    "start": 1534757643898,
    "end": 1534757643913,
    "duration": 15,
    "pid": 15768,
    "index": 77
  }
]