[
  {
    "name": "Application Start",
    "start": 1534736777930,
    "end": 1534736780367,
    "duration": 2437,
    "pid": 10928,
    "index": 0
  },
  {
    "name": "Load Plugin",
    "start": 1534736777934,
    "end": 1534736777952,
    "duration": 18,
    "pid": 10928,
    "index": 1
  },
  {
    "name": "Load Config",
    "start": 1534736777952,
    "end": 1534736777971,
    "duration": 19,
    "pid": 10928,
    "index": 2
  },
  {
    "name": "Require(0) config/config.default.js",
    "start": 1534736777953,
    "end": 1534736777953,
    "duration": 0,
    "pid": 10928,
    "index": 3
  },
  {
    "name": "Require(1) node_modules/.3.1.0@egg-session/config/config.default.js",
    "start": 1534736777954,
    "end": 1534736777955,
    "duration": 1,
    "pid": 10928,
    "index": 4
  },
  {
    "name": "Require(2) node_modules/.2.2.3@egg-security/config/config.default.js",
    "start": 1534736777955,
    "end": 1534736777955,
    "duration": 0,
    "pid": 10928,
    "index": 5
  },
  {
    "name": "Require(3) node_modules/.2.0.0@egg-jsonp/config/config.default.js",
    "start": 1534736777956,
    "end": 1534736777956,
    "duration": 0,
    "pid": 10928,
    "index": 6
  },
  {
    "name": "Require(4) node_modules/.2.1.0@egg-onerror/config/config.default.js",
    "start": 1534736777957,
    "end": 1534736777957,
    "duration": 0,
    "pid": 10928,
    "index": 7
  },
  {
    "name": "Require(5) node_modules/.2.0.0@egg-i18n/config/config.default.js",
    "start": 1534736777957,
    "end": 1534736777957,
    "duration": 0,
    "pid": 10928,
    "index": 8
  },
  {
    "name": "Require(6) node_modules/.3.0.0@egg-watcher/config/config.default.js",
    "start": 1534736777958,
    "end": 1534736777958,
    "duration": 0,
    "pid": 10928,
    "index": 9
  },
  {
    "name": "Require(7) node_modules/.2.0.0@egg-multipart/config/config.default.js",
    "start": 1534736777958,
    "end": 1534736777958,
    "duration": 0,
    "pid": 10928,
    "index": 10
  },
  {
    "name": "Require(8) node_modules/.2.3.1@egg-development/config/config.default.js",
    "start": 1534736777959,
    "end": 1534736777959,
    "duration": 0,
    "pid": 10928,
    "index": 11
  },
  {
    "name": "Require(9) node_modules/.3.3.0@egg-schedule/config/config.default.js",
    "start": 1534736777959,
    "end": 1534736777960,
    "duration": 1,
    "pid": 10928,
    "index": 12
  },
  {
    "name": "Require(10) node_modules/.3.0.3@egg-logrotator/config/config.default.js",
    "start": 1534736777960,
    "end": 1534736777960,
    "duration": 0,
    "pid": 10928,
    "index": 13
  },
  {
    "name": "Require(11) node_modules/.2.1.1@egg-static/config/config.default.js",
    "start": 1534736777960,
    "end": 1534736777961,
    "duration": 1,
    "pid": 10928,
    "index": 14
  },
  {
    "name": "Require(12) node_modules/.2.1.0@egg-view/config/config.default.js",
    "start": 1534736777961,
    "end": 1534736777961,
    "duration": 0,
    "pid": 10928,
    "index": 15
  },
  {
    "name": "Require(13) node_modules/.3.1.0@egg-mongoose/config/config.default.js",
    "start": 1534736777962,
    "end": 1534736777962,
    "duration": 0,
    "pid": 10928,
    "index": 16
  },
  {
    "name": "Require(14) node_modules/.2.1.0@egg-cors/config/config.default.js",
    "start": 1534736777962,
    "end": 1534736777963,
    "duration": 1,
    "pid": 10928,
    "index": 17
  },
  {
    "name": "Require(15) node_modules/.2.2.0@egg-view-nunjucks/config/config.default.js",
    "start": 1534736777963,
    "end": 1534736777963,
    "duration": 0,
    "pid": 10928,
    "index": 18
  },
  {
    "name": "Require(16) node_modules/.2.9.1@egg/config/config.default.js",
    "start": 1534736777963,
    "end": 1534736777964,
    "duration": 1,
    "pid": 10928,
    "index": 19
  },
  {
    "name": "Require(17) config/config.default.js",
    "start": 1534736777965,
    "end": 1534736777965,
    "duration": 0,
    "pid": 10928,
    "index": 20
  },
  {
    "name": "Require(18) node_modules/.2.2.3@egg-security/config/config.local.js",
    "start": 1534736777967,
    "end": 1534736777968,
    "duration": 1,
    "pid": 10928,
    "index": 21
  },
  {
    "name": "Require(19) node_modules/.3.0.0@egg-watcher/config/config.local.js",
    "start": 1534736777969,
    "end": 1534736777969,
    "duration": 0,
    "pid": 10928,
    "index": 22
  },
  {
    "name": "Require(20) node_modules/.2.1.0@egg-view/config/config.local.js",
    "start": 1534736777970,
    "end": 1534736777970,
    "duration": 0,
    "pid": 10928,
    "index": 23
  },
  {
    "name": "Require(21) node_modules/.2.2.0@egg-view-nunjucks/config/config.local.js",
    "start": 1534736777970,
    "end": 1534736777971,
    "duration": 1,
    "pid": 10928,
    "index": 24
  },
  {
    "name": "Require(22) node_modules/.2.9.1@egg/config/config.local.js",
    "start": 1534736777971,
    "end": 1534736777971,
    "duration": 0,
    "pid": 10928,
    "index": 25
  },
  {
    "name": "Load extend/application.js",
    "start": 1534736777972,
    "end": 1534736778030,
    "duration": 58,
    "pid": 10928,
    "index": 26
  },
  {
    "name": "Require(23) node_modules/.3.1.0@egg-session/app/extend/application.js",
    "start": 1534736777973,
    "end": 1534736777973,
    "duration": 0,
    "pid": 10928,
    "index": 27
  },
  {
    "name": "Require(24) node_modules/.2.2.3@egg-security/app/extend/application.js",
    "start": 1534736777973,
    "end": 1534736777974,
    "duration": 1,
    "pid": 10928,
    "index": 28
  },
  {
    "name": "Require(25) node_modules/.2.0.0@egg-jsonp/app/extend/application.js",
    "start": 1534736777974,
    "end": 1534736777976,
    "duration": 2,
    "pid": 10928,
    "index": 29
  },
  {
    "name": "Require(26) node_modules/.3.0.3@egg-logrotator/app/extend/application.js",
    "start": 1534736777977,
    "end": 1534736777978,
    "duration": 1,
    "pid": 10928,
    "index": 30
  },
  {
    "name": "Require(27) node_modules/.2.1.0@egg-view/app/extend/application.js",
    "start": 1534736777979,
    "end": 1534736777980,
    "duration": 1,
    "pid": 10928,
    "index": 31
  },
  {
    "name": "Require(28) node_modules/.2.2.0@egg-view-nunjucks/app/extend/application.js",
    "start": 1534736777981,
    "end": 1534736778027,
    "duration": 46,
    "pid": 10928,
    "index": 32
  },
  {
    "name": "Load extend/request.js",
    "start": 1534736778030,
    "end": 1534736778036,
    "duration": 6,
    "pid": 10928,
    "index": 33
  },
  {
    "name": "Require(29) node_modules/.2.9.1@egg/app/extend/request.js",
    "start": 1534736778032,
    "end": 1534736778033,
    "duration": 1,
    "pid": 10928,
    "index": 34
  },
  {
    "name": "Load extend/response.js",
    "start": 1534736778036,
    "end": 1534736778041,
    "duration": 5,
    "pid": 10928,
    "index": 35
  },
  {
    "name": "Require(30) node_modules/.2.9.1@egg/app/extend/response.js",
    "start": 1534736778038,
    "end": 1534736778039,
    "duration": 1,
    "pid": 10928,
    "index": 36
  },
  {
    "name": "Load extend/context.js",
    "start": 1534736778041,
    "end": 1534736778103,
    "duration": 62,
    "pid": 10928,
    "index": 37
  },
  {
    "name": "Require(31) node_modules/.2.2.3@egg-security/app/extend/context.js",
    "start": 1534736778042,
    "end": 1534736778053,
    "duration": 11,
    "pid": 10928,
    "index": 38
  },
  {
    "name": "Require(32) node_modules/.2.0.0@egg-jsonp/app/extend/context.js",
    "start": 1534736778053,
    "end": 1534736778055,
    "duration": 2,
    "pid": 10928,
    "index": 39
  },
  {
    "name": "Require(33) node_modules/.2.0.0@egg-i18n/app/extend/context.js",
    "start": 1534736778055,
    "end": 1534736778055,
    "duration": 0,
    "pid": 10928,
    "index": 40
  },
  {
    "name": "Require(34) node_modules/.2.0.0@egg-multipart/app/extend/context.js",
    "start": 1534736778056,
    "end": 1534736778092,
    "duration": 36,
    "pid": 10928,
    "index": 41
  },
  {
    "name": "Require(35) node_modules/.2.1.0@egg-view/app/extend/context.js",
    "start": 1534736778093,
    "end": 1534736778094,
    "duration": 1,
    "pid": 10928,
    "index": 42
  },
  {
    "name": "Require(36) node_modules/.1.0.0@egg-validate/app/extend/context.js",
    "start": 1534736778094,
    "end": 1534736778095,
    "duration": 1,
    "pid": 10928,
    "index": 43
  },
  {
    "name": "Require(37) node_modules/.3.1.0@egg-mongoose/app/extend/context.js",
    "start": 1534736778095,
    "end": 1534736778096,
    "duration": 1,
    "pid": 10928,
    "index": 44
  },
  {
    "name": "Require(38) node_modules/.2.9.1@egg/app/extend/context.js",
    "start": 1534736778100,
    "end": 1534736778102,
    "duration": 2,
    "pid": 10928,
    "index": 45
  },
  {
    "name": "Load extend/helper.js",
    "start": 1534736778103,
    "end": 1534736778118,
    "duration": 15,
    "pid": 10928,
    "index": 46
  },
  {
    "name": "Require(39) node_modules/.2.2.3@egg-security/app/extend/helper.js",
    "start": 1534736778104,
    "end": 1534736778115,
    "duration": 11,
    "pid": 10928,
    "index": 47
  },
  {
    "name": "Require(40) node_modules/.2.9.1@egg/app/extend/helper.js",
    "start": 1534736778116,
    "end": 1534736778117,
    "duration": 1,
    "pid": 10928,
    "index": 48
  },
  {
    "name": "Load app.js",
    "start": 1534736778118,
    "end": 1534736778967,
    "duration": 849,
    "pid": 10928,
    "index": 49
  },
  {
    "name": "Require(41) node_modules/.3.1.0@egg-session/app.js",
    "start": 1534736778118,
    "end": 1534736778119,
    "duration": 1,
    "pid": 10928,
    "index": 50
  },
  {
    "name": "Require(42) node_modules/.2.2.3@egg-security/app.js",
    "start": 1534736778119,
    "end": 1534736778120,
    "duration": 1,
    "pid": 10928,
    "index": 51
  },
  {
    "name": "Require(43) node_modules/.2.1.0@egg-onerror/app.js",
    "start": 1534736778121,
    "end": 1534736778128,
    "duration": 7,
    "pid": 10928,
    "index": 52
  },
  {
    "name": "Require(44) node_modules/.2.0.0@egg-i18n/app.js",
    "start": 1534736778128,
    "end": 1534736778134,
    "duration": 6,
    "pid": 10928,
    "index": 53
  },
  {
    "name": "Require(45) node_modules/.3.0.0@egg-watcher/app.js",
    "start": 1534736778136,
    "end": 1534736778139,
    "duration": 3,
    "pid": 10928,
    "index": 54
  },
  {
    "name": "Before Start in node_modules/.3.0.0@egg-watcher/app.js:15:7",
    "start": 1534736778145,
    "end": 1534736779366,
    "duration": 1221,
    "pid": 10928,
    "index": 55
  },
  {
    "name": "Require(46) node_modules/.2.0.0@egg-multipart/app.js",
    "start": 1534736778146,
    "end": 1534736778148,
    "duration": 2,
    "pid": 10928,
    "index": 56
  },
  {
    "name": "Require(47) node_modules/.2.3.1@egg-development/app.js",
    "start": 1534736778149,
    "end": 1534736778150,
    "duration": 1,
    "pid": 10928,
    "index": 57
  },
  {
    "name": "Before Start in node_modules/.2.3.1@egg-development/app.js:12:7",
    "start": 1534736778150,
    "end": 1534736779366,
    "duration": 1216,
    "pid": 10928,
    "index": 58
  },
  {
    "name": "Require(48) node_modules/.3.3.0@egg-schedule/app.js",
    "start": 1534736778151,
    "end": 1534736778152,
    "duration": 1,
    "pid": 10928,
    "index": 59
  },
  {
    "name": "Require(49) node_modules/.3.0.3@egg-logrotator/app.js",
    "start": 1534736778184,
    "end": 1534736778184,
    "duration": 0,
    "pid": 10928,
    "index": 60
  },
  {
    "name": "Require(50) node_modules/.2.1.1@egg-static/app.js",
    "start": 1534736778184,
    "end": 1534736778184,
    "duration": 0,
    "pid": 10928,
    "index": 61
  },
  {
    "name": "Require(51) node_modules/.1.0.0@egg-validate/app.js",
    "start": 1534736778185,
    "end": 1534736778186,
    "duration": 1,
    "pid": 10928,
    "index": 62
  },
  {
    "name": "Require(52) node_modules/.3.1.0@egg-mongoose/app.js",
    "start": 1534736778187,
    "end": 1534736778187,
    "duration": 0,
    "pid": 10928,
    "index": 63
  },
  {
    "name": "Before Start in node_modules/.3.1.0@egg-mongoose/lib/mongoose.js:77:7",
    "start": 1534736778965,
    "end": 1534736780367,
    "duration": 1402,
    "pid": 10928,
    "index": 64
  },
  {
    "name": "Before Start in node_modules/.3.1.0@egg-mongoose/lib/mongoose.js:42:9",
    "start": 1534736778965,
    "end": 1534736779325,
    "duration": 360,
    "pid": 10928,
    "index": 65
  },
  {
    "name": "Require(53) node_modules/.2.1.0@egg-cors/app.js",
    "start": 1534736778965,
    "end": 1534736778965,
    "duration": 0,
    "pid": 10928,
    "index": 66
  },
  {
    "name": "Require(54) node_modules/.2.2.0@egg-view-nunjucks/app.js",
    "start": 1534736778966,
    "end": 1534736778966,
    "duration": 0,
    "pid": 10928,
    "index": 67
  },
  {
    "name": "Load Service",
    "start": 1534736778967,
    "end": 1534736779222,
    "duration": 255,
    "pid": 10928,
    "index": 68
  },
  {
    "name": "Load \"service\" to Context",
    "start": 1534736778967,
    "end": 1534736779222,
    "duration": 255,
    "pid": 10928,
    "index": 69
  },
  {
    "name": "Load Middleware",
    "start": 1534736779222,
    "end": 1534736779281,
    "duration": 59,
    "pid": 10928,
    "index": 70
  },
  {
    "name": "Load \"middlewares\" to Application",
    "start": 1534736779222,
    "end": 1534736779273,
    "duration": 51,
    "pid": 10928,
    "index": 71
  },
  {
    "name": "Load Controller",
    "start": 1534736779281,
    "end": 1534736779286,
    "duration": 5,
    "pid": 10928,
    "index": 72
  },
  {
    "name": "Load \"controller\" to Application",
    "start": 1534736779281,
    "end": 1534736779286,
    "duration": 5,
    "pid": 10928,
    "index": 73
  },
  {
    "name": "Load Router",
    "start": 1534736779286,
    "end": 1534736779288,
    "duration": 2,
    "pid": 10928,
    "index": 74
  },
  {
    "name": "Require(55) app/router.js",
    "start": 1534736779286,
    "end": 1534736779287,
    "duration": 1,
    "pid": 10928,
    "index": 75
  },
  {
    "name": "Before Start in node_modules/.4.9.1@egg-core/lib/egg.js:328:10",
    "start": 1534736779287,
    "end": 1534736779325,
    "duration": 38,
    "pid": 10928,
    "index": 76
  },
  {
    "name": "Load \"model\" to Application",
    "start": 1534736779307,
    "end": 1534736779324,
    "duration": 17,
    "pid": 10928,
    "index": 77
  }
]