[
  {
    "name": "Application Start",
    "start": 1534758593395,
    "end": 1534758595872,
    "duration": 2477,
    "pid": 17048,
    "index": 0
  },
  {
    "name": "Load Plugin",
    "start": 1534758593399,
    "end": 1534758593418,
    "duration": 19,
    "pid": 17048,
    "index": 1
  },
  {
    "name": "Load Config",
    "start": 1534758593418,
    "end": 1534758593436,
    "duration": 18,
    "pid": 17048,
    "index": 2
  },
  {
    "name": "Require(0) config/config.default.js",
    "start": 1534758593418,
    "end": 1534758593419,
    "duration": 1,
    "pid": 17048,
    "index": 3
  },
  {
    "name": "Require(1) node_modules/.3.1.0@egg-session/config/config.default.js",
    "start": 1534758593420,
    "end": 1534758593420,
    "duration": 0,
    "pid": 17048,
    "index": 4
  },
  {
    "name": "Require(2) node_modules/.2.2.3@egg-security/config/config.default.js",
    "start": 1534758593421,
    "end": 1534758593421,
    "duration": 0,
    "pid": 17048,
    "index": 5
  },
  {
    "name": "Require(3) node_modules/.2.0.0@egg-jsonp/config/config.default.js",
    "start": 1534758593422,
    "end": 1534758593422,
    "duration": 0,
    "pid": 17048,
    "index": 6
  },
  {
    "name": "Require(4) node_modules/.2.1.0@egg-onerror/config/config.default.js",
    "start": 1534758593422,
    "end": 1534758593422,
    "duration": 0,
    "pid": 17048,
    "index": 7
  },
  {
    "name": "Require(5) node_modules/.2.0.0@egg-i18n/config/config.default.js",
    "start": 1534758593423,
    "end": 1534758593423,
    "duration": 0,
    "pid": 17048,
    "index": 8
  },
  {
    "name": "Require(6) node_modules/.3.0.0@egg-watcher/config/config.default.js",
    "start": 1534758593423,
    "end": 1534758593424,
    "duration": 1,
    "pid": 17048,
    "index": 9
  },
  {
    "name": "Require(7) node_modules/.2.0.0@egg-multipart/config/config.default.js",
    "start": 1534758593424,
    "end": 1534758593424,
    "duration": 0,
    "pid": 17048,
    "index": 10
  },
  {
    "name": "Require(8) node_modules/.2.3.1@egg-development/config/config.default.js",
    "start": 1534758593425,
    "end": 1534758593425,
    "duration": 0,
    "pid": 17048,
    "index": 11
  },
  {
    "name": "Require(9) node_modules/.3.3.0@egg-schedule/config/config.default.js",
    "start": 1534758593425,
    "end": 1534758593425,
    "duration": 0,
    "pid": 17048,
    "index": 12
  },
  {
    "name": "Require(10) node_modules/.3.0.3@egg-logrotator/config/config.default.js",
    "start": 1534758593426,
    "end": 1534758593426,
    "duration": 0,
    "pid": 17048,
    "index": 13
  },
  {
    "name": "Require(11) node_modules/.2.1.1@egg-static/config/config.default.js",
    "start": 1534758593426,
    "end": 1534758593426,
    "duration": 0,
    "pid": 17048,
    "index": 14
  },
  {
    "name": "Require(12) node_modules/.2.1.0@egg-view/config/config.default.js",
    "start": 1534758593427,
    "end": 1534758593427,
    "duration": 0,
    "pid": 17048,
    "index": 15
  },
  {
    "name": "Require(13) node_modules/.3.1.0@egg-mongoose/config/config.default.js",
    "start": 1534758593428,
    "end": 1534758593428,
    "duration": 0,
    "pid": 17048,
    "index": 16
  },
  {
    "name": "Require(14) node_modules/.2.1.0@egg-cors/config/config.default.js",
    "start": 1534758593428,
    "end": 1534758593428,
    "duration": 0,
    "pid": 17048,
    "index": 17
  },
  {
    "name": "Require(15) node_modules/.2.2.0@egg-view-nunjucks/config/config.default.js",
    "start": 1534758593429,
    "end": 1534758593429,
    "duration": 0,
    "pid": 17048,
    "index": 18
  },
  {
    "name": "Require(16) node_modules/.2.9.1@egg/config/config.default.js",
    "start": 1534758593429,
    "end": 1534758593431,
    "duration": 2,
    "pid": 17048,
    "index": 19
  },
  {
    "name": "Require(17) config/config.default.js",
    "start": 1534758593433,
    "end": 1534758593433,
    "duration": 0,
    "pid": 17048,
    "index": 20
  },
  {
    "name": "Require(18) node_modules/.2.2.3@egg-security/config/config.local.js",
    "start": 1534758593433,
    "end": 1534758593433,
    "duration": 0,
    "pid": 17048,
    "index": 21
  },
  {
    "name": "Require(19) node_modules/.3.0.0@egg-watcher/config/config.local.js",
    "start": 1534758593434,
    "end": 1534758593434,
    "duration": 0,
    "pid": 17048,
    "index": 22
  },
  {
    "name": "Require(20) node_modules/.2.1.0@egg-view/config/config.local.js",
    "start": 1534758593435,
    "end": 1534758593435,
    "duration": 0,
    "pid": 17048,
    "index": 23
  },
  {
    "name": "Require(21) node_modules/.2.2.0@egg-view-nunjucks/config/config.local.js",
    "start": 1534758593436,
    "end": 1534758593436,
    "duration": 0,
    "pid": 17048,
    "index": 24
  },
  {
    "name": "Require(22) node_modules/.2.9.1@egg/config/config.local.js",
    "start": 1534758593436,
    "end": 1534758593436,
    "duration": 0,
    "pid": 17048,
    "index": 25
  },
  {
    "name": "Load extend/application.js",
    "start": 1534758593437,
    "end": 1534758593499,
    "duration": 62,
    "pid": 17048,
    "index": 26
  },
  {
    "name": "Require(23) node_modules/.3.1.0@egg-session/app/extend/application.js",
    "start": 1534758593438,
    "end": 1534758593438,
    "duration": 0,
    "pid": 17048,
    "index": 27
  },
  {
    "name": "Require(24) node_modules/.2.2.3@egg-security/app/extend/application.js",
    "start": 1534758593438,
    "end": 1534758593439,
    "duration": 1,
    "pid": 17048,
    "index": 28
  },
  {
    "name": "Require(25) node_modules/.2.0.0@egg-jsonp/app/extend/application.js",
    "start": 1534758593439,
    "end": 1534758593440,
    "duration": 1,
    "pid": 17048,
    "index": 29
  },
  {
    "name": "Require(26) node_modules/.3.0.3@egg-logrotator/app/extend/application.js",
    "start": 1534758593441,
    "end": 1534758593443,
    "duration": 2,
    "pid": 17048,
    "index": 30
  },
  {
    "name": "Require(27) node_modules/.2.1.0@egg-view/app/extend/application.js",
    "start": 1534758593444,
    "end": 1534758593445,
    "duration": 1,
    "pid": 17048,
    "index": 31
  },
  {
    "name": "Require(28) node_modules/.2.2.0@egg-view-nunjucks/app/extend/application.js",
    "start": 1534758593445,
    "end": 1534758593496,
    "duration": 51,
    "pid": 17048,
    "index": 32
  },
  {
    "name": "Load extend/request.js",
    "start": 1534758593499,
    "end": 1534758593503,
    "duration": 4,
    "pid": 17048,
    "index": 33
  },
  {
    "name": "Require(29) node_modules/.2.9.1@egg/app/extend/request.js",
    "start": 1534758593500,
    "end": 1534758593502,
    "duration": 2,
    "pid": 17048,
    "index": 34
  },
  {
    "name": "Load extend/response.js",
    "start": 1534758593503,
    "end": 1534758593509,
    "duration": 6,
    "pid": 17048,
    "index": 35
  },
  {
    "name": "Require(30) node_modules/.2.9.1@egg/app/extend/response.js",
    "start": 1534758593505,
    "end": 1534758593507,
    "duration": 2,
    "pid": 17048,
    "index": 36
  },
  {
    "name": "Load extend/context.js",
    "start": 1534758593509,
    "end": 1534758593568,
    "duration": 59,
    "pid": 17048,
    "index": 37
  },
  {
    "name": "Require(31) node_modules/.2.2.3@egg-security/app/extend/context.js",
    "start": 1534758593509,
    "end": 1534758593519,
    "duration": 10,
    "pid": 17048,
    "index": 38
  },
  {
    "name": "Require(32) node_modules/.2.0.0@egg-jsonp/app/extend/context.js",
    "start": 1534758593519,
    "end": 1534758593520,
    "duration": 1,
    "pid": 17048,
    "index": 39
  },
  {
    "name": "Require(33) node_modules/.2.0.0@egg-i18n/app/extend/context.js",
    "start": 1534758593521,
    "end": 1534758593521,
    "duration": 0,
    "pid": 17048,
    "index": 40
  },
  {
    "name": "Require(34) node_modules/.2.0.0@egg-multipart/app/extend/context.js",
    "start": 1534758593521,
    "end": 1534758593557,
    "duration": 36,
    "pid": 17048,
    "index": 41
  },
  {
    "name": "Require(35) node_modules/.2.1.0@egg-view/app/extend/context.js",
    "start": 1534758593558,
    "end": 1534758593559,
    "duration": 1,
    "pid": 17048,
    "index": 42
  },
  {
    "name": "Require(36) node_modules/.1.0.0@egg-validate/app/extend/context.js",
    "start": 1534758593559,
    "end": 1534758593559,
    "duration": 0,
    "pid": 17048,
    "index": 43
  },
  {
    "name": "Require(37) node_modules/.3.1.0@egg-mongoose/app/extend/context.js",
    "start": 1534758593560,
    "end": 1534758593560,
    "duration": 0,
    "pid": 17048,
    "index": 44
  },
  {
    "name": "Require(38) node_modules/.2.9.1@egg/app/extend/context.js",
    "start": 1534758593564,
    "end": 1534758593565,
    "duration": 1,
    "pid": 17048,
    "index": 45
  },
  {
    "name": "Load extend/helper.js",
    "start": 1534758593568,
    "end": 1534758593582,
    "duration": 14,
    "pid": 17048,
    "index": 46
  },
  {
    "name": "Require(39) node_modules/.2.2.3@egg-security/app/extend/helper.js",
    "start": 1534758593568,
    "end": 1534758593578,
    "duration": 10,
    "pid": 17048,
    "index": 47
  },
  {
    "name": "Require(40) node_modules/.2.9.1@egg/app/extend/helper.js",
    "start": 1534758593580,
    "end": 1534758593580,
    "duration": 0,
    "pid": 17048,
    "index": 48
  },
  {
    "name": "Load app.js",
    "start": 1534758593582,
    "end": 1534758594435,
    "duration": 853,
    "pid": 17048,
    "index": 49
  },
  {
    "name": "Require(41) node_modules/.3.1.0@egg-session/app.js",
    "start": 1534758593582,
    "end": 1534758593583,
    "duration": 1,
    "pid": 17048,
    "index": 50
  },
  {
    "name": "Require(42) node_modules/.2.2.3@egg-security/app.js",
    "start": 1534758593583,
    "end": 1534758593584,
    "duration": 1,
    "pid": 17048,
    "index": 51
  },
  {
    "name": "Require(43) node_modules/.2.1.0@egg-onerror/app.js",
    "start": 1534758593585,
    "end": 1534758593591,
    "duration": 6,
    "pid": 17048,
    "index": 52
  },
  {
    "name": "Require(44) node_modules/.2.0.0@egg-i18n/app.js",
    "start": 1534758593592,
    "end": 1534758593598,
    "duration": 6,
    "pid": 17048,
    "index": 53
  },
  {
    "name": "Require(45) node_modules/.3.0.0@egg-watcher/app.js",
    "start": 1534758593600,
    "end": 1534758593602,
    "duration": 2,
    "pid": 17048,
    "index": 54
  },
  {
    "name": "Before Start in node_modules/.3.0.0@egg-watcher/app.js:15:7",
    "start": 1534758593608,
    "end": 1534758594867,
    "duration": 1259,
    "pid": 17048,
    "index": 55
  },
  {
    "name": "Require(46) node_modules/.2.0.0@egg-multipart/app.js",
    "start": 1534758593609,
    "end": 1534758593612,
    "duration": 3,
    "pid": 17048,
    "index": 56
  },
  {
    "name": "Require(47) node_modules/.2.3.1@egg-development/app.js",
    "start": 1534758593613,
    "end": 1534758593614,
    "duration": 1,
    "pid": 17048,
    "index": 57
  },
  {
    "name": "Before Start in node_modules/.2.3.1@egg-development/app.js:12:7",
    "start": 1534758593614,
    "end": 1534758594867,
    "duration": 1253,
    "pid": 17048,
    "index": 58
  },
  {
    "name": "Require(48) node_modules/.3.3.0@egg-schedule/app.js",
    "start": 1534758593614,
    "end": 1534758593616,
    "duration": 2,
    "pid": 17048,
    "index": 59
  },
  {
    "name": "Require(49) node_modules/.3.0.3@egg-logrotator/app.js",
    "start": 1534758593644,
    "end": 1534758593644,
    "duration": 0,
    "pid": 17048,
    "index": 60
  },
  {
    "name": "Require(50) node_modules/.2.1.1@egg-static/app.js",
    "start": 1534758593645,
    "end": 1534758593645,
    "duration": 0,
    "pid": 17048,
    "index": 61
  },
  {
    "name": "Require(51) node_modules/.1.0.0@egg-validate/app.js",
    "start": 1534758593647,
    "end": 1534758593649,
    "duration": 2,
    "pid": 17048,
    "index": 62
  },
  {
    "name": "Require(52) node_modules/.3.1.0@egg-mongoose/app.js",
    "start": 1534758593649,
    "end": 1534758593649,
    "duration": 0,
    "pid": 17048,
    "index": 63
  },
  {
    "name": "Before Start in node_modules/.3.1.0@egg-mongoose/lib/mongoose.js:77:7",
    "start": 1534758594433,
    "end": 1534758595872,
    "duration": 1439,
    "pid": 17048,
    "index": 64
  },
  {
    "name": "Before Start in node_modules/.3.1.0@egg-mongoose/lib/mongoose.js:42:9",
    "start": 1534758594433,
    "end": 1534758594814,
    "duration": 381,
    "pid": 17048,
    "index": 65
  },
  {
    "name": "Require(53) node_modules/.2.1.0@egg-cors/app.js",
    "start": 1534758594434,
    "end": 1534758594434,
    "duration": 0,
    "pid": 17048,
    "index": 66
  },
  {
    "name": "Require(54) node_modules/.2.2.0@egg-view-nunjucks/app.js",
    "start": 1534758594434,
    "end": 1534758594434,
    "duration": 0,
    "pid": 17048,
    "index": 67
  },
  {
    "name": "Load Service",
    "start": 1534758594435,
    "end": 1534758594709,
    "duration": 274,
    "pid": 17048,
    "index": 68
  },
  {
    "name": "Load \"service\" to Context",
    "start": 1534758594436,
    "end": 1534758594709,
    "duration": 273,
    "pid": 17048,
    "index": 69
  },
  {
    "name": "Load Middleware",
    "start": 1534758594709,
    "end": 1534758594778,
    "duration": 69,
    "pid": 17048,
    "index": 70
  },
  {
    "name": "Load \"middlewares\" to Application",
    "start": 1534758594709,
    "end": 1534758594766,
    "duration": 57,
    "pid": 17048,
    "index": 71
  },
  {
    "name": "Load Controller",
    "start": 1534758594778,
    "end": 1534758594786,
    "duration": 8,
    "pid": 17048,
    "index": 72
  },
  {
    "name": "Load \"controller\" to Application",
    "start": 1534758594779,
    "end": 1534758594786,
    "duration": 7,
    "pid": 17048,
    "index": 73
  },
  {
    "name": "Load Router",
    "start": 1534758594786,
    "end": 1534758594788,
    "duration": 2,
    "pid": 17048,
    "index": 74
  },
  {
    "name": "Require(55) app/router.js",
    "start": 1534758594787,
    "end": 1534758594787,
    "duration": 0,
    "pid": 17048,
    "index": 75
  },
  {
    "name": "Before Start in node_modules/.4.9.1@egg-core/lib/egg.js:328:10",
    "start": 1534758594787,
    "end": 1534758594814,
    "duration": 27,
    "pid": 17048,
    "index": 76
  },
  {
    "name": "Load \"model\" to Application",
    "start": 1534758594799,
    "end": 1534758594813,
    "duration": 14,
    "pid": 17048,
    "index": 77
  }
]