[
  {
    "name": "Application Start",
    "start": 1534758062352,
    "end": 1534758064781,
    "duration": 2429,
    "pid": 12332,
    "index": 0
  },
  {
    "name": "Load Plugin",
    "start": 1534758062356,
    "end": 1534758062374,
    "duration": 18,
    "pid": 12332,
    "index": 1
  },
  {
    "name": "Load Config",
    "start": 1534758062374,
    "end": 1534758062394,
    "duration": 20,
    "pid": 12332,
    "index": 2
  },
  {
    "name": "Require(0) config/config.default.js",
    "start": 1534758062374,
    "end": 1534758062375,
    "duration": 1,
    "pid": 12332,
    "index": 3
  },
  {
    "name": "Require(1) node_modules/.3.1.0@egg-session/config/config.default.js",
    "start": 1534758062376,
    "end": 1534758062376,
    "duration": 0,
    "pid": 12332,
    "index": 4
  },
  {
    "name": "Require(2) node_modules/.2.2.3@egg-security/config/config.default.js",
    "start": 1534758062377,
    "end": 1534758062377,
    "duration": 0,
    "pid": 12332,
    "index": 5
  },
  {
    "name": "Require(3) node_modules/.2.0.0@egg-jsonp/config/config.default.js",
    "start": 1534758062378,
    "end": 1534758062378,
    "duration": 0,
    "pid": 12332,
    "index": 6
  },
  {
    "name": "Require(4) node_modules/.2.1.0@egg-onerror/config/config.default.js",
    "start": 1534758062378,
    "end": 1534758062378,
    "duration": 0,
    "pid": 12332,
    "index": 7
  },
  {
    "name": "Require(5) node_modules/.2.0.0@egg-i18n/config/config.default.js",
    "start": 1534758062379,
    "end": 1534758062379,
    "duration": 0,
    "pid": 12332,
    "index": 8
  },
  {
    "name": "Require(6) node_modules/.3.0.0@egg-watcher/config/config.default.js",
    "start": 1534758062380,
    "end": 1534758062380,
    "duration": 0,
    "pid": 12332,
    "index": 9
  },
  {
    "name": "Require(7) node_modules/.2.0.0@egg-multipart/config/config.default.js",
    "start": 1534758062380,
    "end": 1534758062381,
    "duration": 1,
    "pid": 12332,
    "index": 10
  },
  {
    "name": "Require(8) node_modules/.2.3.1@egg-development/config/config.default.js",
    "start": 1534758062381,
    "end": 1534758062381,
    "duration": 0,
    "pid": 12332,
    "index": 11
  },
  {
    "name": "Require(9) node_modules/.3.3.0@egg-schedule/config/config.default.js",
    "start": 1534758062382,
    "end": 1534758062382,
    "duration": 0,
    "pid": 12332,
    "index": 12
  },
  {
    "name": "Require(10) node_modules/.3.0.3@egg-logrotator/config/config.default.js",
    "start": 1534758062382,
    "end": 1534758062382,
    "duration": 0,
    "pid": 12332,
    "index": 13
  },
  {
    "name": "Require(11) node_modules/.2.1.1@egg-static/config/config.default.js",
    "start": 1534758062383,
    "end": 1534758062383,
    "duration": 0,
    "pid": 12332,
    "index": 14
  },
  {
    "name": "Require(12) node_modules/.2.1.0@egg-view/config/config.default.js",
    "start": 1534758062384,
    "end": 1534758062384,
    "duration": 0,
    "pid": 12332,
    "index": 15
  },
  {
    "name": "Require(13) node_modules/.3.1.0@egg-mongoose/config/config.default.js",
    "start": 1534758062385,
    "end": 1534758062385,
    "duration": 0,
    "pid": 12332,
    "index": 16
  },
  {
    "name": "Require(14) node_modules/.2.1.0@egg-cors/config/config.default.js",
    "start": 1534758062385,
    "end": 1534758062385,
    "duration": 0,
    "pid": 12332,
    "index": 17
  },
  {
    "name": "Require(15) node_modules/.2.2.0@egg-view-nunjucks/config/config.default.js",
    "start": 1534758062386,
    "end": 1534758062386,
    "duration": 0,
    "pid": 12332,
    "index": 18
  },
  {
    "name": "Require(16) node_modules/.2.9.1@egg/config/config.default.js",
    "start": 1534758062386,
    "end": 1534758062389,
    "duration": 3,
    "pid": 12332,
    "index": 19
  },
  {
    "name": "Require(17) config/config.default.js",
    "start": 1534758062391,
    "end": 1534758062391,
    "duration": 0,
    "pid": 12332,
    "index": 20
  },
  {
    "name": "Require(18) node_modules/.2.2.3@egg-security/config/config.local.js",
    "start": 1534758062391,
    "end": 1534758062391,
    "duration": 0,
    "pid": 12332,
    "index": 21
  },
  {
    "name": "Require(19) node_modules/.3.0.0@egg-watcher/config/config.local.js",
    "start": 1534758062392,
    "end": 1534758062392,
    "duration": 0,
    "pid": 12332,
    "index": 22
  },
  {
    "name": "Require(20) node_modules/.2.1.0@egg-view/config/config.local.js",
    "start": 1534758062393,
    "end": 1534758062393,
    "duration": 0,
    "pid": 12332,
    "index": 23
  },
  {
    "name": "Require(21) node_modules/.2.2.0@egg-view-nunjucks/config/config.local.js",
    "start": 1534758062394,
    "end": 1534758062394,
    "duration": 0,
    "pid": 12332,
    "index": 24
  },
  {
    "name": "Require(22) node_modules/.2.9.1@egg/config/config.local.js",
    "start": 1534758062394,
    "end": 1534758062394,
    "duration": 0,
    "pid": 12332,
    "index": 25
  },
  {
    "name": "Load extend/application.js",
    "start": 1534758062395,
    "end": 1534758062454,
    "duration": 59,
    "pid": 12332,
    "index": 26
  },
  {
    "name": "Require(23) node_modules/.3.1.0@egg-session/app/extend/application.js",
    "start": 1534758062396,
    "end": 1534758062397,
    "duration": 1,
    "pid": 12332,
    "index": 27
  },
  {
    "name": "Require(24) node_modules/.2.2.3@egg-security/app/extend/application.js",
    "start": 1534758062397,
    "end": 1534758062398,
    "duration": 1,
    "pid": 12332,
    "index": 28
  },
  {
    "name": "Require(25) node_modules/.2.0.0@egg-jsonp/app/extend/application.js",
    "start": 1534758062398,
    "end": 1534758062399,
    "duration": 1,
    "pid": 12332,
    "index": 29
  },
  {
    "name": "Require(26) node_modules/.3.0.3@egg-logrotator/app/extend/application.js",
    "start": 1534758062400,
    "end": 1534758062402,
    "duration": 2,
    "pid": 12332,
    "index": 30
  },
  {
    "name": "Require(27) node_modules/.2.1.0@egg-view/app/extend/application.js",
    "start": 1534758062402,
    "end": 1534758062404,
    "duration": 2,
    "pid": 12332,
    "index": 31
  },
  {
    "name": "Require(28) node_modules/.2.2.0@egg-view-nunjucks/app/extend/application.js",
    "start": 1534758062404,
    "end": 1534758062451,
    "duration": 47,
    "pid": 12332,
    "index": 32
  },
  {
    "name": "Load extend/request.js",
    "start": 1534758062454,
    "end": 1534758062458,
    "duration": 4,
    "pid": 12332,
    "index": 33
  },
  {
    "name": "Require(29) node_modules/.2.9.1@egg/app/extend/request.js",
    "start": 1534758062455,
    "end": 1534758062457,
    "duration": 2,
    "pid": 12332,
    "index": 34
  },
  {
    "name": "Load extend/response.js",
    "start": 1534758062458,
    "end": 1534758062466,
    "duration": 8,
    "pid": 12332,
    "index": 35
  },
  {
    "name": "Require(30) node_modules/.2.9.1@egg/app/extend/response.js",
    "start": 1534758062461,
    "end": 1534758062464,
    "duration": 3,
    "pid": 12332,
    "index": 36
  },
  {
    "name": "Load extend/context.js",
    "start": 1534758062466,
    "end": 1534758062525,
    "duration": 59,
    "pid": 12332,
    "index": 37
  },
  {
    "name": "Require(31) node_modules/.2.2.3@egg-security/app/extend/context.js",
    "start": 1534758062467,
    "end": 1534758062475,
    "duration": 8,
    "pid": 12332,
    "index": 38
  },
  {
    "name": "Require(32) node_modules/.2.0.0@egg-jsonp/app/extend/context.js",
    "start": 1534758062476,
    "end": 1534758062477,
    "duration": 1,
    "pid": 12332,
    "index": 39
  },
  {
    "name": "Require(33) node_modules/.2.0.0@egg-i18n/app/extend/context.js",
    "start": 1534758062478,
    "end": 1534758062478,
    "duration": 0,
    "pid": 12332,
    "index": 40
  },
  {
    "name": "Require(34) node_modules/.2.0.0@egg-multipart/app/extend/context.js",
    "start": 1534758062478,
    "end": 1534758062516,
    "duration": 38,
    "pid": 12332,
    "index": 41
  },
  {
    "name": "Require(35) node_modules/.2.1.0@egg-view/app/extend/context.js",
    "start": 1534758062517,
    "end": 1534758062518,
    "duration": 1,
    "pid": 12332,
    "index": 42
  },
  {
    "name": "Require(36) node_modules/.1.0.0@egg-validate/app/extend/context.js",
    "start": 1534758062518,
    "end": 1534758062518,
    "duration": 0,
    "pid": 12332,
    "index": 43
  },
  {
    "name": "Require(37) node_modules/.3.1.0@egg-mongoose/app/extend/context.js",
    "start": 1534758062519,
    "end": 1534758062519,
    "duration": 0,
    "pid": 12332,
    "index": 44
  },
  {
    "name": "Require(38) node_modules/.2.9.1@egg/app/extend/context.js",
    "start": 1534758062522,
    "end": 1534758062523,
    "duration": 1,
    "pid": 12332,
    "index": 45
  },
  {
    "name": "Load extend/helper.js",
    "start": 1534758062526,
    "end": 1534758062542,
    "duration": 16,
    "pid": 12332,
    "index": 46
  },
  {
    "name": "Require(39) node_modules/.2.2.3@egg-security/app/extend/helper.js",
    "start": 1534758062526,
    "end": 1534758062538,
    "duration": 12,
    "pid": 12332,
    "index": 47
  },
  {
    "name": "Require(40) node_modules/.2.9.1@egg/app/extend/helper.js",
    "start": 1534758062540,
    "end": 1534758062540,
    "duration": 0,
    "pid": 12332,
    "index": 48
  },
  {
    "name": "Load app.js",
    "start": 1534758062542,
    "end": 1534758063381,
    "duration": 839,
    "pid": 12332,
    "index": 49
  },
  {
    "name": "Require(41) node_modules/.3.1.0@egg-session/app.js",
    "start": 1534758062542,
    "end": 1534758062542,
    "duration": 0,
    "pid": 12332,
    "index": 50
  },
  {
    "name": "Require(42) node_modules/.2.2.3@egg-security/app.js",
    "start": 1534758062542,
    "end": 1534758062544,
    "duration": 2,
    "pid": 12332,
    "index": 51
  },
  {
    "name": "Require(43) node_modules/.2.1.0@egg-onerror/app.js",
    "start": 1534758062544,
    "end": 1534758062551,
    "duration": 7,
    "pid": 12332,
    "index": 52
  },
  {
    "name": "Require(44) node_modules/.2.0.0@egg-i18n/app.js",
    "start": 1534758062552,
    "end": 1534758062557,
    "duration": 5,
    "pid": 12332,
    "index": 53
  },
  {
    "name": "Require(45) node_modules/.3.0.0@egg-watcher/app.js",
    "start": 1534758062559,
    "end": 1534758062562,
    "duration": 3,
    "pid": 12332,
    "index": 54
  },
  {
    "name": "Before Start in node_modules/.3.0.0@egg-watcher/app.js:15:7",
    "start": 1534758062568,
    "end": 1534758063768,
    "duration": 1200,
    "pid": 12332,
    "index": 55
  },
  {
    "name": "Require(46) node_modules/.2.0.0@egg-multipart/app.js",
    "start": 1534758062569,
    "end": 1534758062571,
    "duration": 2,
    "pid": 12332,
    "index": 56
  },
  {
    "name": "Require(47) node_modules/.2.3.1@egg-development/app.js",
    "start": 1534758062572,
    "end": 1534758062573,
    "duration": 1,
    "pid": 12332,
    "index": 57
  },
  {
    "name": "Before Start in node_modules/.2.3.1@egg-development/app.js:12:7",
    "start": 1534758062573,
    "end": 1534758063768,
    "duration": 1195,
    "pid": 12332,
    "index": 58
  },
  {
    "name": "Require(48) node_modules/.3.3.0@egg-schedule/app.js",
    "start": 1534758062573,
    "end": 1534758062574,
    "duration": 1,
    "pid": 12332,
    "index": 59
  },
  {
    "name": "Require(49) node_modules/.3.0.3@egg-logrotator/app.js",
    "start": 1534758062606,
    "end": 1534758062606,
    "duration": 0,
    "pid": 12332,
    "index": 60
  },
  {
    "name": "Require(50) node_modules/.2.1.1@egg-static/app.js",
    "start": 1534758062606,
    "end": 1534758062607,
    "duration": 1,
    "pid": 12332,
    "index": 61
  },
  {
    "name": "Require(51) node_modules/.1.0.0@egg-validate/app.js",
    "start": 1534758062607,
    "end": 1534758062608,
    "duration": 1,
    "pid": 12332,
    "index": 62
  },
  {
    "name": "Require(52) node_modules/.3.1.0@egg-mongoose/app.js",
    "start": 1534758062609,
    "end": 1534758062609,
    "duration": 0,
    "pid": 12332,
    "index": 63
  },
  {
    "name": "Before Start in node_modules/.3.1.0@egg-mongoose/lib/mongoose.js:77:7",
    "start": 1534758063378,
    "end": 1534758064781,
    "duration": 1403,
    "pid": 12332,
    "index": 64
  },
  {
    "name": "Before Start in node_modules/.3.1.0@egg-mongoose/lib/mongoose.js:42:9",
    "start": 1534758063378,
    "end": 1534758063730,
    "duration": 352,
    "pid": 12332,
    "index": 65
  },
  {
    "name": "Require(53) node_modules/.2.1.0@egg-cors/app.js",
    "start": 1534758063378,
    "end": 1534758063379,
    "duration": 1,
    "pid": 12332,
    "index": 66
  },
  {
    "name": "Require(54) node_modules/.2.2.0@egg-view-nunjucks/app.js",
    "start": 1534758063379,
    "end": 1534758063379,
    "duration": 0,
    "pid": 12332,
    "index": 67
  },
  {
    "name": "Load Service",
    "start": 1534758063381,
    "end": 1534758063640,
    "duration": 259,
    "pid": 12332,
    "index": 68
  },
  {
    "name": "Load \"service\" to Context",
    "start": 1534758063381,
    "end": 1534758063640,
    "duration": 259,
    "pid": 12332,
    "index": 69
  },
  {
    "name": "Load Middleware",
    "start": 1534758063640,
    "end": 1534758063695,
    "duration": 55,
    "pid": 12332,
    "index": 70
  },
  {
    "name": "Load \"middlewares\" to Application",
    "start": 1534758063640,
    "end": 1534758063689,
    "duration": 49,
    "pid": 12332,
    "index": 71
  },
  {
    "name": "Load Controller",
    "start": 1534758063696,
    "end": 1534758063701,
    "duration": 5,
    "pid": 12332,
    "index": 72
  },
  {
    "name": "Load \"controller\" to Application",
    "start": 1534758063696,
    "end": 1534758063701,
    "duration": 5,
    "pid": 12332,
    "index": 73
  },
  {
    "name": "Load Router",
    "start": 1534758063701,
    "end": 1534758063703,
    "duration": 2,
    "pid": 12332,
    "index": 74
  },
  {
    "name": "Require(55) app/router.js",
    "start": 1534758063701,
    "end": 1534758063701,
    "duration": 0,
    "pid": 12332,
    "index": 75
  },
  {
    "name": "Before Start in node_modules/.4.9.1@egg-core/lib/egg.js:328:10",
    "start": 1534758063701,
    "end": 1534758063730,
    "duration": 29,
    "pid": 12332,
    "index": 76
  },
  {
    "name": "Load \"model\" to Application",
    "start": 1534758063713,
    "end": 1534758063729,
    "duration": 16,
    "pid": 12332,
    "index": 77
  }
]