[
  {
    "name": "Application Start",
    "start": 1534759543358,
    "end": 1534759545809,
    "duration": 2451,
    "pid": 12692,
    "index": 0
  },
  {
    "name": "Load Plugin",
    "start": 1534759543362,
    "end": 1534759543380,
    "duration": 18,
    "pid": 12692,
    "index": 1
  },
  {
    "name": "Load Config",
    "start": 1534759543381,
    "end": 1534759543399,
    "duration": 18,
    "pid": 12692,
    "index": 2
  },
  {
    "name": "Require(0) config/config.default.js",
    "start": 1534759543381,
    "end": 1534759543382,
    "duration": 1,
    "pid": 12692,
    "index": 3
  },
  {
    "name": "Require(1) node_modules/.3.1.0@egg-session/config/config.default.js",
    "start": 1534759543383,
    "end": 1534759543383,
    "duration": 0,
    "pid": 12692,
    "index": 4
  },
  {
    "name": "Require(2) node_modules/.2.2.3@egg-security/config/config.default.js",
    "start": 1534759543384,
    "end": 1534759543384,
    "duration": 0,
    "pid": 12692,
    "index": 5
  },
  {
    "name": "Require(3) node_modules/.2.0.0@egg-jsonp/config/config.default.js",
    "start": 1534759543385,
    "end": 1534759543385,
    "duration": 0,
    "pid": 12692,
    "index": 6
  },
  {
    "name": "Require(4) node_modules/.2.1.0@egg-onerror/config/config.default.js",
    "start": 1534759543385,
    "end": 1534759543385,
    "duration": 0,
    "pid": 12692,
    "index": 7
  },
  {
    "name": "Require(5) node_modules/.2.0.0@egg-i18n/config/config.default.js",
    "start": 1534759543386,
    "end": 1534759543386,
    "duration": 0,
    "pid": 12692,
    "index": 8
  },
  {
    "name": "Require(6) node_modules/.3.0.0@egg-watcher/config/config.default.js",
    "start": 1534759543386,
    "end": 1534759543387,
    "duration": 1,
    "pid": 12692,
    "index": 9
  },
  {
    "name": "Require(7) node_modules/.2.0.0@egg-multipart/config/config.default.js",
    "start": 1534759543387,
    "end": 1534759543387,
    "duration": 0,
    "pid": 12692,
    "index": 10
  },
  {
    "name": "Require(8) node_modules/.2.3.1@egg-development/config/config.default.js",
    "start": 1534759543388,
    "end": 1534759543388,
    "duration": 0,
    "pid": 12692,
    "index": 11
  },
  {
    "name": "Require(9) node_modules/.3.3.0@egg-schedule/config/config.default.js",
    "start": 1534759543388,
    "end": 1534759543388,
    "duration": 0,
    "pid": 12692,
    "index": 12
  },
  {
    "name": "Require(10) node_modules/.3.0.3@egg-logrotator/config/config.default.js",
    "start": 1534759543389,
    "end": 1534759543389,
    "duration": 0,
    "pid": 12692,
    "index": 13
  },
  {
    "name": "Require(11) node_modules/.2.1.1@egg-static/config/config.default.js",
    "start": 1534759543389,
    "end": 1534759543389,
    "duration": 0,
    "pid": 12692,
    "index": 14
  },
  {
    "name": "Require(12) node_modules/.2.1.0@egg-view/config/config.default.js",
    "start": 1534759543390,
    "end": 1534759543390,
    "duration": 0,
    "pid": 12692,
    "index": 15
  },
  {
    "name": "Require(13) node_modules/.3.1.0@egg-mongoose/config/config.default.js",
    "start": 1534759543391,
    "end": 1534759543391,
    "duration": 0,
    "pid": 12692,
    "index": 16
  },
  {
    "name": "Require(14) node_modules/.2.1.0@egg-cors/config/config.default.js",
    "start": 1534759543391,
    "end": 1534759543392,
    "duration": 1,
    "pid": 12692,
    "index": 17
  },
  {
    "name": "Require(15) node_modules/.2.2.0@egg-view-nunjucks/config/config.default.js",
    "start": 1534759543392,
    "end": 1534759543392,
    "duration": 0,
    "pid": 12692,
    "index": 18
  },
  {
    "name": "Require(16) node_modules/.2.9.1@egg/config/config.default.js",
    "start": 1534759543393,
    "end": 1534759543393,
    "duration": 0,
    "pid": 12692,
    "index": 19
  },
  {
    "name": "Require(17) config/config.default.js",
    "start": 1534759543394,
    "end": 1534759543394,
    "duration": 0,
    "pid": 12692,
    "index": 20
  },
  {
    "name": "Require(18) node_modules/.2.2.3@egg-security/config/config.local.js",
    "start": 1534759543396,
    "end": 1534759543396,
    "duration": 0,
    "pid": 12692,
    "index": 21
  },
  {
    "name": "Require(19) node_modules/.3.0.0@egg-watcher/config/config.local.js",
    "start": 1534759543397,
    "end": 1534759543398,
    "duration": 1,
    "pid": 12692,
    "index": 22
  },
  {
    "name": "Require(20) node_modules/.2.1.0@egg-view/config/config.local.js",
    "start": 1534759543398,
    "end": 1534759543398,
    "duration": 0,
    "pid": 12692,
    "index": 23
  },
  {
    "name": "Require(21) node_modules/.2.2.0@egg-view-nunjucks/config/config.local.js",
    "start": 1534759543399,
    "end": 1534759543399,
    "duration": 0,
    "pid": 12692,
    "index": 24
  },
  {
    "name": "Require(22) node_modules/.2.9.1@egg/config/config.local.js",
    "start": 1534759543399,
    "end": 1534759543399,
    "duration": 0,
    "pid": 12692,
    "index": 25
  },
  {
    "name": "Load extend/application.js",
    "start": 1534759543400,
    "end": 1534759543462,
    "duration": 62,
    "pid": 12692,
    "index": 26
  },
  {
    "name": "Require(23) node_modules/.3.1.0@egg-session/app/extend/application.js",
    "start": 1534759543401,
    "end": 1534759543401,
    "duration": 0,
    "pid": 12692,
    "index": 27
  },
  {
    "name": "Require(24) node_modules/.2.2.3@egg-security/app/extend/application.js",
    "start": 1534759543401,
    "end": 1534759543402,
    "duration": 1,
    "pid": 12692,
    "index": 28
  },
  {
    "name": "Require(25) node_modules/.2.0.0@egg-jsonp/app/extend/application.js",
    "start": 1534759543402,
    "end": 1534759543404,
    "duration": 2,
    "pid": 12692,
    "index": 29
  },
  {
    "name": "Require(26) node_modules/.3.0.3@egg-logrotator/app/extend/application.js",
    "start": 1534759543404,
    "end": 1534759543406,
    "duration": 2,
    "pid": 12692,
    "index": 30
  },
  {
    "name": "Require(27) node_modules/.2.1.0@egg-view/app/extend/application.js",
    "start": 1534759543406,
    "end": 1534759543408,
    "duration": 2,
    "pid": 12692,
    "index": 31
  },
  {
    "name": "Require(28) node_modules/.2.2.0@egg-view-nunjucks/app/extend/application.js",
    "start": 1534759543408,
    "end": 1534759543459,
    "duration": 51,
    "pid": 12692,
    "index": 32
  },
  {
    "name": "Load extend/request.js",
    "start": 1534759543462,
    "end": 1534759543469,
    "duration": 7,
    "pid": 12692,
    "index": 33
  },
  {
    "name": "Require(29) node_modules/.2.9.1@egg/app/extend/request.js",
    "start": 1534759543465,
    "end": 1534759543467,
    "duration": 2,
    "pid": 12692,
    "index": 34
  },
  {
    "name": "Load extend/response.js",
    "start": 1534759543469,
    "end": 1534759543475,
    "duration": 6,
    "pid": 12692,
    "index": 35
  },
  {
    "name": "Require(30) node_modules/.2.9.1@egg/app/extend/response.js",
    "start": 1534759543471,
    "end": 1534759543473,
    "duration": 2,
    "pid": 12692,
    "index": 36
  },
  {
    "name": "Load extend/context.js",
    "start": 1534759543475,
    "end": 1534759543528,
    "duration": 53,
    "pid": 12692,
    "index": 37
  },
  {
    "name": "Require(31) node_modules/.2.2.3@egg-security/app/extend/context.js",
    "start": 1534759543475,
    "end": 1534759543484,
    "duration": 9,
    "pid": 12692,
    "index": 38
  },
  {
    "name": "Require(32) node_modules/.2.0.0@egg-jsonp/app/extend/context.js",
    "start": 1534759543484,
    "end": 1534759543485,
    "duration": 1,
    "pid": 12692,
    "index": 39
  },
  {
    "name": "Require(33) node_modules/.2.0.0@egg-i18n/app/extend/context.js",
    "start": 1534759543485,
    "end": 1534759543486,
    "duration": 1,
    "pid": 12692,
    "index": 40
  },
  {
    "name": "Require(34) node_modules/.2.0.0@egg-multipart/app/extend/context.js",
    "start": 1534759543486,
    "end": 1534759543520,
    "duration": 34,
    "pid": 12692,
    "index": 41
  },
  {
    "name": "Require(35) node_modules/.2.1.0@egg-view/app/extend/context.js",
    "start": 1534759543521,
    "end": 1534759543523,
    "duration": 2,
    "pid": 12692,
    "index": 42
  },
  {
    "name": "Require(36) node_modules/.1.0.0@egg-validate/app/extend/context.js",
    "start": 1534759543523,
    "end": 1534759543523,
    "duration": 0,
    "pid": 12692,
    "index": 43
  },
  {
    "name": "Require(37) node_modules/.3.1.0@egg-mongoose/app/extend/context.js",
    "start": 1534759543523,
    "end": 1534759543524,
    "duration": 1,
    "pid": 12692,
    "index": 44
  },
  {
    "name": "Require(38) node_modules/.2.9.1@egg/app/extend/context.js",
    "start": 1534759543524,
    "end": 1534759543526,
    "duration": 2,
    "pid": 12692,
    "index": 45
  },
  {
    "name": "Load extend/helper.js",
    "start": 1534759543528,
    "end": 1534759543548,
    "duration": 20,
    "pid": 12692,
    "index": 46
  },
  {
    "name": "Require(39) node_modules/.2.2.3@egg-security/app/extend/helper.js",
    "start": 1534759543528,
    "end": 1534759543545,
    "duration": 17,
    "pid": 12692,
    "index": 47
  },
  {
    "name": "Require(40) node_modules/.2.9.1@egg/app/extend/helper.js",
    "start": 1534759543546,
    "end": 1534759543546,
    "duration": 0,
    "pid": 12692,
    "index": 48
  },
  {
    "name": "Load app.js",
    "start": 1534759543548,
    "end": 1534759544421,
    "duration": 873,
    "pid": 12692,
    "index": 49
  },
  {
    "name": "Require(41) node_modules/.3.1.0@egg-session/app.js",
    "start": 1534759543549,
    "end": 1534759543549,
    "duration": 0,
    "pid": 12692,
    "index": 50
  },
  {
    "name": "Require(42) node_modules/.2.2.3@egg-security/app.js",
    "start": 1534759543549,
    "end": 1534759543550,
    "duration": 1,
    "pid": 12692,
    "index": 51
  },
  {
    "name": "Require(43) node_modules/.2.1.0@egg-onerror/app.js",
    "start": 1534759543551,
    "end": 1534759543557,
    "duration": 6,
    "pid": 12692,
    "index": 52
  },
  {
    "name": "Require(44) node_modules/.2.0.0@egg-i18n/app.js",
    "start": 1534759543558,
    "end": 1534759543564,
    "duration": 6,
    "pid": 12692,
    "index": 53
  },
  {
    "name": "Require(45) node_modules/.3.0.0@egg-watcher/app.js",
    "start": 1534759543566,
    "end": 1534759543569,
    "duration": 3,
    "pid": 12692,
    "index": 54
  },
  {
    "name": "Before Start in node_modules/.3.0.0@egg-watcher/app.js:15:7",
    "start": 1534759543576,
    "end": 1534759544802,
    "duration": 1226,
    "pid": 12692,
    "index": 55
  },
  {
    "name": "Require(46) node_modules/.2.0.0@egg-multipart/app.js",
    "start": 1534759543577,
    "end": 1534759543579,
    "duration": 2,
    "pid": 12692,
    "index": 56
  },
  {
    "name": "Require(47) node_modules/.2.3.1@egg-development/app.js",
    "start": 1534759543580,
    "end": 1534759543581,
    "duration": 1,
    "pid": 12692,
    "index": 57
  },
  {
    "name": "Before Start in node_modules/.2.3.1@egg-development/app.js:12:7",
    "start": 1534759543581,
    "end": 1534759544802,
    "duration": 1221,
    "pid": 12692,
    "index": 58
  },
  {
    "name": "Require(48) node_modules/.3.3.0@egg-schedule/app.js",
    "start": 1534759543582,
    "end": 1534759543583,
    "duration": 1,
    "pid": 12692,
    "index": 59
  },
  {
    "name": "Require(49) node_modules/.3.0.3@egg-logrotator/app.js",
    "start": 1534759543609,
    "end": 1534759543609,
    "duration": 0,
    "pid": 12692,
    "index": 60
  },
  {
    "name": "Require(50) node_modules/.2.1.1@egg-static/app.js",
    "start": 1534759543609,
    "end": 1534759543609,
    "duration": 0,
    "pid": 12692,
    "index": 61
  },
  {
    "name": "Require(51) node_modules/.1.0.0@egg-validate/app.js",
    "start": 1534759543610,
    "end": 1534759543611,
    "duration": 1,
    "pid": 12692,
    "index": 62
  },
  {
    "name": "Require(52) node_modules/.3.1.0@egg-mongoose/app.js",
    "start": 1534759543612,
    "end": 1534759543612,
    "duration": 0,
    "pid": 12692,
    "index": 63
  },
  {
    "name": "Before Start in node_modules/.3.1.0@egg-mongoose/lib/mongoose.js:77:7",
    "start": 1534759544419,
    "end": 1534759545809,
    "duration": 1390,
    "pid": 12692,
    "index": 64
  },
  {
    "name": "Before Start in node_modules/.3.1.0@egg-mongoose/lib/mongoose.js:42:9",
    "start": 1534759544419,
    "end": 1534759544792,
    "duration": 373,
    "pid": 12692,
    "index": 65
  },
  {
    "name": "Require(53) node_modules/.2.1.0@egg-cors/app.js",
    "start": 1534759544419,
    "end": 1534759544419,
    "duration": 0,
    "pid": 12692,
    "index": 66
  },
  {
    "name": "Require(54) node_modules/.2.2.0@egg-view-nunjucks/app.js",
    "start": 1534759544420,
    "end": 1534759544420,
    "duration": 0,
    "pid": 12692,
    "index": 67
  },
  {
    "name": "Load Service",
    "start": 1534759544422,
    "end": 1534759544704,
    "duration": 282,
    "pid": 12692,
    "index": 68
  },
  {
    "name": "Load \"service\" to Context",
    "start": 1534759544422,
    "end": 1534759544704,
    "duration": 282,
    "pid": 12692,
    "index": 69
  },
  {
    "name": "Load Middleware",
    "start": 1534759544704,
    "end": 1534759544761,
    "duration": 57,
    "pid": 12692,
    "index": 70
  },
  {
    "name": "Load \"middlewares\" to Application",
    "start": 1534759544705,
    "end": 1534759544755,
    "duration": 50,
    "pid": 12692,
    "index": 71
  },
  {
    "name": "Load Controller",
    "start": 1534759544761,
    "end": 1534759544767,
    "duration": 6,
    "pid": 12692,
    "index": 72
  },
  {
    "name": "Load \"controller\" to Application",
    "start": 1534759544761,
    "end": 1534759544767,
    "duration": 6,
    "pid": 12692,
    "index": 73
  },
  {
    "name": "Load Router",
    "start": 1534759544767,
    "end": 1534759544769,
    "duration": 2,
    "pid": 12692,
    "index": 74
  },
  {
    "name": "Require(55) app/router.js",
    "start": 1534759544767,
    "end": 1534759544767,
    "duration": 0,
    "pid": 12692,
    "index": 75
  },
  {
    "name": "Before Start in node_modules/.4.9.1@egg-core/lib/egg.js:328:10",
    "start": 1534759544767,
    "end": 1534759544792,
    "duration": 25,
    "pid": 12692,
    "index": 76
  },
  {
    "name": "Load \"model\" to Application",
    "start": 1534759544779,
    "end": 1534759544792,
    "duration": 13,
    "pid": 12692,
    "index": 77
  }
]