[
  {
    "name": "Application Start",
    "start": 1534758094308,
    "end": 1534758096654,
    "duration": 2346,
    "pid": 15440,
    "index": 0
  },
  {
    "name": "Load Plugin",
    "start": 1534758094314,
    "end": 1534758094332,
    "duration": 18,
    "pid": 15440,
    "index": 1
  },
  {
    "name": "Load Config",
    "start": 1534758094332,
    "end": 1534758094350,
    "duration": 18,
    "pid": 15440,
    "index": 2
  },
  {
    "name": "Require(0) config/config.default.js",
    "start": 1534758094332,
    "end": 1534758094333,
    "duration": 1,
    "pid": 15440,
    "index": 3
  },
  {
    "name": "Require(1) node_modules/.3.1.0@egg-session/config/config.default.js",
    "start": 1534758094334,
    "end": 1534758094334,
    "duration": 0,
    "pid": 15440,
    "index": 4
  },
  {
    "name": "Require(2) node_modules/.2.2.3@egg-security/config/config.default.js",
    "start": 1534758094335,
    "end": 1534758094335,
    "duration": 0,
    "pid": 15440,
    "index": 5
  },
  {
    "name": "Require(3) node_modules/.2.0.0@egg-jsonp/config/config.default.js",
    "start": 1534758094335,
    "end": 1534758094336,
    "duration": 1,
    "pid": 15440,
    "index": 6
  },
  {
    "name": "Require(4) node_modules/.2.1.0@egg-onerror/config/config.default.js",
    "start": 1534758094336,
    "end": 1534758094336,
    "duration": 0,
    "pid": 15440,
    "index": 7
  },
  {
    "name": "Require(5) node_modules/.2.0.0@egg-i18n/config/config.default.js",
    "start": 1534758094336,
    "end": 1534758094337,
    "duration": 1,
    "pid": 15440,
    "index": 8
  },
  {
    "name": "Require(6) node_modules/.3.0.0@egg-watcher/config/config.default.js",
    "start": 1534758094337,
    "end": 1534758094337,
    "duration": 0,
    "pid": 15440,
    "index": 9
  },
  {
    "name": "Require(7) node_modules/.2.0.0@egg-multipart/config/config.default.js",
    "start": 1534758094337,
    "end": 1534758094338,
    "duration": 1,
    "pid": 15440,
    "index": 10
  },
  {
    "name": "Require(8) node_modules/.2.3.1@egg-development/config/config.default.js",
    "start": 1534758094338,
    "end": 1534758094338,
    "duration": 0,
    "pid": 15440,
    "index": 11
  },
  {
    "name": "Require(9) node_modules/.3.3.0@egg-schedule/config/config.default.js",
    "start": 1534758094339,
    "end": 1534758094339,
    "duration": 0,
    "pid": 15440,
    "index": 12
  },
  {
    "name": "Require(10) node_modules/.3.0.3@egg-logrotator/config/config.default.js",
    "start": 1534758094339,
    "end": 1534758094339,
    "duration": 0,
    "pid": 15440,
    "index": 13
  },
  {
    "name": "Require(11) node_modules/.2.1.1@egg-static/config/config.default.js",
    "start": 1534758094340,
    "end": 1534758094340,
    "duration": 0,
    "pid": 15440,
    "index": 14
  },
  {
    "name": "Require(12) node_modules/.2.1.0@egg-view/config/config.default.js",
    "start": 1534758094342,
    "end": 1534758094343,
    "duration": 1,
    "pid": 15440,
    "index": 15
  },
  {
    "name": "Require(13) node_modules/.3.1.0@egg-mongoose/config/config.default.js",
    "start": 1534758094343,
    "end": 1534758094344,
    "duration": 1,
    "pid": 15440,
    "index": 16
  },
  {
    "name": "Require(14) node_modules/.2.1.0@egg-cors/config/config.default.js",
    "start": 1534758094344,
    "end": 1534758094344,
    "duration": 0,
    "pid": 15440,
    "index": 17
  },
  {
    "name": "Require(15) node_modules/.2.2.0@egg-view-nunjucks/config/config.default.js",
    "start": 1534758094345,
    "end": 1534758094345,
    "duration": 0,
    "pid": 15440,
    "index": 18
  },
  {
    "name": "Require(16) node_modules/.2.9.1@egg/config/config.default.js",
    "start": 1534758094345,
    "end": 1534758094346,
    "duration": 1,
    "pid": 15440,
    "index": 19
  },
  {
    "name": "Require(17) config/config.default.js",
    "start": 1534758094347,
    "end": 1534758094347,
    "duration": 0,
    "pid": 15440,
    "index": 20
  },
  {
    "name": "Require(18) node_modules/.2.2.3@egg-security/config/config.local.js",
    "start": 1534758094347,
    "end": 1534758094348,
    "duration": 1,
    "pid": 15440,
    "index": 21
  },
  {
    "name": "Require(19) node_modules/.3.0.0@egg-watcher/config/config.local.js",
    "start": 1534758094348,
    "end": 1534758094348,
    "duration": 0,
    "pid": 15440,
    "index": 22
  },
  {
    "name": "Require(20) node_modules/.2.1.0@egg-view/config/config.local.js",
    "start": 1534758094349,
    "end": 1534758094349,
    "duration": 0,
    "pid": 15440,
    "index": 23
  },
  {
    "name": "Require(21) node_modules/.2.2.0@egg-view-nunjucks/config/config.local.js",
    "start": 1534758094350,
    "end": 1534758094350,
    "duration": 0,
    "pid": 15440,
    "index": 24
  },
  {
    "name": "Require(22) node_modules/.2.9.1@egg/config/config.local.js",
    "start": 1534758094350,
    "end": 1534758094350,
    "duration": 0,
    "pid": 15440,
    "index": 25
  },
  {
    "name": "Load extend/application.js",
    "start": 1534758094351,
    "end": 1534758094402,
    "duration": 51,
    "pid": 15440,
    "index": 26
  },
  {
    "name": "Require(23) node_modules/.3.1.0@egg-session/app/extend/application.js",
    "start": 1534758094352,
    "end": 1534758094352,
    "duration": 0,
    "pid": 15440,
    "index": 27
  },
  {
    "name": "Require(24) node_modules/.2.2.3@egg-security/app/extend/application.js",
    "start": 1534758094352,
    "end": 1534758094353,
    "duration": 1,
    "pid": 15440,
    "index": 28
  },
  {
    "name": "Require(25) node_modules/.2.0.0@egg-jsonp/app/extend/application.js",
    "start": 1534758094353,
    "end": 1534758094355,
    "duration": 2,
    "pid": 15440,
    "index": 29
  },
  {
    "name": "Require(26) node_modules/.3.0.3@egg-logrotator/app/extend/application.js",
    "start": 1534758094355,
    "end": 1534758094357,
    "duration": 2,
    "pid": 15440,
    "index": 30
  },
  {
    "name": "Require(27) node_modules/.2.1.0@egg-view/app/extend/application.js",
    "start": 1534758094358,
    "end": 1534758094359,
    "duration": 1,
    "pid": 15440,
    "index": 31
  },
  {
    "name": "Require(28) node_modules/.2.2.0@egg-view-nunjucks/app/extend/application.js",
    "start": 1534758094359,
    "end": 1534758094400,
    "duration": 41,
    "pid": 15440,
    "index": 32
  },
  {
    "name": "Load extend/request.js",
    "start": 1534758094403,
    "end": 1534758094408,
    "duration": 5,
    "pid": 15440,
    "index": 33
  },
  {
    "name": "Require(29) node_modules/.2.9.1@egg/app/extend/request.js",
    "start": 1534758094404,
    "end": 1534758094406,
    "duration": 2,
    "pid": 15440,
    "index": 34
  },
  {
    "name": "Load extend/response.js",
    "start": 1534758094408,
    "end": 1534758094413,
    "duration": 5,
    "pid": 15440,
    "index": 35
  },
  {
    "name": "Require(30) node_modules/.2.9.1@egg/app/extend/response.js",
    "start": 1534758094410,
    "end": 1534758094411,
    "duration": 1,
    "pid": 15440,
    "index": 36
  },
  {
    "name": "Load extend/context.js",
    "start": 1534758094413,
    "end": 1534758094470,
    "duration": 57,
    "pid": 15440,
    "index": 37
  },
  {
    "name": "Require(31) node_modules/.2.2.3@egg-security/app/extend/context.js",
    "start": 1534758094414,
    "end": 1534758094422,
    "duration": 8,
    "pid": 15440,
    "index": 38
  },
  {
    "name": "Require(32) node_modules/.2.0.0@egg-jsonp/app/extend/context.js",
    "start": 1534758094422,
    "end": 1534758094424,
    "duration": 2,
    "pid": 15440,
    "index": 39
  },
  {
    "name": "Require(33) node_modules/.2.0.0@egg-i18n/app/extend/context.js",
    "start": 1534758094424,
    "end": 1534758094424,
    "duration": 0,
    "pid": 15440,
    "index": 40
  },
  {
    "name": "Require(34) node_modules/.2.0.0@egg-multipart/app/extend/context.js",
    "start": 1534758094424,
    "end": 1534758094459,
    "duration": 35,
    "pid": 15440,
    "index": 41
  },
  {
    "name": "Require(35) node_modules/.2.1.0@egg-view/app/extend/context.js",
    "start": 1534758094460,
    "end": 1534758094461,
    "duration": 1,
    "pid": 15440,
    "index": 42
  },
  {
    "name": "Require(36) node_modules/.1.0.0@egg-validate/app/extend/context.js",
    "start": 1534758094461,
    "end": 1534758094461,
    "duration": 0,
    "pid": 15440,
    "index": 43
  },
  {
    "name": "Require(37) node_modules/.3.1.0@egg-mongoose/app/extend/context.js",
    "start": 1534758094461,
    "end": 1534758094461,
    "duration": 0,
    "pid": 15440,
    "index": 44
  },
  {
    "name": "Require(38) node_modules/.2.9.1@egg/app/extend/context.js",
    "start": 1534758094463,
    "end": 1534758094464,
    "duration": 1,
    "pid": 15440,
    "index": 45
  },
  {
    "name": "Load extend/helper.js",
    "start": 1534758094470,
    "end": 1534758094484,
    "duration": 14,
    "pid": 15440,
    "index": 46
  },
  {
    "name": "Require(39) node_modules/.2.2.3@egg-security/app/extend/helper.js",
    "start": 1534758094470,
    "end": 1534758094481,
    "duration": 11,
    "pid": 15440,
    "index": 47
  },
  {
    "name": "Require(40) node_modules/.2.9.1@egg/app/extend/helper.js",
    "start": 1534758094482,
    "end": 1534758094482,
    "duration": 0,
    "pid": 15440,
    "index": 48
  },
  {
    "name": "Load app.js",
    "start": 1534758094484,
    "end": 1534758095268,
    "duration": 784,
    "pid": 15440,
    "index": 49
  },
  {
    "name": "Require(41) node_modules/.3.1.0@egg-session/app.js",
    "start": 1534758094484,
    "end": 1534758094484,
    "duration": 0,
    "pid": 15440,
    "index": 50
  },
  {
    "name": "Require(42) node_modules/.2.2.3@egg-security/app.js",
    "start": 1534758094484,
    "end": 1534758094486,
    "duration": 2,
    "pid": 15440,
    "index": 51
  },
  {
    "name": "Require(43) node_modules/.2.1.0@egg-onerror/app.js",
    "start": 1534758094486,
    "end": 1534758094493,
    "duration": 7,
    "pid": 15440,
    "index": 52
  },
  {
    "name": "Require(44) node_modules/.2.0.0@egg-i18n/app.js",
    "start": 1534758094493,
    "end": 1534758094499,
    "duration": 6,
    "pid": 15440,
    "index": 53
  },
  {
    "name": "Require(45) node_modules/.3.0.0@egg-watcher/app.js",
    "start": 1534758094500,
    "end": 1534758094503,
    "duration": 3,
    "pid": 15440,
    "index": 54
  },
  {
    "name": "Before Start in node_modules/.3.0.0@egg-watcher/app.js:15:7",
    "start": 1534758094510,
    "end": 1534758095651,
    "duration": 1141,
    "pid": 15440,
    "index": 55
  },
  {
    "name": "Require(46) node_modules/.2.0.0@egg-multipart/app.js",
    "start": 1534758094510,
    "end": 1534758094512,
    "duration": 2,
    "pid": 15440,
    "index": 56
  },
  {
    "name": "Require(47) node_modules/.2.3.1@egg-development/app.js",
    "start": 1534758094513,
    "end": 1534758094514,
    "duration": 1,
    "pid": 15440,
    "index": 57
  },
  {
    "name": "Before Start in node_modules/.2.3.1@egg-development/app.js:12:7",
    "start": 1534758094515,
    "end": 1534758095651,
    "duration": 1136,
    "pid": 15440,
    "index": 58
  },
  {
    "name": "Require(48) node_modules/.3.3.0@egg-schedule/app.js",
    "start": 1534758094517,
    "end": 1534758094518,
    "duration": 1,
    "pid": 15440,
    "index": 59
  },
  {
    "name": "Require(49) node_modules/.3.0.3@egg-logrotator/app.js",
    "start": 1534758094545,
    "end": 1534758094545,
    "duration": 0,
    "pid": 15440,
    "index": 60
  },
  {
    "name": "Require(50) node_modules/.2.1.1@egg-static/app.js",
    "start": 1534758094546,
    "end": 1534758094546,
    "duration": 0,
    "pid": 15440,
    "index": 61
  },
  {
    "name": "Require(51) node_modules/.1.0.0@egg-validate/app.js",
    "start": 1534758094546,
    "end": 1534758094547,
    "duration": 1,
    "pid": 15440,
    "index": 62
  },
  {
    "name": "Require(52) node_modules/.3.1.0@egg-mongoose/app.js",
    "start": 1534758094548,
    "end": 1534758094548,
    "duration": 0,
    "pid": 15440,
    "index": 63
  },
  {
    "name": "Before Start in node_modules/.3.1.0@egg-mongoose/lib/mongoose.js:77:7",
    "start": 1534758095265,
    "end": 1534758096654,
    "duration": 1389,
    "pid": 15440,
    "index": 64
  },
  {
    "name": "Before Start in node_modules/.3.1.0@egg-mongoose/lib/mongoose.js:42:9",
    "start": 1534758095265,
    "end": 1534758095612,
    "duration": 347,
    "pid": 15440,
    "index": 65
  },
  {
    "name": "Require(53) node_modules/.2.1.0@egg-cors/app.js",
    "start": 1534758095266,
    "end": 1534758095266,
    "duration": 0,
    "pid": 15440,
    "index": 66
  },
  {
    "name": "Require(54) node_modules/.2.2.0@egg-view-nunjucks/app.js",
    "start": 1534758095266,
    "end": 1534758095266,
    "duration": 0,
    "pid": 15440,
    "index": 67
  },
  {
    "name": "Load Service",
    "start": 1534758095268,
    "end": 1534758095523,
    "duration": 255,
    "pid": 15440,
    "index": 68
  },
  {
    "name": "Load \"service\" to Context",
    "start": 1534758095268,
    "end": 1534758095523,
    "duration": 255,
    "pid": 15440,
    "index": 69
  },
  {
    "name": "Load Middleware",
    "start": 1534758095523,
    "end": 1534758095578,
    "duration": 55,
    "pid": 15440,
    "index": 70
  },
  {
    "name": "Load \"middlewares\" to Application",
    "start": 1534758095523,
    "end": 1534758095572,
    "duration": 49,
    "pid": 15440,
    "index": 71
  },
  {
    "name": "Load Controller",
    "start": 1534758095579,
    "end": 1534758095584,
    "duration": 5,
    "pid": 15440,
    "index": 72
  },
  {
    "name": "Load \"controller\" to Application",
    "start": 1534758095579,
    "end": 1534758095584,
    "duration": 5,
    "pid": 15440,
    "index": 73
  },
  {
    "name": "Load Router",
    "start": 1534758095584,
    "end": 1534758095586,
    "duration": 2,
    "pid": 15440,
    "index": 74
  },
  {
    "name": "Require(55) app/router.js",
    "start": 1534758095584,
    "end": 1534758095584,
    "duration": 0,
    "pid": 15440,
    "index": 75
  },
  {
    "name": "Before Start in node_modules/.4.9.1@egg-core/lib/egg.js:328:10",
    "start": 1534758095584,
    "end": 1534758095612,
    "duration": 28,
    "pid": 15440,
    "index": 76
  },
  {
    "name": "Load \"model\" to Application",
    "start": 1534758095595,
    "end": 1534758095611,
    "duration": 16,
    "pid": 15440,
    "index": 77
  }
]