[
  {
    "name": "Application Start",
    "start": 1534750980024,
    "end": 1534750982393,
    "duration": 2369,
    "pid": 11616,
    "index": 0
  },
  {
    "name": "Load Plugin",
    "start": 1534750980027,
    "end": 1534750980046,
    "duration": 19,
    "pid": 11616,
    "index": 1
  },
  {
    "name": "Load Config",
    "start": 1534750980046,
    "end": 1534750980066,
    "duration": 20,
    "pid": 11616,
    "index": 2
  },
  {
    "name": "Require(0) config/config.default.js",
    "start": 1534750980047,
    "end": 1534750980047,
    "duration": 0,
    "pid": 11616,
    "index": 3
  },
  {
    "name": "Require(1) node_modules/.3.1.0@egg-session/config/config.default.js",
    "start": 1534750980048,
    "end": 1534750980049,
    "duration": 1,
    "pid": 11616,
    "index": 4
  },
  {
    "name": "Require(2) node_modules/.2.2.3@egg-security/config/config.default.js",
    "start": 1534750980049,
    "end": 1534750980049,
    "duration": 0,
    "pid": 11616,
    "index": 5
  },
  {
    "name": "Require(3) node_modules/.2.0.0@egg-jsonp/config/config.default.js",
    "start": 1534750980050,
    "end": 1534750980050,
    "duration": 0,
    "pid": 11616,
    "index": 6
  },
  {
    "name": "Require(4) node_modules/.2.1.0@egg-onerror/config/config.default.js",
    "start": 1534750980051,
    "end": 1534750980051,
    "duration": 0,
    "pid": 11616,
    "index": 7
  },
  {
    "name": "Require(5) node_modules/.2.0.0@egg-i18n/config/config.default.js",
    "start": 1534750980051,
    "end": 1534750980051,
    "duration": 0,
    "pid": 11616,
    "index": 8
  },
  {
    "name": "Require(6) node_modules/.3.0.0@egg-watcher/config/config.default.js",
    "start": 1534750980052,
    "end": 1534750980052,
    "duration": 0,
    "pid": 11616,
    "index": 9
  },
  {
    "name": "Require(7) node_modules/.2.0.0@egg-multipart/config/config.default.js",
    "start": 1534750980052,
    "end": 1534750980053,
    "duration": 1,
    "pid": 11616,
    "index": 10
  },
  {
    "name": "Require(8) node_modules/.2.3.1@egg-development/config/config.default.js",
    "start": 1534750980054,
    "end": 1534750980054,
    "duration": 0,
    "pid": 11616,
    "index": 11
  },
  {
    "name": "Require(9) node_modules/.3.3.0@egg-schedule/config/config.default.js",
    "start": 1534750980054,
    "end": 1534750980055,
    "duration": 1,
    "pid": 11616,
    "index": 12
  },
  {
    "name": "Require(10) node_modules/.3.0.3@egg-logrotator/config/config.default.js",
    "start": 1534750980055,
    "end": 1534750980056,
    "duration": 1,
    "pid": 11616,
    "index": 13
  },
  {
    "name": "Require(11) node_modules/.2.1.1@egg-static/config/config.default.js",
    "start": 1534750980056,
    "end": 1534750980056,
    "duration": 0,
    "pid": 11616,
    "index": 14
  },
  {
    "name": "Require(12) node_modules/.2.1.0@egg-view/config/config.default.js",
    "start": 1534750980057,
    "end": 1534750980057,
    "duration": 0,
    "pid": 11616,
    "index": 15
  },
  {
    "name": "Require(13) node_modules/.3.1.0@egg-mongoose/config/config.default.js",
    "start": 1534750980058,
    "end": 1534750980058,
    "duration": 0,
    "pid": 11616,
    "index": 16
  },
  {
    "name": "Require(14) node_modules/.2.1.0@egg-cors/config/config.default.js",
    "start": 1534750980058,
    "end": 1534750980058,
    "duration": 0,
    "pid": 11616,
    "index": 17
  },
  {
    "name": "Require(15) node_modules/.2.2.0@egg-view-nunjucks/config/config.default.js",
    "start": 1534750980059,
    "end": 1534750980059,
    "duration": 0,
    "pid": 11616,
    "index": 18
  },
  {
    "name": "Require(16) node_modules/.2.9.1@egg/config/config.default.js",
    "start": 1534750980061,
    "end": 1534750980062,
    "duration": 1,
    "pid": 11616,
    "index": 19
  },
  {
    "name": "Require(17) config/config.default.js",
    "start": 1534750980063,
    "end": 1534750980063,
    "duration": 0,
    "pid": 11616,
    "index": 20
  },
  {
    "name": "Require(18) node_modules/.2.2.3@egg-security/config/config.local.js",
    "start": 1534750980063,
    "end": 1534750980064,
    "duration": 1,
    "pid": 11616,
    "index": 21
  },
  {
    "name": "Require(19) node_modules/.3.0.0@egg-watcher/config/config.local.js",
    "start": 1534750980064,
    "end": 1534750980064,
    "duration": 0,
    "pid": 11616,
    "index": 22
  },
  {
    "name": "Require(20) node_modules/.2.1.0@egg-view/config/config.local.js",
    "start": 1534750980065,
    "end": 1534750980065,
    "duration": 0,
    "pid": 11616,
    "index": 23
  },
  {
    "name": "Require(21) node_modules/.2.2.0@egg-view-nunjucks/config/config.local.js",
    "start": 1534750980066,
    "end": 1534750980066,
    "duration": 0,
    "pid": 11616,
    "index": 24
  },
  {
    "name": "Require(22) node_modules/.2.9.1@egg/config/config.local.js",
    "start": 1534750980066,
    "end": 1534750980066,
    "duration": 0,
    "pid": 11616,
    "index": 25
  },
  {
    "name": "Load extend/application.js",
    "start": 1534750980067,
    "end": 1534750980126,
    "duration": 59,
    "pid": 11616,
    "index": 26
  },
  {
    "name": "Require(23) node_modules/.3.1.0@egg-session/app/extend/application.js",
    "start": 1534750980068,
    "end": 1534750980068,
    "duration": 0,
    "pid": 11616,
    "index": 27
  },
  {
    "name": "Require(24) node_modules/.2.2.3@egg-security/app/extend/application.js",
    "start": 1534750980068,
    "end": 1534750980070,
    "duration": 2,
    "pid": 11616,
    "index": 28
  },
  {
    "name": "Require(25) node_modules/.2.0.0@egg-jsonp/app/extend/application.js",
    "start": 1534750980071,
    "end": 1534750980073,
    "duration": 2,
    "pid": 11616,
    "index": 29
  },
  {
    "name": "Require(26) node_modules/.3.0.3@egg-logrotator/app/extend/application.js",
    "start": 1534750980074,
    "end": 1534750980076,
    "duration": 2,
    "pid": 11616,
    "index": 30
  },
  {
    "name": "Require(27) node_modules/.2.1.0@egg-view/app/extend/application.js",
    "start": 1534750980076,
    "end": 1534750980078,
    "duration": 2,
    "pid": 11616,
    "index": 31
  },
  {
    "name": "Require(28) node_modules/.2.2.0@egg-view-nunjucks/app/extend/application.js",
    "start": 1534750980078,
    "end": 1534750980124,
    "duration": 46,
    "pid": 11616,
    "index": 32
  },
  {
    "name": "Load extend/request.js",
    "start": 1534750980126,
    "end": 1534750980131,
    "duration": 5,
    "pid": 11616,
    "index": 33
  },
  {
    "name": "Require(29) node_modules/.2.9.1@egg/app/extend/request.js",
    "start": 1534750980128,
    "end": 1534750980129,
    "duration": 1,
    "pid": 11616,
    "index": 34
  },
  {
    "name": "Load extend/response.js",
    "start": 1534750980131,
    "end": 1534750980137,
    "duration": 6,
    "pid": 11616,
    "index": 35
  },
  {
    "name": "Require(30) node_modules/.2.9.1@egg/app/extend/response.js",
    "start": 1534750980133,
    "end": 1534750980135,
    "duration": 2,
    "pid": 11616,
    "index": 36
  },
  {
    "name": "Load extend/context.js",
    "start": 1534750980137,
    "end": 1534750980196,
    "duration": 59,
    "pid": 11616,
    "index": 37
  },
  {
    "name": "Require(31) node_modules/.2.2.3@egg-security/app/extend/context.js",
    "start": 1534750980138,
    "end": 1534750980147,
    "duration": 9,
    "pid": 11616,
    "index": 38
  },
  {
    "name": "Require(32) node_modules/.2.0.0@egg-jsonp/app/extend/context.js",
    "start": 1534750980147,
    "end": 1534750980148,
    "duration": 1,
    "pid": 11616,
    "index": 39
  },
  {
    "name": "Require(33) node_modules/.2.0.0@egg-i18n/app/extend/context.js",
    "start": 1534750980149,
    "end": 1534750980149,
    "duration": 0,
    "pid": 11616,
    "index": 40
  },
  {
    "name": "Require(34) node_modules/.2.0.0@egg-multipart/app/extend/context.js",
    "start": 1534750980150,
    "end": 1534750980191,
    "duration": 41,
    "pid": 11616,
    "index": 41
  },
  {
    "name": "Require(35) node_modules/.2.1.0@egg-view/app/extend/context.js",
    "start": 1534750980192,
    "end": 1534750980192,
    "duration": 0,
    "pid": 11616,
    "index": 42
  },
  {
    "name": "Require(36) node_modules/.1.0.0@egg-validate/app/extend/context.js",
    "start": 1534750980193,
    "end": 1534750980193,
    "duration": 0,
    "pid": 11616,
    "index": 43
  },
  {
    "name": "Require(37) node_modules/.3.1.0@egg-mongoose/app/extend/context.js",
    "start": 1534750980193,
    "end": 1534750980193,
    "duration": 0,
    "pid": 11616,
    "index": 44
  },
  {
    "name": "Require(38) node_modules/.2.9.1@egg/app/extend/context.js",
    "start": 1534750980194,
    "end": 1534750980195,
    "duration": 1,
    "pid": 11616,
    "index": 45
  },
  {
    "name": "Load extend/helper.js",
    "start": 1534750980196,
    "end": 1534750980211,
    "duration": 15,
    "pid": 11616,
    "index": 46
  },
  {
    "name": "Require(39) node_modules/.2.2.3@egg-security/app/extend/helper.js",
    "start": 1534750980197,
    "end": 1534750980208,
    "duration": 11,
    "pid": 11616,
    "index": 47
  },
  {
    "name": "Require(40) node_modules/.2.9.1@egg/app/extend/helper.js",
    "start": 1534750980209,
    "end": 1534750980209,
    "duration": 0,
    "pid": 11616,
    "index": 48
  },
  {
    "name": "Load app.js",
    "start": 1534750980211,
    "end": 1534750981010,
    "duration": 799,
    "pid": 11616,
    "index": 49
  },
  {
    "name": "Require(41) node_modules/.3.1.0@egg-session/app.js",
    "start": 1534750980211,
    "end": 1534750980211,
    "duration": 0,
    "pid": 11616,
    "index": 50
  },
  {
    "name": "Require(42) node_modules/.2.2.3@egg-security/app.js",
    "start": 1534750980211,
    "end": 1534750980213,
    "duration": 2,
    "pid": 11616,
    "index": 51
  },
  {
    "name": "Require(43) node_modules/.2.1.0@egg-onerror/app.js",
    "start": 1534750980213,
    "end": 1534750980222,
    "duration": 9,
    "pid": 11616,
    "index": 52
  },
  {
    "name": "Require(44) node_modules/.2.0.0@egg-i18n/app.js",
    "start": 1534750980222,
    "end": 1534750980227,
    "duration": 5,
    "pid": 11616,
    "index": 53
  },
  {
    "name": "Require(45) node_modules/.3.0.0@egg-watcher/app.js",
    "start": 1534750980229,
    "end": 1534750980232,
    "duration": 3,
    "pid": 11616,
    "index": 54
  },
  {
    "name": "Before Start in node_modules/.3.0.0@egg-watcher/app.js:15:7",
    "start": 1534750980238,
    "end": 1534750981388,
    "duration": 1150,
    "pid": 11616,
    "index": 55
  },
  {
    "name": "Require(46) node_modules/.2.0.0@egg-multipart/app.js",
    "start": 1534750980239,
    "end": 1534750980241,
    "duration": 2,
    "pid": 11616,
    "index": 56
  },
  {
    "name": "Require(47) node_modules/.2.3.1@egg-development/app.js",
    "start": 1534750980242,
    "end": 1534750980243,
    "duration": 1,
    "pid": 11616,
    "index": 57
  },
  {
    "name": "Before Start in node_modules/.2.3.1@egg-development/app.js:12:7",
    "start": 1534750980243,
    "end": 1534750981389,
    "duration": 1146,
    "pid": 11616,
    "index": 58
  },
  {
    "name": "Require(48) node_modules/.3.3.0@egg-schedule/app.js",
    "start": 1534750980243,
    "end": 1534750980244,
    "duration": 1,
    "pid": 11616,
    "index": 59
  },
  {
    "name": "Require(49) node_modules/.3.0.3@egg-logrotator/app.js",
    "start": 1534750980272,
    "end": 1534750980272,
    "duration": 0,
    "pid": 11616,
    "index": 60
  },
  {
    "name": "Require(50) node_modules/.2.1.1@egg-static/app.js",
    "start": 1534750980273,
    "end": 1534750980273,
    "duration": 0,
    "pid": 11616,
    "index": 61
  },
  {
    "name": "Require(51) node_modules/.1.0.0@egg-validate/app.js",
    "start": 1534750980273,
    "end": 1534750980275,
    "duration": 2,
    "pid": 11616,
    "index": 62
  },
  {
    "name": "Require(52) node_modules/.3.1.0@egg-mongoose/app.js",
    "start": 1534750980275,
    "end": 1534750980275,
    "duration": 0,
    "pid": 11616,
    "index": 63
  },
  {
    "name": "Before Start in node_modules/.3.1.0@egg-mongoose/lib/mongoose.js:77:7",
    "start": 1534750981008,
    "end": 1534750982393,
    "duration": 1385,
    "pid": 11616,
    "index": 64
  },
  {
    "name": "Before Start in node_modules/.3.1.0@egg-mongoose/lib/mongoose.js:42:9",
    "start": 1534750981008,
    "end": 1534750981349,
    "duration": 341,
    "pid": 11616,
    "index": 65
  },
  {
    "name": "Require(53) node_modules/.2.1.0@egg-cors/app.js",
    "start": 1534750981008,
    "end": 1534750981009,
    "duration": 1,
    "pid": 11616,
    "index": 66
  },
  {
    "name": "Require(54) node_modules/.2.2.0@egg-view-nunjucks/app.js",
    "start": 1534750981009,
    "end": 1534750981009,
    "duration": 0,
    "pid": 11616,
    "index": 67
  },
  {
    "name": "Load Service",
    "start": 1534750981010,
    "end": 1534750981257,
    "duration": 247,
    "pid": 11616,
    "index": 68
  },
  {
    "name": "Load \"service\" to Context",
    "start": 1534750981010,
    "end": 1534750981257,
    "duration": 247,
    "pid": 11616,
    "index": 69
  },
  {
    "name": "Load Middleware",
    "start": 1534750981257,
    "end": 1534750981311,
    "duration": 54,
    "pid": 11616,
    "index": 70
  },
  {
    "name": "Load \"middlewares\" to Application",
    "start": 1534750981257,
    "end": 1534750981304,
    "duration": 47,
    "pid": 11616,
    "index": 71
  },
  {
    "name": "Load Controller",
    "start": 1534750981311,
    "end": 1534750981316,
    "duration": 5,
    "pid": 11616,
    "index": 72
  },
  {
    "name": "Load \"controller\" to Application",
    "start": 1534750981311,
    "end": 1534750981316,
    "duration": 5,
    "pid": 11616,
    "index": 73
  },
  {
    "name": "Load Router",
    "start": 1534750981316,
    "end": 1534750981318,
    "duration": 2,
    "pid": 11616,
    "index": 74
  },
  {
    "name": "Require(55) app/router.js",
    "start": 1534750981316,
    "end": 1534750981316,
    "duration": 0,
    "pid": 11616,
    "index": 75
  },
  {
    "name": "Before Start in node_modules/.4.9.1@egg-core/lib/egg.js:328:10",
    "start": 1534750981316,
    "end": 1534750981349,
    "duration": 33,
    "pid": 11616,
    "index": 76
  },
  {
    "name": "Load \"model\" to Application",
    "start": 1534750981328,
    "end": 1534750981348,
    "duration": 20,
    "pid": 11616,
    "index": 77
  }
]