[
  {
    "name": "Application Start",
    "start": 1534753326932,
    "end": 1534753329389,
    "duration": 2457,
    "pid": 10736,
    "index": 0
  },
  {
    "name": "Load Plugin",
    "start": 1534753326935,
    "end": 1534753326953,
    "duration": 18,
    "pid": 10736,
    "index": 1
  },
  {
    "name": "Load Config",
    "start": 1534753326953,
    "end": 1534753326972,
    "duration": 19,
    "pid": 10736,
    "index": 2
  },
  {
    "name": "Require(0) config/config.default.js",
    "start": 1534753326953,
    "end": 1534753326954,
    "duration": 1,
    "pid": 10736,
    "index": 3
  },
  {
    "name": "Require(1) node_modules/.3.1.0@egg-session/config/config.default.js",
    "start": 1534753326955,
    "end": 1534753326955,
    "duration": 0,
    "pid": 10736,
    "index": 4
  },
  {
    "name": "Require(2) node_modules/.2.2.3@egg-security/config/config.default.js",
    "start": 1534753326956,
    "end": 1534753326956,
    "duration": 0,
    "pid": 10736,
    "index": 5
  },
  {
    "name": "Require(3) node_modules/.2.0.0@egg-jsonp/config/config.default.js",
    "start": 1534753326957,
    "end": 1534753326957,
    "duration": 0,
    "pid": 10736,
    "index": 6
  },
  {
    "name": "Require(4) node_modules/.2.1.0@egg-onerror/config/config.default.js",
    "start": 1534753326957,
    "end": 1534753326958,
    "duration": 1,
    "pid": 10736,
    "index": 7
  },
  {
    "name": "Require(5) node_modules/.2.0.0@egg-i18n/config/config.default.js",
    "start": 1534753326958,
    "end": 1534753326958,
    "duration": 0,
    "pid": 10736,
    "index": 8
  },
  {
    "name": "Require(6) node_modules/.3.0.0@egg-watcher/config/config.default.js",
    "start": 1534753326959,
    "end": 1534753326959,
    "duration": 0,
    "pid": 10736,
    "index": 9
  },
  {
    "name": "Require(7) node_modules/.2.0.0@egg-multipart/config/config.default.js",
    "start": 1534753326959,
    "end": 1534753326960,
    "duration": 1,
    "pid": 10736,
    "index": 10
  },
  {
    "name": "Require(8) node_modules/.2.3.1@egg-development/config/config.default.js",
    "start": 1534753326960,
    "end": 1534753326961,
    "duration": 1,
    "pid": 10736,
    "index": 11
  },
  {
    "name": "Require(9) node_modules/.3.3.0@egg-schedule/config/config.default.js",
    "start": 1534753326961,
    "end": 1534753326961,
    "duration": 0,
    "pid": 10736,
    "index": 12
  },
  {
    "name": "Require(10) node_modules/.3.0.3@egg-logrotator/config/config.default.js",
    "start": 1534753326962,
    "end": 1534753326962,
    "duration": 0,
    "pid": 10736,
    "index": 13
  },
  {
    "name": "Require(11) node_modules/.2.1.1@egg-static/config/config.default.js",
    "start": 1534753326962,
    "end": 1534753326962,
    "duration": 0,
    "pid": 10736,
    "index": 14
  },
  {
    "name": "Require(12) node_modules/.2.1.0@egg-view/config/config.default.js",
    "start": 1534753326963,
    "end": 1534753326963,
    "duration": 0,
    "pid": 10736,
    "index": 15
  },
  {
    "name": "Require(13) node_modules/.3.1.0@egg-mongoose/config/config.default.js",
    "start": 1534753326963,
    "end": 1534753326964,
    "duration": 1,
    "pid": 10736,
    "index": 16
  },
  {
    "name": "Require(14) node_modules/.2.1.0@egg-cors/config/config.default.js",
    "start": 1534753326966,
    "end": 1534753326966,
    "duration": 0,
    "pid": 10736,
    "index": 17
  },
  {
    "name": "Require(15) node_modules/.2.2.0@egg-view-nunjucks/config/config.default.js",
    "start": 1534753326966,
    "end": 1534753326966,
    "duration": 0,
    "pid": 10736,
    "index": 18
  },
  {
    "name": "Require(16) node_modules/.2.9.1@egg/config/config.default.js",
    "start": 1534753326967,
    "end": 1534753326967,
    "duration": 0,
    "pid": 10736,
    "index": 19
  },
  {
    "name": "Require(17) config/config.default.js",
    "start": 1534753326968,
    "end": 1534753326968,
    "duration": 0,
    "pid": 10736,
    "index": 20
  },
  {
    "name": "Require(18) node_modules/.2.2.3@egg-security/config/config.local.js",
    "start": 1534753326969,
    "end": 1534753326969,
    "duration": 0,
    "pid": 10736,
    "index": 21
  },
  {
    "name": "Require(19) node_modules/.3.0.0@egg-watcher/config/config.local.js",
    "start": 1534753326969,
    "end": 1534753326970,
    "duration": 1,
    "pid": 10736,
    "index": 22
  },
  {
    "name": "Require(20) node_modules/.2.1.0@egg-view/config/config.local.js",
    "start": 1534753326970,
    "end": 1534753326970,
    "duration": 0,
    "pid": 10736,
    "index": 23
  },
  {
    "name": "Require(21) node_modules/.2.2.0@egg-view-nunjucks/config/config.local.js",
    "start": 1534753326971,
    "end": 1534753326971,
    "duration": 0,
    "pid": 10736,
    "index": 24
  },
  {
    "name": "Require(22) node_modules/.2.9.1@egg/config/config.local.js",
    "start": 1534753326971,
    "end": 1534753326972,
    "duration": 1,
    "pid": 10736,
    "index": 25
  },
  {
    "name": "Load extend/application.js",
    "start": 1534753326973,
    "end": 1534753327032,
    "duration": 59,
    "pid": 10736,
    "index": 26
  },
  {
    "name": "Require(23) node_modules/.3.1.0@egg-session/app/extend/application.js",
    "start": 1534753326974,
    "end": 1534753326974,
    "duration": 0,
    "pid": 10736,
    "index": 27
  },
  {
    "name": "Require(24) node_modules/.2.2.3@egg-security/app/extend/application.js",
    "start": 1534753326974,
    "end": 1534753326975,
    "duration": 1,
    "pid": 10736,
    "index": 28
  },
  {
    "name": "Require(25) node_modules/.2.0.0@egg-jsonp/app/extend/application.js",
    "start": 1534753326975,
    "end": 1534753326976,
    "duration": 1,
    "pid": 10736,
    "index": 29
  },
  {
    "name": "Require(26) node_modules/.3.0.3@egg-logrotator/app/extend/application.js",
    "start": 1534753326978,
    "end": 1534753326980,
    "duration": 2,
    "pid": 10736,
    "index": 30
  },
  {
    "name": "Require(27) node_modules/.2.1.0@egg-view/app/extend/application.js",
    "start": 1534753326980,
    "end": 1534753326981,
    "duration": 1,
    "pid": 10736,
    "index": 31
  },
  {
    "name": "Require(28) node_modules/.2.2.0@egg-view-nunjucks/app/extend/application.js",
    "start": 1534753326982,
    "end": 1534753327029,
    "duration": 47,
    "pid": 10736,
    "index": 32
  },
  {
    "name": "Load extend/request.js",
    "start": 1534753327032,
    "end": 1534753327040,
    "duration": 8,
    "pid": 10736,
    "index": 33
  },
  {
    "name": "Require(29) node_modules/.2.9.1@egg/app/extend/request.js",
    "start": 1534753327034,
    "end": 1534753327038,
    "duration": 4,
    "pid": 10736,
    "index": 34
  },
  {
    "name": "Load extend/response.js",
    "start": 1534753327041,
    "end": 1534753327047,
    "duration": 6,
    "pid": 10736,
    "index": 35
  },
  {
    "name": "Require(30) node_modules/.2.9.1@egg/app/extend/response.js",
    "start": 1534753327042,
    "end": 1534753327045,
    "duration": 3,
    "pid": 10736,
    "index": 36
  },
  {
    "name": "Load extend/context.js",
    "start": 1534753327047,
    "end": 1534753327120,
    "duration": 73,
    "pid": 10736,
    "index": 37
  },
  {
    "name": "Require(31) node_modules/.2.2.3@egg-security/app/extend/context.js",
    "start": 1534753327048,
    "end": 1534753327060,
    "duration": 12,
    "pid": 10736,
    "index": 38
  },
  {
    "name": "Require(32) node_modules/.2.0.0@egg-jsonp/app/extend/context.js",
    "start": 1534753327061,
    "end": 1534753327062,
    "duration": 1,
    "pid": 10736,
    "index": 39
  },
  {
    "name": "Require(33) node_modules/.2.0.0@egg-i18n/app/extend/context.js",
    "start": 1534753327063,
    "end": 1534753327063,
    "duration": 0,
    "pid": 10736,
    "index": 40
  },
  {
    "name": "Require(34) node_modules/.2.0.0@egg-multipart/app/extend/context.js",
    "start": 1534753327063,
    "end": 1534753327108,
    "duration": 45,
    "pid": 10736,
    "index": 41
  },
  {
    "name": "Require(35) node_modules/.2.1.0@egg-view/app/extend/context.js",
    "start": 1534753327109,
    "end": 1534753327109,
    "duration": 0,
    "pid": 10736,
    "index": 42
  },
  {
    "name": "Require(36) node_modules/.1.0.0@egg-validate/app/extend/context.js",
    "start": 1534753327110,
    "end": 1534753327110,
    "duration": 0,
    "pid": 10736,
    "index": 43
  },
  {
    "name": "Require(37) node_modules/.3.1.0@egg-mongoose/app/extend/context.js",
    "start": 1534753327110,
    "end": 1534753327111,
    "duration": 1,
    "pid": 10736,
    "index": 44
  },
  {
    "name": "Require(38) node_modules/.2.9.1@egg/app/extend/context.js",
    "start": 1534753327111,
    "end": 1534753327118,
    "duration": 7,
    "pid": 10736,
    "index": 45
  },
  {
    "name": "Load extend/helper.js",
    "start": 1534753327121,
    "end": 1534753327136,
    "duration": 15,
    "pid": 10736,
    "index": 46
  },
  {
    "name": "Require(39) node_modules/.2.2.3@egg-security/app/extend/helper.js",
    "start": 1534753327121,
    "end": 1534753327133,
    "duration": 12,
    "pid": 10736,
    "index": 47
  },
  {
    "name": "Require(40) node_modules/.2.9.1@egg/app/extend/helper.js",
    "start": 1534753327135,
    "end": 1534753327135,
    "duration": 0,
    "pid": 10736,
    "index": 48
  },
  {
    "name": "Load app.js",
    "start": 1534753327136,
    "end": 1534753327982,
    "duration": 846,
    "pid": 10736,
    "index": 49
  },
  {
    "name": "Require(41) node_modules/.3.1.0@egg-session/app.js",
    "start": 1534753327137,
    "end": 1534753327137,
    "duration": 0,
    "pid": 10736,
    "index": 50
  },
  {
    "name": "Require(42) node_modules/.2.2.3@egg-security/app.js",
    "start": 1534753327137,
    "end": 1534753327138,
    "duration": 1,
    "pid": 10736,
    "index": 51
  },
  {
    "name": "Require(43) node_modules/.2.1.0@egg-onerror/app.js",
    "start": 1534753327139,
    "end": 1534753327147,
    "duration": 8,
    "pid": 10736,
    "index": 52
  },
  {
    "name": "Require(44) node_modules/.2.0.0@egg-i18n/app.js",
    "start": 1534753327148,
    "end": 1534753327153,
    "duration": 5,
    "pid": 10736,
    "index": 53
  },
  {
    "name": "Require(45) node_modules/.3.0.0@egg-watcher/app.js",
    "start": 1534753327155,
    "end": 1534753327158,
    "duration": 3,
    "pid": 10736,
    "index": 54
  },
  {
    "name": "Before Start in node_modules/.3.0.0@egg-watcher/app.js:15:7",
    "start": 1534753327168,
    "end": 1534753328376,
    "duration": 1208,
    "pid": 10736,
    "index": 55
  },
  {
    "name": "Require(46) node_modules/.2.0.0@egg-multipart/app.js",
    "start": 1534753327169,
    "end": 1534753327170,
    "duration": 1,
    "pid": 10736,
    "index": 56
  },
  {
    "name": "Require(47) node_modules/.2.3.1@egg-development/app.js",
    "start": 1534753327171,
    "end": 1534753327172,
    "duration": 1,
    "pid": 10736,
    "index": 57
  },
  {
    "name": "Before Start in node_modules/.2.3.1@egg-development/app.js:12:7",
    "start": 1534753327172,
    "end": 1534753328376,
    "duration": 1204,
    "pid": 10736,
    "index": 58
  },
  {
    "name": "Require(48) node_modules/.3.3.0@egg-schedule/app.js",
    "start": 1534753327173,
    "end": 1534753327175,
    "duration": 2,
    "pid": 10736,
    "index": 59
  },
  {
    "name": "Require(49) node_modules/.3.0.3@egg-logrotator/app.js",
    "start": 1534753327208,
    "end": 1534753327208,
    "duration": 0,
    "pid": 10736,
    "index": 60
  },
  {
    "name": "Require(50) node_modules/.2.1.1@egg-static/app.js",
    "start": 1534753327209,
    "end": 1534753327209,
    "duration": 0,
    "pid": 10736,
    "index": 61
  },
  {
    "name": "Require(51) node_modules/.1.0.0@egg-validate/app.js",
    "start": 1534753327210,
    "end": 1534753327211,
    "duration": 1,
    "pid": 10736,
    "index": 62
  },
  {
    "name": "Require(52) node_modules/.3.1.0@egg-mongoose/app.js",
    "start": 1534753327212,
    "end": 1534753327212,
    "duration": 0,
    "pid": 10736,
    "index": 63
  },
  {
    "name": "Before Start in node_modules/.3.1.0@egg-mongoose/lib/mongoose.js:77:7",
    "start": 1534753327980,
    "end": 1534753329389,
    "duration": 1409,
    "pid": 10736,
    "index": 64
  },
  {
    "name": "Before Start in node_modules/.3.1.0@egg-mongoose/lib/mongoose.js:42:9",
    "start": 1534753327980,
    "end": 1534753328333,
    "duration": 353,
    "pid": 10736,
    "index": 65
  },
  {
    "name": "Require(53) node_modules/.2.1.0@egg-cors/app.js",
    "start": 1534753327981,
    "end": 1534753327981,
    "duration": 0,
    "pid": 10736,
    "index": 66
  },
  {
    "name": "Require(54) node_modules/.2.2.0@egg-view-nunjucks/app.js",
    "start": 1534753327981,
    "end": 1534753327981,
    "duration": 0,
    "pid": 10736,
    "index": 67
  },
  {
    "name": "Load Service",
    "start": 1534753327983,
    "end": 1534753328238,
    "duration": 255,
    "pid": 10736,
    "index": 68
  },
  {
    "name": "Load \"service\" to Context",
    "start": 1534753327983,
    "end": 1534753328238,
    "duration": 255,
    "pid": 10736,
    "index": 69
  },
  {
    "name": "Load Middleware",
    "start": 1534753328238,
    "end": 1534753328297,
    "duration": 59,
    "pid": 10736,
    "index": 70
  },
  {
    "name": "Load \"middlewares\" to Application",
    "start": 1534753328238,
    "end": 1534753328290,
    "duration": 52,
    "pid": 10736,
    "index": 71
  },
  {
    "name": "Load Controller",
    "start": 1534753328297,
    "end": 1534753328302,
    "duration": 5,
    "pid": 10736,
    "index": 72
  },
  {
    "name": "Load \"controller\" to Application",
    "start": 1534753328297,
    "end": 1534753328302,
    "duration": 5,
    "pid": 10736,
    "index": 73
  },
  {
    "name": "Load Router",
    "start": 1534753328302,
    "end": 1534753328304,
    "duration": 2,
    "pid": 10736,
    "index": 74
  },
  {
    "name": "Require(55) app/router.js",
    "start": 1534753328302,
    "end": 1534753328302,
    "duration": 0,
    "pid": 10736,
    "index": 75
  },
  {
    "name": "Before Start in node_modules/.4.9.1@egg-core/lib/egg.js:328:10",
    "start": 1534753328303,
    "end": 1534753328333,
    "duration": 30,
    "pid": 10736,
    "index": 76
  },
  {
    "name": "Load \"model\" to Application",
    "start": 1534753328317,
    "end": 1534753328332,
    "duration": 15,
    "pid": 10736,
    "index": 77
  }
]