[
  {
    "name": "Application Start",
    "start": 1534753367773,
    "end": 1534753370302,
    "duration": 2529,
    "pid": 14044,
    "index": 0
  },
  {
    "name": "Load Plugin",
    "start": 1534753367776,
    "end": 1534753367794,
    "duration": 18,
    "pid": 14044,
    "index": 1
  },
  {
    "name": "Load Config",
    "start": 1534753367794,
    "end": 1534753367817,
    "duration": 23,
    "pid": 14044,
    "index": 2
  },
  {
    "name": "Require(0) config/config.default.js",
    "start": 1534753367795,
    "end": 1534753367797,
    "duration": 2,
    "pid": 14044,
    "index": 3
  },
  {
    "name": "Require(1) node_modules/.3.1.0@egg-session/config/config.default.js",
    "start": 1534753367798,
    "end": 1534753367798,
    "duration": 0,
    "pid": 14044,
    "index": 4
  },
  {
    "name": "Require(2) node_modules/.2.2.3@egg-security/config/config.default.js",
    "start": 1534753367799,
    "end": 1534753367799,
    "duration": 0,
    "pid": 14044,
    "index": 5
  },
  {
    "name": "Require(3) node_modules/.2.0.0@egg-jsonp/config/config.default.js",
    "start": 1534753367800,
    "end": 1534753367800,
    "duration": 0,
    "pid": 14044,
    "index": 6
  },
  {
    "name": "Require(4) node_modules/.2.1.0@egg-onerror/config/config.default.js",
    "start": 1534753367800,
    "end": 1534753367800,
    "duration": 0,
    "pid": 14044,
    "index": 7
  },
  {
    "name": "Require(5) node_modules/.2.0.0@egg-i18n/config/config.default.js",
    "start": 1534753367801,
    "end": 1534753367801,
    "duration": 0,
    "pid": 14044,
    "index": 8
  },
  {
    "name": "Require(6) node_modules/.3.0.0@egg-watcher/config/config.default.js",
    "start": 1534753367801,
    "end": 1534753367801,
    "duration": 0,
    "pid": 14044,
    "index": 9
  },
  {
    "name": "Require(7) node_modules/.2.0.0@egg-multipart/config/config.default.js",
    "start": 1534753367802,
    "end": 1534753367802,
    "duration": 0,
    "pid": 14044,
    "index": 10
  },
  {
    "name": "Require(8) node_modules/.2.3.1@egg-development/config/config.default.js",
    "start": 1534753367802,
    "end": 1534753367802,
    "duration": 0,
    "pid": 14044,
    "index": 11
  },
  {
    "name": "Require(9) node_modules/.3.3.0@egg-schedule/config/config.default.js",
    "start": 1534753367803,
    "end": 1534753367803,
    "duration": 0,
    "pid": 14044,
    "index": 12
  },
  {
    "name": "Require(10) node_modules/.3.0.3@egg-logrotator/config/config.default.js",
    "start": 1534753367803,
    "end": 1534753367804,
    "duration": 1,
    "pid": 14044,
    "index": 13
  },
  {
    "name": "Require(11) node_modules/.2.1.1@egg-static/config/config.default.js",
    "start": 1534753367804,
    "end": 1534753367804,
    "duration": 0,
    "pid": 14044,
    "index": 14
  },
  {
    "name": "Require(12) node_modules/.2.1.0@egg-view/config/config.default.js",
    "start": 1534753367805,
    "end": 1534753367805,
    "duration": 0,
    "pid": 14044,
    "index": 15
  },
  {
    "name": "Require(13) node_modules/.3.1.0@egg-mongoose/config/config.default.js",
    "start": 1534753367805,
    "end": 1534753367806,
    "duration": 1,
    "pid": 14044,
    "index": 16
  },
  {
    "name": "Require(14) node_modules/.2.1.0@egg-cors/config/config.default.js",
    "start": 1534753367806,
    "end": 1534753367806,
    "duration": 0,
    "pid": 14044,
    "index": 17
  },
  {
    "name": "Require(15) node_modules/.2.2.0@egg-view-nunjucks/config/config.default.js",
    "start": 1534753367806,
    "end": 1534753367807,
    "duration": 1,
    "pid": 14044,
    "index": 18
  },
  {
    "name": "Require(16) node_modules/.2.9.1@egg/config/config.default.js",
    "start": 1534753367807,
    "end": 1534753367807,
    "duration": 0,
    "pid": 14044,
    "index": 19
  },
  {
    "name": "Require(17) config/config.default.js",
    "start": 1534753367810,
    "end": 1534753367811,
    "duration": 1,
    "pid": 14044,
    "index": 20
  },
  {
    "name": "Require(18) node_modules/.2.2.3@egg-security/config/config.local.js",
    "start": 1534753367811,
    "end": 1534753367812,
    "duration": 1,
    "pid": 14044,
    "index": 21
  },
  {
    "name": "Require(19) node_modules/.3.0.0@egg-watcher/config/config.local.js",
    "start": 1534753367812,
    "end": 1534753367813,
    "duration": 1,
    "pid": 14044,
    "index": 22
  },
  {
    "name": "Require(20) node_modules/.2.1.0@egg-view/config/config.local.js",
    "start": 1534753367815,
    "end": 1534753367816,
    "duration": 1,
    "pid": 14044,
    "index": 23
  },
  {
    "name": "Require(21) node_modules/.2.2.0@egg-view-nunjucks/config/config.local.js",
    "start": 1534753367816,
    "end": 1534753367816,
    "duration": 0,
    "pid": 14044,
    "index": 24
  },
  {
    "name": "Require(22) node_modules/.2.9.1@egg/config/config.local.js",
    "start": 1534753367817,
    "end": 1534753367817,
    "duration": 0,
    "pid": 14044,
    "index": 25
  },
  {
    "name": "Load extend/application.js",
    "start": 1534753367818,
    "end": 1534753367881,
    "duration": 63,
    "pid": 14044,
    "index": 26
  },
  {
    "name": "Require(23) node_modules/.3.1.0@egg-session/app/extend/application.js",
    "start": 1534753367818,
    "end": 1534753367819,
    "duration": 1,
    "pid": 14044,
    "index": 27
  },
  {
    "name": "Require(24) node_modules/.2.2.3@egg-security/app/extend/application.js",
    "start": 1534753367819,
    "end": 1534753367820,
    "duration": 1,
    "pid": 14044,
    "index": 28
  },
  {
    "name": "Require(25) node_modules/.2.0.0@egg-jsonp/app/extend/application.js",
    "start": 1534753367820,
    "end": 1534753367822,
    "duration": 2,
    "pid": 14044,
    "index": 29
  },
  {
    "name": "Require(26) node_modules/.3.0.3@egg-logrotator/app/extend/application.js",
    "start": 1534753367823,
    "end": 1534753367825,
    "duration": 2,
    "pid": 14044,
    "index": 30
  },
  {
    "name": "Require(27) node_modules/.2.1.0@egg-view/app/extend/application.js",
    "start": 1534753367826,
    "end": 1534753367827,
    "duration": 1,
    "pid": 14044,
    "index": 31
  },
  {
    "name": "Require(28) node_modules/.2.2.0@egg-view-nunjucks/app/extend/application.js",
    "start": 1534753367828,
    "end": 1534753367879,
    "duration": 51,
    "pid": 14044,
    "index": 32
  },
  {
    "name": "Load extend/request.js",
    "start": 1534753367881,
    "end": 1534753367886,
    "duration": 5,
    "pid": 14044,
    "index": 33
  },
  {
    "name": "Require(29) node_modules/.2.9.1@egg/app/extend/request.js",
    "start": 1534753367883,
    "end": 1534753367884,
    "duration": 1,
    "pid": 14044,
    "index": 34
  },
  {
    "name": "Load extend/response.js",
    "start": 1534753367886,
    "end": 1534753367893,
    "duration": 7,
    "pid": 14044,
    "index": 35
  },
  {
    "name": "Require(30) node_modules/.2.9.1@egg/app/extend/response.js",
    "start": 1534753367888,
    "end": 1534753367891,
    "duration": 3,
    "pid": 14044,
    "index": 36
  },
  {
    "name": "Load extend/context.js",
    "start": 1534753367893,
    "end": 1534753367948,
    "duration": 55,
    "pid": 14044,
    "index": 37
  },
  {
    "name": "Require(31) node_modules/.2.2.3@egg-security/app/extend/context.js",
    "start": 1534753367893,
    "end": 1534753367902,
    "duration": 9,
    "pid": 14044,
    "index": 38
  },
  {
    "name": "Require(32) node_modules/.2.0.0@egg-jsonp/app/extend/context.js",
    "start": 1534753367902,
    "end": 1534753367903,
    "duration": 1,
    "pid": 14044,
    "index": 39
  },
  {
    "name": "Require(33) node_modules/.2.0.0@egg-i18n/app/extend/context.js",
    "start": 1534753367904,
    "end": 1534753367904,
    "duration": 0,
    "pid": 14044,
    "index": 40
  },
  {
    "name": "Require(34) node_modules/.2.0.0@egg-multipart/app/extend/context.js",
    "start": 1534753367904,
    "end": 1534753367943,
    "duration": 39,
    "pid": 14044,
    "index": 41
  },
  {
    "name": "Require(35) node_modules/.2.1.0@egg-view/app/extend/context.js",
    "start": 1534753367943,
    "end": 1534753367944,
    "duration": 1,
    "pid": 14044,
    "index": 42
  },
  {
    "name": "Require(36) node_modules/.1.0.0@egg-validate/app/extend/context.js",
    "start": 1534753367945,
    "end": 1534753367945,
    "duration": 0,
    "pid": 14044,
    "index": 43
  },
  {
    "name": "Require(37) node_modules/.3.1.0@egg-mongoose/app/extend/context.js",
    "start": 1534753367945,
    "end": 1534753367945,
    "duration": 0,
    "pid": 14044,
    "index": 44
  },
  {
    "name": "Require(38) node_modules/.2.9.1@egg/app/extend/context.js",
    "start": 1534753367945,
    "end": 1534753367947,
    "duration": 2,
    "pid": 14044,
    "index": 45
  },
  {
    "name": "Load extend/helper.js",
    "start": 1534753367948,
    "end": 1534753367962,
    "duration": 14,
    "pid": 14044,
    "index": 46
  },
  {
    "name": "Require(39) node_modules/.2.2.3@egg-security/app/extend/helper.js",
    "start": 1534753367949,
    "end": 1534753367959,
    "duration": 10,
    "pid": 14044,
    "index": 47
  },
  {
    "name": "Require(40) node_modules/.2.9.1@egg/app/extend/helper.js",
    "start": 1534753367961,
    "end": 1534753367961,
    "duration": 0,
    "pid": 14044,
    "index": 48
  },
  {
    "name": "Load app.js",
    "start": 1534753367962,
    "end": 1534753368891,
    "duration": 929,
    "pid": 14044,
    "index": 49
  },
  {
    "name": "Require(41) node_modules/.3.1.0@egg-session/app.js",
    "start": 1534753367963,
    "end": 1534753367963,
    "duration": 0,
    "pid": 14044,
    "index": 50
  },
  {
    "name": "Require(42) node_modules/.2.2.3@egg-security/app.js",
    "start": 1534753367963,
    "end": 1534753367964,
    "duration": 1,
    "pid": 14044,
    "index": 51
  },
  {
    "name": "Require(43) node_modules/.2.1.0@egg-onerror/app.js",
    "start": 1534753367965,
    "end": 1534753367972,
    "duration": 7,
    "pid": 14044,
    "index": 52
  },
  {
    "name": "Require(44) node_modules/.2.0.0@egg-i18n/app.js",
    "start": 1534753367973,
    "end": 1534753367978,
    "duration": 5,
    "pid": 14044,
    "index": 53
  },
  {
    "name": "Require(45) node_modules/.3.0.0@egg-watcher/app.js",
    "start": 1534753367980,
    "end": 1534753367983,
    "duration": 3,
    "pid": 14044,
    "index": 54
  },
  {
    "name": "Before Start in node_modules/.3.0.0@egg-watcher/app.js:15:7",
    "start": 1534753367989,
    "end": 1534753369305,
    "duration": 1316,
    "pid": 14044,
    "index": 55
  },
  {
    "name": "Require(46) node_modules/.2.0.0@egg-multipart/app.js",
    "start": 1534753367990,
    "end": 1534753367993,
    "duration": 3,
    "pid": 14044,
    "index": 56
  },
  {
    "name": "Require(47) node_modules/.2.3.1@egg-development/app.js",
    "start": 1534753367993,
    "end": 1534753367994,
    "duration": 1,
    "pid": 14044,
    "index": 57
  },
  {
    "name": "Before Start in node_modules/.2.3.1@egg-development/app.js:12:7",
    "start": 1534753367995,
    "end": 1534753369305,
    "duration": 1310,
    "pid": 14044,
    "index": 58
  },
  {
    "name": "Require(48) node_modules/.3.3.0@egg-schedule/app.js",
    "start": 1534753367995,
    "end": 1534753367996,
    "duration": 1,
    "pid": 14044,
    "index": 59
  },
  {
    "name": "Require(49) node_modules/.3.0.3@egg-logrotator/app.js",
    "start": 1534753368026,
    "end": 1534753368026,
    "duration": 0,
    "pid": 14044,
    "index": 60
  },
  {
    "name": "Require(50) node_modules/.2.1.1@egg-static/app.js",
    "start": 1534753368026,
    "end": 1534753368026,
    "duration": 0,
    "pid": 14044,
    "index": 61
  },
  {
    "name": "Require(51) node_modules/.1.0.0@egg-validate/app.js",
    "start": 1534753368027,
    "end": 1534753368028,
    "duration": 1,
    "pid": 14044,
    "index": 62
  },
  {
    "name": "Require(52) node_modules/.3.1.0@egg-mongoose/app.js",
    "start": 1534753368028,
    "end": 1534753368028,
    "duration": 0,
    "pid": 14044,
    "index": 63
  },
  {
    "name": "Before Start in node_modules/.3.1.0@egg-mongoose/lib/mongoose.js:77:7",
    "start": 1534753368886,
    "end": 1534753370302,
    "duration": 1416,
    "pid": 14044,
    "index": 64
  },
  {
    "name": "Before Start in node_modules/.3.1.0@egg-mongoose/lib/mongoose.js:42:9",
    "start": 1534753368886,
    "end": 1534753369260,
    "duration": 374,
    "pid": 14044,
    "index": 65
  },
  {
    "name": "Require(53) node_modules/.2.1.0@egg-cors/app.js",
    "start": 1534753368886,
    "end": 1534753368887,
    "duration": 1,
    "pid": 14044,
    "index": 66
  },
  {
    "name": "Require(54) node_modules/.2.2.0@egg-view-nunjucks/app.js",
    "start": 1534753368887,
    "end": 1534753368887,
    "duration": 0,
    "pid": 14044,
    "index": 67
  },
  {
    "name": "Load Service",
    "start": 1534753368891,
    "end": 1534753369162,
    "duration": 271,
    "pid": 14044,
    "index": 68
  },
  {
    "name": "Load \"service\" to Context",
    "start": 1534753368891,
    "end": 1534753369162,
    "duration": 271,
    "pid": 14044,
    "index": 69
  },
  {
    "name": "Load Middleware",
    "start": 1534753369162,
    "end": 1534753369226,
    "duration": 64,
    "pid": 14044,
    "index": 70
  },
  {
    "name": "Load \"middlewares\" to Application",
    "start": 1534753369162,
    "end": 1534753369215,
    "duration": 53,
    "pid": 14044,
    "index": 71
  },
  {
    "name": "Load Controller",
    "start": 1534753369226,
    "end": 1534753369231,
    "duration": 5,
    "pid": 14044,
    "index": 72
  },
  {
    "name": "Load \"controller\" to Application",
    "start": 1534753369226,
    "end": 1534753369231,
    "duration": 5,
    "pid": 14044,
    "index": 73
  },
  {
    "name": "Load Router",
    "start": 1534753369231,
    "end": 1534753369233,
    "duration": 2,
    "pid": 14044,
    "index": 74
  },
  {
    "name": "Require(55) app/router.js",
    "start": 1534753369231,
    "end": 1534753369231,
    "duration": 0,
    "pid": 14044,
    "index": 75
  },
  {
    "name": "Before Start in node_modules/.4.9.1@egg-core/lib/egg.js:328:10",
    "start": 1534753369232,
    "end": 1534753369260,
    "duration": 28,
    "pid": 14044,
    "index": 76
  },
  {
    "name": "Load \"model\" to Application",
    "start": 1534753369246,
    "end": 1534753369259,
    "duration": 13,
    "pid": 14044,
    "index": 77
  }
]