{
  "config": {
    "session": {
      "maxAge": 86400000,
      "key": "EGG_SESS",
      "httpOnly": true,
      "encrypt": true,
      "overwrite": true,
      "signed": true,
      "encode": "<Function encode>",
      "decode": "<Function decode>",
      "genid": "<Function anonymous>"
    },
    "security": {
      "domainWhiteList": [
        "http://localhost:8087"
      ],
      "protocolWhiteList": [],
      "defaultMiddleware": "csrf,hsts,methodnoallow,noopen,nosniff,csp,xssProtection,xframe,dta",
      "csrf": {
        "enable": false,
        "useSession": false,
        "ignoreJSON": false,
        "cookieName": "csrfToken",
        "sessionName": "csrfToken",
        "headerName": "x-csrf-token",
        "bodyName": "_csrf",
        "queryName": "_csrf"
      },
      "xframe": {
        "enable": true,
        "value": "SAMEORIGIN",
        "matching": "<Function anonymous>"
      },
      "hsts": {
        "enable": false,
        "maxAge": 31536000,
        "includeSubdomains": false
      },
      "dta": {
        "enable": true,
        "matching": "<Function anonymous>"
      },
      "methodnoallow": {
        "enable": true,
        "matching": "<Function anonymous>"
      },
      "noopen": {
        "enable": true,
        "matching": "<Function anonymous>"
      },
      "nosniff": {
        "enable": true,
        "matching": "<Function anonymous>"
      },
      "referrerPolicy": {
        "enable": false,
        "value": "no-referrer-when-downgrade"
      },
      "xssProtection": {
        "enable": true,
        "value": "1; mode=block",
        "matching": "<Function anonymous>"
      },
      "csp": {
        "enable": false,
        "policy": {}
      },
      "ssrf": {
        "ipBlackList": null,
        "checkAddress": null
      }
    },
    "helper": {
      "shtml": {}
    },
    "jsonp": {
      "limit": 50,
      "callback": [
        "_callback",
        "callback"
      ],
      "csrf": false
    },
    "onerror": {
      "errorPageUrl": "",
      "appErrorFilter": null,
      "templatePath": "E:\\AAA2018\\Egg\\egg-movie\\node_modules\\.2.1.0@egg-onerror\\lib\\onerror_page.mustache"
    },
    "i18n": {
      "defaultLocale": "en_US",
      "dirs": [
        "E:\\AAA2018\\Egg\\egg-movie\\node_modules\\.3.1.0@egg-session\\config\\locales",
        "E:\\AAA2018\\Egg\\egg-movie\\node_modules\\.2.2.3@egg-security\\config\\locales",
        "E:\\AAA2018\\Egg\\egg-movie\\node_modules\\.2.0.0@egg-jsonp\\config\\locales",
        "E:\\AAA2018\\Egg\\egg-movie\\node_modules\\.2.1.0@egg-onerror\\config\\locales",
        "E:\\AAA2018\\Egg\\egg-movie\\node_modules\\.2.0.0@egg-i18n\\config\\locales",
        "E:\\AAA2018\\Egg\\egg-movie\\node_modules\\.3.0.0@egg-watcher\\config\\locales",
        "E:\\AAA2018\\Egg\\egg-movie\\node_modules\\.2.0.0@egg-multipart\\config\\locales",
        "E:\\AAA2018\\Egg\\egg-movie\\node_modules\\.2.3.1@egg-development\\config\\locales",
        "E:\\AAA2018\\Egg\\egg-movie\\node_modules\\.3.3.0@egg-schedule\\config\\locales",
        "E:\\AAA2018\\Egg\\egg-movie\\node_modules\\.3.0.3@egg-logrotator\\config\\locales",
        "E:\\AAA2018\\Egg\\egg-movie\\node_modules\\.2.1.1@egg-static\\config\\locales",
        "E:\\AAA2018\\Egg\\egg-movie\\node_modules\\.2.1.0@egg-view\\config\\locales",
        "E:\\AAA2018\\Egg\\egg-movie\\node_modules\\.1.0.0@egg-validate\\config\\locales",
        "E:\\AAA2018\\Egg\\egg-movie\\node_modules\\.3.1.0@egg-mongoose\\config\\locales",
        "E:\\AAA2018\\Egg\\egg-movie\\node_modules\\.2.1.0@egg-cors\\config\\locales",
        "E:\\AAA2018\\Egg\\egg-movie\\node_modules\\.2.2.0@egg-view-nunjucks\\config\\locales",
        "E:\\AAA2018\\Egg\\egg-movie\\node_modules\\.2.9.1@egg\\config\\locales",
        "E:\\AAA2018\\Egg\\egg-movie\\config\\locales"
      ],
      "queryField": "locale",
      "cookieField": "locale",
      "cookieMaxAge": "1y",
      "functionName": "__"
    },
    "watcher": {
      "type": "development",
      "eventSources": {
        "default": "E:\\AAA2018\\Egg\\egg-movie\\node_modules\\.3.0.0@egg-watcher\\lib\\event-sources\\default",
        "development": "E:\\AAA2018\\Egg\\egg-movie\\node_modules\\.3.0.0@egg-watcher\\lib\\event-sources\\development"
      }
    },
    "multipart": {
      "autoFields": false,
      "defaultCharset": "utf8",
      "fieldNameSize": 100,
      "fieldSize": 102400,
      "fields": 10,
      "fileSize": 10485760,
      "files": 10,
      "fileExtensions": [],
      "whitelist": null
    },
    "development": {
      "watchDirs": [],
      "ignoreDirs": [],
      "fastReady": false,
      "reloadOnDebug": true,
      "overrideDefault": false
    },
    "customLogger": {
      "scheduleLogger": {
        "consoleLevel": "NONE",
        "file": "E:\\AAA2018\\Egg\\egg-movie\\logs\\movie\\egg-schedule.log"
      }
    },
    "logrotator": {
      "filesRotateByHour": null,
      "hourDelimiter": "-",
      "filesRotateBySize": null,
      "maxFileSize": 52428800,
      "maxFiles": 10,
      "rotateDuration": 60000,
      "maxDays": 31
    },
    "static": {
      "prefix": "/public/",
      "dir": "E:\\AAA2018\\Egg\\egg-movie\\app\\public",
      "dynamic": true,
      "preload": false,
      "buffer": false,
      "maxFiles": 1000,
      "files": "<LRU>"
    },
    "view": {
      "root": [
        "E:\\AAA2018\\Egg\\egg-movie\\app\\view"
      ],
      "cache": false,
      "defaultExtension": ".html",
      "defaultViewEngine": "nunjucks",
      "mapping": {
        ".html": "nunjucks"
      }
    },
    "mongoose": {
      "url": "mongodb://localhost:27017/eggapi",
      "options": {},
      "loadModel": true,
      "app": true,
      "agent": false,
      "client": {
        "url": "mongodb://localhost:27017/eggapi",
        "options": {}
      }
    },
    "cors": {
      "allowMethods": "GET,HEAD,PUT,POST,DELETE,PATCH,OPTIONS",
      "origin": "<Function corsOrigin>"
    },
    "nunjucks": {
      "autoescape": true,
      "throwOnUndefined": false,
      "trimBlocks": false,
      "lstripBlocks": false,
      "cache": false
    },
    "env": "local",
    "name": "movie",
    "keys": "<String len: 24>",
    "proxy": false,
    "protocolHeaders": "x-forwarded-proto",
    "ipHeaders": "x-forwarded-for",
    "hostHeaders": "",
    "pkg": {
      "name": "movie",
      "version": "1.0.0",
      "description": "",
      "private": true,
      "dependencies": {
        "cheerio": "^1.0.0-rc.2",
        "egg": "^2.2.1",
        "egg-cors": "^2.1.0",
        "egg-mongoose": "^3.1.0",
        "egg-scripts": "^2.5.0",
        "egg-session": "^3.1.0",
        "egg-validate": "^1.0.0",
        "egg-view-nunjucks": "^2.2.0",
        "lodash": "^4.17.10",
        "nanoid": "^1.1.0",
        "puppeteer": "^1.6.0",
        "qiniu": "^7.2.1",
        "request": "^2.87.0",
        "request-promise-native": "^1.0.5"
      },
      "devDependencies": {
        "autod": "^3.0.1",
        "autod-egg": "^1.0.0",
        "egg-bin": "^4.3.5",
        "egg-ci": "^1.8.0",
        "egg-mock": "^3.14.0",
        "eslint": "^4.11.0",
        "eslint-config-egg": "^6.0.0",
        "webstorm-disable-index": "^1.2.0"
      },
      "engines": {
        "node": ">=8.9.0"
      },
      "scripts": {
        "start": "egg-scripts start --daemon --title=egg-server-movie",
        "stop": "egg-scripts stop --title=egg-server-movie",
        "dev": "egg-bin dev",
        "debug": "egg-bin debug",
        "test": "npm run lint -- --fix && npm run test-local",
        "test-local": "egg-bin test",
        "cov": "egg-bin cov",
        "lint": "eslint .",
        "ci": "npm run lint && npm run cov",
        "autod": "autod"
      },
      "ci": {
        "version": "8"
      },
      "repository": {
        "type": "git",
        "url": ""
      },
      "author": "",
      "license": "MIT"
    },
    "baseDir": "E:\\AAA2018\\Egg\\egg-movie",
    "HOME": "C:\\Users\\dell",
    "rundir": "E:\\AAA2018\\Egg\\egg-movie\\run",
    "dump": {
      "ignore": "<Set>"
    },
    "confusedConfigurations": {
      "bodyparser": "bodyParser",
      "notFound": "notfound",
      "sitefile": "siteFile",
      "middlewares": "middleware",
      "httpClient": "httpclient"
    },
    "notfound": {
      "pageUrl": ""
    },
    "siteFile": {
      "/favicon.ico": "<Buffer len: 6463>"
    },
    "bodyParser": {
      "enable": true,
      "encoding": "utf8",
      "formLimit": "100kb",
      "jsonLimit": "100kb",
      "strict": true,
      "queryString": {
        "arrayLimit": 100,
        "depth": 5,
        "parameterLimit": 1000
      },
      "returnRawBody": true
    },
    "logger": {
      "dir": "E:\\AAA2018\\Egg\\egg-movie\\logs\\movie",
      "encoding": "utf8",
      "env": "local",
      "level": "INFO",
      "consoleLevel": "INFO",
      "disableConsoleAfterReady": false,
      "outputJSON": false,
      "buffer": true,
      "appLogName": "movie-web.log",
      "coreLogName": "egg-web.log",
      "agentLogName": "egg-agent.log",
      "errorLogName": "common-error.log",
      "coreLogger": {
        "consoleLevel": "WARN"
      },
      "allowDebugAtProd": false,
      "type": "application"
    },
    "httpclient": {
      "enableDNSCache": false,
      "dnsCacheMaxLength": 1000,
      "dnsCacheMaxAge": 10000,
      "request": {
        "timeout": 5000
      },
      "httpAgent": {
        "keepAlive": true,
        "freeSocketKeepAliveTimeout": 4000,
        "maxSockets": 9007199254740991,
        "maxFreeSockets": 256
      },
      "httpsAgent": {
        "keepAlive": true,
        "freeSocketKeepAliveTimeout": 4000,
        "maxSockets": 9007199254740991,
        "maxFreeSockets": 256
      }
    },
    "meta": {
      "enable": true,
      "logging": false
    },
    "coreMiddleware": [
      "cors",
      "meta",
      "siteFile",
      "notfound",
      "static",
      "bodyParser",
      "overrideMethod",
      "session",
      "securities",
      "i18n"
    ],
    "workerStartTimeout": 600000,
    "cluster": {
      "listen": {
        "path": "",
        "port": 7001,
        "hostname": ""
      }
    },
    "clusterClient": {
      "maxWaitTime": 60000,
      "responseTimeout": 60000
    },
    "onClientError": null,
    "richCof": {
      "qiniu": {
        "cname": "http://go.richfly.cn/",
        "bucket": "eggapi",
        "AK": "OBDA2gN9-FJfAzWExCHGNNG9QW5FqNtUrD57IwIi",
        "SK": "lkrOjtgXY4WmN7NcJNSKNXb7aLue13_CPg_0X0NH"
      }
    },
    "middleware": [
      "errorHandler"
    ],
    "coreMiddlewares": "~config~coreMiddleware",
    "appMiddlewares": "~config~middleware",
    "appMiddleware": "~config~middleware",
    "multipartParseOptions": {
      "autoFields": false,
      "defCharset": "utf8",
      "limits": {
        "fieldNameSize": 100,
        "fieldSize": 102400,
        "fields": 10,
        "fileSize": 10485760,
        "files": 10
      },
      "checkFile": "<Function checkFile>"
    }
  },
  "plugins": {
    "session": {
      "enable": true,
      "package": "egg-session",
      "name": "session",
      "dependencies": [],
      "optionalDependencies": [],
      "env": [],
      "from": "E:\\AAA2018\\Egg\\egg-movie\\node_modules\\.2.9.1@egg\\config\\plugin.js",
      "path": "E:\\AAA2018\\Egg\\egg-movie\\node_modules\\.3.1.0@egg-session",
      "version": "3.1.0"
    },
    "security": {
      "enable": true,
      "package": "egg-security",
      "name": "security",
      "dependencies": [],
      "optionalDependencies": [
        "session"
      ],
      "env": [],
      "from": "E:\\AAA2018\\Egg\\egg-movie\\node_modules\\.2.9.1@egg\\config\\plugin.js",
      "path": "E:\\AAA2018\\Egg\\egg-movie\\node_modules\\.2.2.3@egg-security",
      "version": "2.2.3"
    },
    "jsonp": {
      "enable": true,
      "package": "egg-jsonp",
      "name": "jsonp",
      "dependencies": [],
      "optionalDependencies": [
        "security"
      ],
      "env": [],
      "from": "E:\\AAA2018\\Egg\\egg-movie\\node_modules\\.2.9.1@egg\\config\\plugin.js",
      "path": "E:\\AAA2018\\Egg\\egg-movie\\node_modules\\.2.0.0@egg-jsonp",
      "version": "2.0.0"
    },
    "onerror": {
      "enable": true,
      "package": "egg-onerror",
      "name": "onerror",
      "dependencies": [],
      "optionalDependencies": [
        "jsonp"
      ],
      "env": [],
      "from": "E:\\AAA2018\\Egg\\egg-movie\\node_modules\\.2.9.1@egg\\config\\plugin.js",
      "path": "E:\\AAA2018\\Egg\\egg-movie\\node_modules\\.2.1.0@egg-onerror",
      "version": "2.1.0"
    },
    "i18n": {
      "enable": true,
      "package": "egg-i18n",
      "name": "i18n",
      "dependencies": [],
      "optionalDependencies": [],
      "env": [],
      "from": "E:\\AAA2018\\Egg\\egg-movie\\node_modules\\.2.9.1@egg\\config\\plugin.js",
      "path": "E:\\AAA2018\\Egg\\egg-movie\\node_modules\\.2.0.0@egg-i18n",
      "version": "2.0.0"
    },
    "watcher": {
      "enable": true,
      "package": "egg-watcher",
      "name": "watcher",
      "dependencies": [],
      "optionalDependencies": [],
      "env": [],
      "from": "E:\\AAA2018\\Egg\\egg-movie\\node_modules\\.2.9.1@egg\\config\\plugin.js",
      "path": "E:\\AAA2018\\Egg\\egg-movie\\node_modules\\.3.0.0@egg-watcher",
      "version": "3.0.0"
    },
    "multipart": {
      "enable": true,
      "package": "egg-multipart",
      "name": "multipart",
      "dependencies": [],
      "optionalDependencies": [],
      "env": [],
      "from": "E:\\AAA2018\\Egg\\egg-movie\\node_modules\\.2.9.1@egg\\config\\plugin.js",
      "path": "E:\\AAA2018\\Egg\\egg-movie\\node_modules\\.2.0.0@egg-multipart",
      "version": "2.0.0"
    },
    "development": {
      "enable": true,
      "package": "egg-development",
      "name": "development",
      "dependencies": [
        "watcher"
      ],
      "optionalDependencies": [],
      "env": [
        "local"
      ],
      "from": "E:\\AAA2018\\Egg\\egg-movie\\node_modules\\.2.9.1@egg\\config\\plugin.js",
      "path": "E:\\AAA2018\\Egg\\egg-movie\\node_modules\\.2.3.1@egg-development",
      "version": "2.3.1"
    },
    "schedule": {
      "enable": true,
      "package": "egg-schedule",
      "name": "schedule",
      "dependencies": [],
      "optionalDependencies": [],
      "env": [],
      "from": "E:\\AAA2018\\Egg\\egg-movie\\node_modules\\.2.9.1@egg\\config\\plugin.js",
      "path": "E:\\AAA2018\\Egg\\egg-movie\\node_modules\\.3.3.0@egg-schedule",
      "version": "3.3.0"
    },
    "logrotator": {
      "enable": true,
      "package": "egg-logrotator",
      "name": "logrotator",
      "dependencies": [
        "schedule"
      ],
      "optionalDependencies": [],
      "env": [],
      "from": "E:\\AAA2018\\Egg\\egg-movie\\node_modules\\.2.9.1@egg\\config\\plugin.js",
      "path": "E:\\AAA2018\\Egg\\egg-movie\\node_modules\\.3.0.3@egg-logrotator",
      "version": "3.0.3"
    },
    "static": {
      "enable": true,
      "package": "egg-static",
      "name": "static",
      "dependencies": [],
      "optionalDependencies": [],
      "env": [],
      "from": "E:\\AAA2018\\Egg\\egg-movie\\node_modules\\.2.9.1@egg\\config\\plugin.js",
      "path": "E:\\AAA2018\\Egg\\egg-movie\\node_modules\\.2.1.1@egg-static",
      "version": "2.1.1"
    },
    "view": {
      "enable": true,
      "package": "egg-view",
      "name": "view",
      "dependencies": [],
      "optionalDependencies": [],
      "env": [],
      "from": "E:\\AAA2018\\Egg\\egg-movie\\node_modules\\.2.9.1@egg\\config\\plugin.js",
      "path": "E:\\AAA2018\\Egg\\egg-movie\\node_modules\\.2.1.0@egg-view",
      "version": "2.1.0"
    },
    "validate": {
      "enable": true,
      "package": "egg-validate",
      "name": "validate",
      "dependencies": [],
      "optionalDependencies": [],
      "env": [],
      "from": "E:\\AAA2018\\Egg\\egg-movie\\config\\plugin.js",
      "path": "E:\\AAA2018\\Egg\\egg-movie\\node_modules\\.1.0.0@egg-validate",
      "version": "1.0.0"
    },
    "mongoose": {
      "enable": true,
      "package": "egg-mongoose",
      "name": "mongoose",
      "dependencies": [],
      "optionalDependencies": [],
      "env": [],
      "from": "E:\\AAA2018\\Egg\\egg-movie\\config\\plugin.js",
      "path": "E:\\AAA2018\\Egg\\egg-movie\\node_modules\\.3.1.0@egg-mongoose",
      "version": "3.1.0"
    },
    "cors": {
      "enable": true,
      "package": "egg-cors",
      "name": "cors",
      "dependencies": [],
      "optionalDependencies": [],
      "env": [],
      "from": "E:\\AAA2018\\Egg\\egg-movie\\config\\plugin.js",
      "path": "E:\\AAA2018\\Egg\\egg-movie\\node_modules\\.2.1.0@egg-cors",
      "version": "2.1.0"
    },
    "nunjucks": {
      "enable": true,
      "package": "egg-view-nunjucks",
      "name": "nunjucks",
      "dependencies": [
        "security",
        "view"
      ],
      "optionalDependencies": [],
      "env": [],
      "from": "E:\\AAA2018\\Egg\\egg-movie\\config\\plugin.js",
      "path": "E:\\AAA2018\\Egg\\egg-movie\\node_modules\\.2.2.0@egg-view-nunjucks",
      "version": "2.2.0"
    }
  }
}