[
  {
    "name": "Application Start",
    "start": 1534758683589,
    "end": 1534758686000,
    "duration": 2411,
    "pid": 17112,
    "index": 0
  },
  {
    "name": "Load Plugin",
    "start": 1534758683593,
    "end": 1534758683610,
    "duration": 17,
    "pid": 17112,
    "index": 1
  },
  {
    "name": "Load Config",
    "start": 1534758683610,
    "end": 1534758683628,
    "duration": 18,
    "pid": 17112,
    "index": 2
  },
  {
    "name": "Require(0) config/config.default.js",
    "start": 1534758683610,
    "end": 1534758683611,
    "duration": 1,
    "pid": 17112,
    "index": 3
  },
  {
    "name": "Require(1) node_modules/.3.1.0@egg-session/config/config.default.js",
    "start": 1534758683612,
    "end": 1534758683612,
    "duration": 0,
    "pid": 17112,
    "index": 4
  },
  {
    "name": "Require(2) node_modules/.2.2.3@egg-security/config/config.default.js",
    "start": 1534758683613,
    "end": 1534758683613,
    "duration": 0,
    "pid": 17112,
    "index": 5
  },
  {
    "name": "Require(3) node_modules/.2.0.0@egg-jsonp/config/config.default.js",
    "start": 1534758683614,
    "end": 1534758683614,
    "duration": 0,
    "pid": 17112,
    "index": 6
  },
  {
    "name": "Require(4) node_modules/.2.1.0@egg-onerror/config/config.default.js",
    "start": 1534758683614,
    "end": 1534758683614,
    "duration": 0,
    "pid": 17112,
    "index": 7
  },
  {
    "name": "Require(5) node_modules/.2.0.0@egg-i18n/config/config.default.js",
    "start": 1534758683615,
    "end": 1534758683615,
    "duration": 0,
    "pid": 17112,
    "index": 8
  },
  {
    "name": "Require(6) node_modules/.3.0.0@egg-watcher/config/config.default.js",
    "start": 1534758683615,
    "end": 1534758683615,
    "duration": 0,
    "pid": 17112,
    "index": 9
  },
  {
    "name": "Require(7) node_modules/.2.0.0@egg-multipart/config/config.default.js",
    "start": 1534758683616,
    "end": 1534758683616,
    "duration": 0,
    "pid": 17112,
    "index": 10
  },
  {
    "name": "Require(8) node_modules/.2.3.1@egg-development/config/config.default.js",
    "start": 1534758683616,
    "end": 1534758683616,
    "duration": 0,
    "pid": 17112,
    "index": 11
  },
  {
    "name": "Require(9) node_modules/.3.3.0@egg-schedule/config/config.default.js",
    "start": 1534758683617,
    "end": 1534758683617,
    "duration": 0,
    "pid": 17112,
    "index": 12
  },
  {
    "name": "Require(10) node_modules/.3.0.3@egg-logrotator/config/config.default.js",
    "start": 1534758683617,
    "end": 1534758683618,
    "duration": 1,
    "pid": 17112,
    "index": 13
  },
  {
    "name": "Require(11) node_modules/.2.1.1@egg-static/config/config.default.js",
    "start": 1534758683618,
    "end": 1534758683618,
    "duration": 0,
    "pid": 17112,
    "index": 14
  },
  {
    "name": "Require(12) node_modules/.2.1.0@egg-view/config/config.default.js",
    "start": 1534758683618,
    "end": 1534758683619,
    "duration": 1,
    "pid": 17112,
    "index": 15
  },
  {
    "name": "Require(13) node_modules/.3.1.0@egg-mongoose/config/config.default.js",
    "start": 1534758683619,
    "end": 1534758683619,
    "duration": 0,
    "pid": 17112,
    "index": 16
  },
  {
    "name": "Require(14) node_modules/.2.1.0@egg-cors/config/config.default.js",
    "start": 1534758683620,
    "end": 1534758683620,
    "duration": 0,
    "pid": 17112,
    "index": 17
  },
  {
    "name": "Require(15) node_modules/.2.2.0@egg-view-nunjucks/config/config.default.js",
    "start": 1534758683620,
    "end": 1534758683620,
    "duration": 0,
    "pid": 17112,
    "index": 18
  },
  {
    "name": "Require(16) node_modules/.2.9.1@egg/config/config.default.js",
    "start": 1534758683621,
    "end": 1534758683623,
    "duration": 2,
    "pid": 17112,
    "index": 19
  },
  {
    "name": "Require(17) config/config.default.js",
    "start": 1534758683625,
    "end": 1534758683625,
    "duration": 0,
    "pid": 17112,
    "index": 20
  },
  {
    "name": "Require(18) node_modules/.2.2.3@egg-security/config/config.local.js",
    "start": 1534758683625,
    "end": 1534758683625,
    "duration": 0,
    "pid": 17112,
    "index": 21
  },
  {
    "name": "Require(19) node_modules/.3.0.0@egg-watcher/config/config.local.js",
    "start": 1534758683626,
    "end": 1534758683626,
    "duration": 0,
    "pid": 17112,
    "index": 22
  },
  {
    "name": "Require(20) node_modules/.2.1.0@egg-view/config/config.local.js",
    "start": 1534758683627,
    "end": 1534758683627,
    "duration": 0,
    "pid": 17112,
    "index": 23
  },
  {
    "name": "Require(21) node_modules/.2.2.0@egg-view-nunjucks/config/config.local.js",
    "start": 1534758683628,
    "end": 1534758683628,
    "duration": 0,
    "pid": 17112,
    "index": 24
  },
  {
    "name": "Require(22) node_modules/.2.9.1@egg/config/config.local.js",
    "start": 1534758683628,
    "end": 1534758683628,
    "duration": 0,
    "pid": 17112,
    "index": 25
  },
  {
    "name": "Load extend/application.js",
    "start": 1534758683629,
    "end": 1534758683688,
    "duration": 59,
    "pid": 17112,
    "index": 26
  },
  {
    "name": "Require(23) node_modules/.3.1.0@egg-session/app/extend/application.js",
    "start": 1534758683630,
    "end": 1534758683630,
    "duration": 0,
    "pid": 17112,
    "index": 27
  },
  {
    "name": "Require(24) node_modules/.2.2.3@egg-security/app/extend/application.js",
    "start": 1534758683631,
    "end": 1534758683632,
    "duration": 1,
    "pid": 17112,
    "index": 28
  },
  {
    "name": "Require(25) node_modules/.2.0.0@egg-jsonp/app/extend/application.js",
    "start": 1534758683632,
    "end": 1534758683633,
    "duration": 1,
    "pid": 17112,
    "index": 29
  },
  {
    "name": "Require(26) node_modules/.3.0.3@egg-logrotator/app/extend/application.js",
    "start": 1534758683634,
    "end": 1534758683637,
    "duration": 3,
    "pid": 17112,
    "index": 30
  },
  {
    "name": "Require(27) node_modules/.2.1.0@egg-view/app/extend/application.js",
    "start": 1534758683637,
    "end": 1534758683639,
    "duration": 2,
    "pid": 17112,
    "index": 31
  },
  {
    "name": "Require(28) node_modules/.2.2.0@egg-view-nunjucks/app/extend/application.js",
    "start": 1534758683639,
    "end": 1534758683685,
    "duration": 46,
    "pid": 17112,
    "index": 32
  },
  {
    "name": "Load extend/request.js",
    "start": 1534758683688,
    "end": 1534758683693,
    "duration": 5,
    "pid": 17112,
    "index": 33
  },
  {
    "name": "Require(29) node_modules/.2.9.1@egg/app/extend/request.js",
    "start": 1534758683689,
    "end": 1534758683691,
    "duration": 2,
    "pid": 17112,
    "index": 34
  },
  {
    "name": "Load extend/response.js",
    "start": 1534758683693,
    "end": 1534758683698,
    "duration": 5,
    "pid": 17112,
    "index": 35
  },
  {
    "name": "Require(30) node_modules/.2.9.1@egg/app/extend/response.js",
    "start": 1534758683695,
    "end": 1534758683697,
    "duration": 2,
    "pid": 17112,
    "index": 36
  },
  {
    "name": "Load extend/context.js",
    "start": 1534758683698,
    "end": 1534758683753,
    "duration": 55,
    "pid": 17112,
    "index": 37
  },
  {
    "name": "Require(31) node_modules/.2.2.3@egg-security/app/extend/context.js",
    "start": 1534758683699,
    "end": 1534758683708,
    "duration": 9,
    "pid": 17112,
    "index": 38
  },
  {
    "name": "Require(32) node_modules/.2.0.0@egg-jsonp/app/extend/context.js",
    "start": 1534758683708,
    "end": 1534758683709,
    "duration": 1,
    "pid": 17112,
    "index": 39
  },
  {
    "name": "Require(33) node_modules/.2.0.0@egg-i18n/app/extend/context.js",
    "start": 1534758683710,
    "end": 1534758683710,
    "duration": 0,
    "pid": 17112,
    "index": 40
  },
  {
    "name": "Require(34) node_modules/.2.0.0@egg-multipart/app/extend/context.js",
    "start": 1534758683710,
    "end": 1534758683744,
    "duration": 34,
    "pid": 17112,
    "index": 41
  },
  {
    "name": "Require(35) node_modules/.2.1.0@egg-view/app/extend/context.js",
    "start": 1534758683745,
    "end": 1534758683746,
    "duration": 1,
    "pid": 17112,
    "index": 42
  },
  {
    "name": "Require(36) node_modules/.1.0.0@egg-validate/app/extend/context.js",
    "start": 1534758683746,
    "end": 1534758683746,
    "duration": 0,
    "pid": 17112,
    "index": 43
  },
  {
    "name": "Require(37) node_modules/.3.1.0@egg-mongoose/app/extend/context.js",
    "start": 1534758683746,
    "end": 1534758683747,
    "duration": 1,
    "pid": 17112,
    "index": 44
  },
  {
    "name": "Require(38) node_modules/.2.9.1@egg/app/extend/context.js",
    "start": 1534758683747,
    "end": 1534758683748,
    "duration": 1,
    "pid": 17112,
    "index": 45
  },
  {
    "name": "Load extend/helper.js",
    "start": 1534758683753,
    "end": 1534758683767,
    "duration": 14,
    "pid": 17112,
    "index": 46
  },
  {
    "name": "Require(39) node_modules/.2.2.3@egg-security/app/extend/helper.js",
    "start": 1534758683753,
    "end": 1534758683764,
    "duration": 11,
    "pid": 17112,
    "index": 47
  },
  {
    "name": "Require(40) node_modules/.2.9.1@egg/app/extend/helper.js",
    "start": 1534758683765,
    "end": 1534758683765,
    "duration": 0,
    "pid": 17112,
    "index": 48
  },
  {
    "name": "Load app.js",
    "start": 1534758683767,
    "end": 1534758684595,
    "duration": 828,
    "pid": 17112,
    "index": 49
  },
  {
    "name": "Require(41) node_modules/.3.1.0@egg-session/app.js",
    "start": 1534758683767,
    "end": 1534758683768,
    "duration": 1,
    "pid": 17112,
    "index": 50
  },
  {
    "name": "Require(42) node_modules/.2.2.3@egg-security/app.js",
    "start": 1534758683768,
    "end": 1534758683769,
    "duration": 1,
    "pid": 17112,
    "index": 51
  },
  {
    "name": "Require(43) node_modules/.2.1.0@egg-onerror/app.js",
    "start": 1534758683770,
    "end": 1534758683776,
    "duration": 6,
    "pid": 17112,
    "index": 52
  },
  {
    "name": "Require(44) node_modules/.2.0.0@egg-i18n/app.js",
    "start": 1534758683776,
    "end": 1534758683784,
    "duration": 8,
    "pid": 17112,
    "index": 53
  },
  {
    "name": "Require(45) node_modules/.3.0.0@egg-watcher/app.js",
    "start": 1534758683785,
    "end": 1534758683788,
    "duration": 3,
    "pid": 17112,
    "index": 54
  },
  {
    "name": "Before Start in node_modules/.3.0.0@egg-watcher/app.js:15:7",
    "start": 1534758683797,
    "end": 1534758684995,
    "duration": 1198,
    "pid": 17112,
    "index": 55
  },
  {
    "name": "Require(46) node_modules/.2.0.0@egg-multipart/app.js",
    "start": 1534758683798,
    "end": 1534758683800,
    "duration": 2,
    "pid": 17112,
    "index": 56
  },
  {
    "name": "Require(47) node_modules/.2.3.1@egg-development/app.js",
    "start": 1534758683801,
    "end": 1534758683802,
    "duration": 1,
    "pid": 17112,
    "index": 57
  },
  {
    "name": "Before Start in node_modules/.2.3.1@egg-development/app.js:12:7",
    "start": 1534758683802,
    "end": 1534758684996,
    "duration": 1194,
    "pid": 17112,
    "index": 58
  },
  {
    "name": "Require(48) node_modules/.3.3.0@egg-schedule/app.js",
    "start": 1534758683802,
    "end": 1534758683804,
    "duration": 2,
    "pid": 17112,
    "index": 59
  },
  {
    "name": "Require(49) node_modules/.3.0.3@egg-logrotator/app.js",
    "start": 1534758683830,
    "end": 1534758683830,
    "duration": 0,
    "pid": 17112,
    "index": 60
  },
  {
    "name": "Require(50) node_modules/.2.1.1@egg-static/app.js",
    "start": 1534758683830,
    "end": 1534758683830,
    "duration": 0,
    "pid": 17112,
    "index": 61
  },
  {
    "name": "Require(51) node_modules/.1.0.0@egg-validate/app.js",
    "start": 1534758683831,
    "end": 1534758683832,
    "duration": 1,
    "pid": 17112,
    "index": 62
  },
  {
    "name": "Require(52) node_modules/.3.1.0@egg-mongoose/app.js",
    "start": 1534758683832,
    "end": 1534758683832,
    "duration": 0,
    "pid": 17112,
    "index": 63
  },
  {
    "name": "Before Start in node_modules/.3.1.0@egg-mongoose/lib/mongoose.js:77:7",
    "start": 1534758684592,
    "end": 1534758686000,
    "duration": 1408,
    "pid": 17112,
    "index": 64
  },
  {
    "name": "Before Start in node_modules/.3.1.0@egg-mongoose/lib/mongoose.js:42:9",
    "start": 1534758684592,
    "end": 1534758684950,
    "duration": 358,
    "pid": 17112,
    "index": 65
  },
  {
    "name": "Require(53) node_modules/.2.1.0@egg-cors/app.js",
    "start": 1534758684593,
    "end": 1534758684593,
    "duration": 0,
    "pid": 17112,
    "index": 66
  },
  {
    "name": "Require(54) node_modules/.2.2.0@egg-view-nunjucks/app.js",
    "start": 1534758684593,
    "end": 1534758684593,
    "duration": 0,
    "pid": 17112,
    "index": 67
  },
  {
    "name": "Load Service",
    "start": 1534758684595,
    "end": 1534758684845,
    "duration": 250,
    "pid": 17112,
    "index": 68
  },
  {
    "name": "Load \"service\" to Context",
    "start": 1534758684595,
    "end": 1534758684845,
    "duration": 250,
    "pid": 17112,
    "index": 69
  },
  {
    "name": "Load Middleware",
    "start": 1534758684845,
    "end": 1534758684919,
    "duration": 74,
    "pid": 17112,
    "index": 70
  },
  {
    "name": "Load \"middlewares\" to Application",
    "start": 1534758684846,
    "end": 1534758684906,
    "duration": 60,
    "pid": 17112,
    "index": 71
  },
  {
    "name": "Load Controller",
    "start": 1534758684919,
    "end": 1534758684923,
    "duration": 4,
    "pid": 17112,
    "index": 72
  },
  {
    "name": "Load \"controller\" to Application",
    "start": 1534758684919,
    "end": 1534758684923,
    "duration": 4,
    "pid": 17112,
    "index": 73
  },
  {
    "name": "Load Router",
    "start": 1534758684924,
    "end": 1534758684925,
    "duration": 1,
    "pid": 17112,
    "index": 74
  },
  {
    "name": "Require(55) app/router.js",
    "start": 1534758684924,
    "end": 1534758684924,
    "duration": 0,
    "pid": 17112,
    "index": 75
  },
  {
    "name": "Before Start in node_modules/.4.9.1@egg-core/lib/egg.js:328:10",
    "start": 1534758684924,
    "end": 1534758684950,
    "duration": 26,
    "pid": 17112,
    "index": 76
  },
  {
    "name": "Load \"model\" to Application",
    "start": 1534758684935,
    "end": 1534758684949,
    "duration": 14,
    "pid": 17112,
    "index": 77
  }
]