[
  {
    "name": "Application Start",
    "start": 1534753500373,
    "end": 1534753502690,
    "duration": 2317,
    "pid": 14968,
    "index": 0
  },
  {
    "name": "Load Plugin",
    "start": 1534753500376,
    "end": 1534753500393,
    "duration": 17,
    "pid": 14968,
    "index": 1
  },
  {
    "name": "Load Config",
    "start": 1534753500393,
    "end": 1534753500413,
    "duration": 20,
    "pid": 14968,
    "index": 2
  },
  {
    "name": "Require(0) config/config.default.js",
    "start": 1534753500394,
    "end": 1534753500395,
    "duration": 1,
    "pid": 14968,
    "index": 3
  },
  {
    "name": "Require(1) node_modules/.3.1.0@egg-session/config/config.default.js",
    "start": 1534753500396,
    "end": 1534753500396,
    "duration": 0,
    "pid": 14968,
    "index": 4
  },
  {
    "name": "Require(2) node_modules/.2.2.3@egg-security/config/config.default.js",
    "start": 1534753500396,
    "end": 1534753500397,
    "duration": 1,
    "pid": 14968,
    "index": 5
  },
  {
    "name": "Require(3) node_modules/.2.0.0@egg-jsonp/config/config.default.js",
    "start": 1534753500397,
    "end": 1534753500397,
    "duration": 0,
    "pid": 14968,
    "index": 6
  },
  {
    "name": "Require(4) node_modules/.2.1.0@egg-onerror/config/config.default.js",
    "start": 1534753500398,
    "end": 1534753500398,
    "duration": 0,
    "pid": 14968,
    "index": 7
  },
  {
    "name": "Require(5) node_modules/.2.0.0@egg-i18n/config/config.default.js",
    "start": 1534753500398,
    "end": 1534753500399,
    "duration": 1,
    "pid": 14968,
    "index": 8
  },
  {
    "name": "Require(6) node_modules/.3.0.0@egg-watcher/config/config.default.js",
    "start": 1534753500399,
    "end": 1534753500399,
    "duration": 0,
    "pid": 14968,
    "index": 9
  },
  {
    "name": "Require(7) node_modules/.2.0.0@egg-multipart/config/config.default.js",
    "start": 1534753500400,
    "end": 1534753500400,
    "duration": 0,
    "pid": 14968,
    "index": 10
  },
  {
    "name": "Require(8) node_modules/.2.3.1@egg-development/config/config.default.js",
    "start": 1534753500400,
    "end": 1534753500401,
    "duration": 1,
    "pid": 14968,
    "index": 11
  },
  {
    "name": "Require(9) node_modules/.3.3.0@egg-schedule/config/config.default.js",
    "start": 1534753500401,
    "end": 1534753500401,
    "duration": 0,
    "pid": 14968,
    "index": 12
  },
  {
    "name": "Require(10) node_modules/.3.0.3@egg-logrotator/config/config.default.js",
    "start": 1534753500401,
    "end": 1534753500402,
    "duration": 1,
    "pid": 14968,
    "index": 13
  },
  {
    "name": "Require(11) node_modules/.2.1.1@egg-static/config/config.default.js",
    "start": 1534753500402,
    "end": 1534753500402,
    "duration": 0,
    "pid": 14968,
    "index": 14
  },
  {
    "name": "Require(12) node_modules/.2.1.0@egg-view/config/config.default.js",
    "start": 1534753500403,
    "end": 1534753500403,
    "duration": 0,
    "pid": 14968,
    "index": 15
  },
  {
    "name": "Require(13) node_modules/.3.1.0@egg-mongoose/config/config.default.js",
    "start": 1534753500403,
    "end": 1534753500404,
    "duration": 1,
    "pid": 14968,
    "index": 16
  },
  {
    "name": "Require(14) node_modules/.2.1.0@egg-cors/config/config.default.js",
    "start": 1534753500404,
    "end": 1534753500404,
    "duration": 0,
    "pid": 14968,
    "index": 17
  },
  {
    "name": "Require(15) node_modules/.2.2.0@egg-view-nunjucks/config/config.default.js",
    "start": 1534753500405,
    "end": 1534753500405,
    "duration": 0,
    "pid": 14968,
    "index": 18
  },
  {
    "name": "Require(16) node_modules/.2.9.1@egg/config/config.default.js",
    "start": 1534753500405,
    "end": 1534753500406,
    "duration": 1,
    "pid": 14968,
    "index": 19
  },
  {
    "name": "Require(17) config/config.default.js",
    "start": 1534753500409,
    "end": 1534753500409,
    "duration": 0,
    "pid": 14968,
    "index": 20
  },
  {
    "name": "Require(18) node_modules/.2.2.3@egg-security/config/config.local.js",
    "start": 1534753500410,
    "end": 1534753500410,
    "duration": 0,
    "pid": 14968,
    "index": 21
  },
  {
    "name": "Require(19) node_modules/.3.0.0@egg-watcher/config/config.local.js",
    "start": 1534753500411,
    "end": 1534753500411,
    "duration": 0,
    "pid": 14968,
    "index": 22
  },
  {
    "name": "Require(20) node_modules/.2.1.0@egg-view/config/config.local.js",
    "start": 1534753500411,
    "end": 1534753500412,
    "duration": 1,
    "pid": 14968,
    "index": 23
  },
  {
    "name": "Require(21) node_modules/.2.2.0@egg-view-nunjucks/config/config.local.js",
    "start": 1534753500412,
    "end": 1534753500412,
    "duration": 0,
    "pid": 14968,
    "index": 24
  },
  {
    "name": "Require(22) node_modules/.2.9.1@egg/config/config.local.js",
    "start": 1534753500412,
    "end": 1534753500413,
    "duration": 1,
    "pid": 14968,
    "index": 25
  },
  {
    "name": "Load extend/application.js",
    "start": 1534753500414,
    "end": 1534753500466,
    "duration": 52,
    "pid": 14968,
    "index": 26
  },
  {
    "name": "Require(23) node_modules/.3.1.0@egg-session/app/extend/application.js",
    "start": 1534753500414,
    "end": 1534753500415,
    "duration": 1,
    "pid": 14968,
    "index": 27
  },
  {
    "name": "Require(24) node_modules/.2.2.3@egg-security/app/extend/application.js",
    "start": 1534753500415,
    "end": 1534753500416,
    "duration": 1,
    "pid": 14968,
    "index": 28
  },
  {
    "name": "Require(25) node_modules/.2.0.0@egg-jsonp/app/extend/application.js",
    "start": 1534753500416,
    "end": 1534753500417,
    "duration": 1,
    "pid": 14968,
    "index": 29
  },
  {
    "name": "Require(26) node_modules/.3.0.3@egg-logrotator/app/extend/application.js",
    "start": 1534753500418,
    "end": 1534753500420,
    "duration": 2,
    "pid": 14968,
    "index": 30
  },
  {
    "name": "Require(27) node_modules/.2.1.0@egg-view/app/extend/application.js",
    "start": 1534753500420,
    "end": 1534753500421,
    "duration": 1,
    "pid": 14968,
    "index": 31
  },
  {
    "name": "Require(28) node_modules/.2.2.0@egg-view-nunjucks/app/extend/application.js",
    "start": 1534753500422,
    "end": 1534753500464,
    "duration": 42,
    "pid": 14968,
    "index": 32
  },
  {
    "name": "Load extend/request.js",
    "start": 1534753500466,
    "end": 1534753500471,
    "duration": 5,
    "pid": 14968,
    "index": 33
  },
  {
    "name": "Require(29) node_modules/.2.9.1@egg/app/extend/request.js",
    "start": 1534753500468,
    "end": 1534753500469,
    "duration": 1,
    "pid": 14968,
    "index": 34
  },
  {
    "name": "Load extend/response.js",
    "start": 1534753500471,
    "end": 1534753500477,
    "duration": 6,
    "pid": 14968,
    "index": 35
  },
  {
    "name": "Require(30) node_modules/.2.9.1@egg/app/extend/response.js",
    "start": 1534753500473,
    "end": 1534753500475,
    "duration": 2,
    "pid": 14968,
    "index": 36
  },
  {
    "name": "Load extend/context.js",
    "start": 1534753500477,
    "end": 1534753500534,
    "duration": 57,
    "pid": 14968,
    "index": 37
  },
  {
    "name": "Require(31) node_modules/.2.2.3@egg-security/app/extend/context.js",
    "start": 1534753500477,
    "end": 1534753500486,
    "duration": 9,
    "pid": 14968,
    "index": 38
  },
  {
    "name": "Require(32) node_modules/.2.0.0@egg-jsonp/app/extend/context.js",
    "start": 1534753500487,
    "end": 1534753500488,
    "duration": 1,
    "pid": 14968,
    "index": 39
  },
  {
    "name": "Require(33) node_modules/.2.0.0@egg-i18n/app/extend/context.js",
    "start": 1534753500488,
    "end": 1534753500488,
    "duration": 0,
    "pid": 14968,
    "index": 40
  },
  {
    "name": "Require(34) node_modules/.2.0.0@egg-multipart/app/extend/context.js",
    "start": 1534753500488,
    "end": 1534753500525,
    "duration": 37,
    "pid": 14968,
    "index": 41
  },
  {
    "name": "Require(35) node_modules/.2.1.0@egg-view/app/extend/context.js",
    "start": 1534753500526,
    "end": 1534753500526,
    "duration": 0,
    "pid": 14968,
    "index": 42
  },
  {
    "name": "Require(36) node_modules/.1.0.0@egg-validate/app/extend/context.js",
    "start": 1534753500527,
    "end": 1534753500527,
    "duration": 0,
    "pid": 14968,
    "index": 43
  },
  {
    "name": "Require(37) node_modules/.3.1.0@egg-mongoose/app/extend/context.js",
    "start": 1534753500527,
    "end": 1534753500528,
    "duration": 1,
    "pid": 14968,
    "index": 44
  },
  {
    "name": "Require(38) node_modules/.2.9.1@egg/app/extend/context.js",
    "start": 1534753500528,
    "end": 1534753500529,
    "duration": 1,
    "pid": 14968,
    "index": 45
  },
  {
    "name": "Load extend/helper.js",
    "start": 1534753500534,
    "end": 1534753500548,
    "duration": 14,
    "pid": 14968,
    "index": 46
  },
  {
    "name": "Require(39) node_modules/.2.2.3@egg-security/app/extend/helper.js",
    "start": 1534753500534,
    "end": 1534753500545,
    "duration": 11,
    "pid": 14968,
    "index": 47
  },
  {
    "name": "Require(40) node_modules/.2.9.1@egg/app/extend/helper.js",
    "start": 1534753500546,
    "end": 1534753500546,
    "duration": 0,
    "pid": 14968,
    "index": 48
  },
  {
    "name": "Load app.js",
    "start": 1534753500548,
    "end": 1534753501317,
    "duration": 769,
    "pid": 14968,
    "index": 49
  },
  {
    "name": "Require(41) node_modules/.3.1.0@egg-session/app.js",
    "start": 1534753500548,
    "end": 1534753500549,
    "duration": 1,
    "pid": 14968,
    "index": 50
  },
  {
    "name": "Require(42) node_modules/.2.2.3@egg-security/app.js",
    "start": 1534753500549,
    "end": 1534753500550,
    "duration": 1,
    "pid": 14968,
    "index": 51
  },
  {
    "name": "Require(43) node_modules/.2.1.0@egg-onerror/app.js",
    "start": 1534753500551,
    "end": 1534753500557,
    "duration": 6,
    "pid": 14968,
    "index": 52
  },
  {
    "name": "Require(44) node_modules/.2.0.0@egg-i18n/app.js",
    "start": 1534753500558,
    "end": 1534753500563,
    "duration": 5,
    "pid": 14968,
    "index": 53
  },
  {
    "name": "Require(45) node_modules/.3.0.0@egg-watcher/app.js",
    "start": 1534753500565,
    "end": 1534753500567,
    "duration": 2,
    "pid": 14968,
    "index": 54
  },
  {
    "name": "Before Start in node_modules/.3.0.0@egg-watcher/app.js:15:7",
    "start": 1534753500573,
    "end": 1534753501687,
    "duration": 1114,
    "pid": 14968,
    "index": 55
  },
  {
    "name": "Require(46) node_modules/.2.0.0@egg-multipart/app.js",
    "start": 1534753500574,
    "end": 1534753500576,
    "duration": 2,
    "pid": 14968,
    "index": 56
  },
  {
    "name": "Require(47) node_modules/.2.3.1@egg-development/app.js",
    "start": 1534753500576,
    "end": 1534753500578,
    "duration": 2,
    "pid": 14968,
    "index": 57
  },
  {
    "name": "Before Start in node_modules/.2.3.1@egg-development/app.js:12:7",
    "start": 1534753500578,
    "end": 1534753501687,
    "duration": 1109,
    "pid": 14968,
    "index": 58
  },
  {
    "name": "Require(48) node_modules/.3.3.0@egg-schedule/app.js",
    "start": 1534753500578,
    "end": 1534753500579,
    "duration": 1,
    "pid": 14968,
    "index": 59
  },
  {
    "name": "Require(49) node_modules/.3.0.3@egg-logrotator/app.js",
    "start": 1534753500606,
    "end": 1534753500607,
    "duration": 1,
    "pid": 14968,
    "index": 60
  },
  {
    "name": "Require(50) node_modules/.2.1.1@egg-static/app.js",
    "start": 1534753500607,
    "end": 1534753500607,
    "duration": 0,
    "pid": 14968,
    "index": 61
  },
  {
    "name": "Require(51) node_modules/.1.0.0@egg-validate/app.js",
    "start": 1534753500607,
    "end": 1534753500609,
    "duration": 2,
    "pid": 14968,
    "index": 62
  },
  {
    "name": "Require(52) node_modules/.3.1.0@egg-mongoose/app.js",
    "start": 1534753500609,
    "end": 1534753500609,
    "duration": 0,
    "pid": 14968,
    "index": 63
  },
  {
    "name": "Before Start in node_modules/.3.1.0@egg-mongoose/lib/mongoose.js:77:7",
    "start": 1534753501314,
    "end": 1534753502690,
    "duration": 1376,
    "pid": 14968,
    "index": 64
  },
  {
    "name": "Before Start in node_modules/.3.1.0@egg-mongoose/lib/mongoose.js:42:9",
    "start": 1534753501315,
    "end": 1534753501646,
    "duration": 331,
    "pid": 14968,
    "index": 65
  },
  {
    "name": "Require(53) node_modules/.2.1.0@egg-cors/app.js",
    "start": 1534753501315,
    "end": 1534753501315,
    "duration": 0,
    "pid": 14968,
    "index": 66
  },
  {
    "name": "Require(54) node_modules/.2.2.0@egg-view-nunjucks/app.js",
    "start": 1534753501316,
    "end": 1534753501316,
    "duration": 0,
    "pid": 14968,
    "index": 67
  },
  {
    "name": "Load Service",
    "start": 1534753501317,
    "end": 1534753501559,
    "duration": 242,
    "pid": 14968,
    "index": 68
  },
  {
    "name": "Load \"service\" to Context",
    "start": 1534753501317,
    "end": 1534753501559,
    "duration": 242,
    "pid": 14968,
    "index": 69
  },
  {
    "name": "Load Middleware",
    "start": 1534753501559,
    "end": 1534753501614,
    "duration": 55,
    "pid": 14968,
    "index": 70
  },
  {
    "name": "Load \"middlewares\" to Application",
    "start": 1534753501559,
    "end": 1534753501608,
    "duration": 49,
    "pid": 14968,
    "index": 71
  },
  {
    "name": "Load Controller",
    "start": 1534753501614,
    "end": 1534753501619,
    "duration": 5,
    "pid": 14968,
    "index": 72
  },
  {
    "name": "Load \"controller\" to Application",
    "start": 1534753501614,
    "end": 1534753501619,
    "duration": 5,
    "pid": 14968,
    "index": 73
  },
  {
    "name": "Load Router",
    "start": 1534753501619,
    "end": 1534753501621,
    "duration": 2,
    "pid": 14968,
    "index": 74
  },
  {
    "name": "Require(55) app/router.js",
    "start": 1534753501620,
    "end": 1534753501620,
    "duration": 0,
    "pid": 14968,
    "index": 75
  },
  {
    "name": "Before Start in node_modules/.4.9.1@egg-core/lib/egg.js:328:10",
    "start": 1534753501620,
    "end": 1534753501646,
    "duration": 26,
    "pid": 14968,
    "index": 76
  },
  {
    "name": "Load \"model\" to Application",
    "start": 1534753501631,
    "end": 1534753501646,
    "duration": 15,
    "pid": 14968,
    "index": 77
  }
]