[
  {
    "name": "Application Start",
    "start": 1534758431596,
    "end": 1534758434046,
    "duration": 2450,
    "pid": 14972,
    "index": 0
  },
  {
    "name": "Load Plugin",
    "start": 1534758431603,
    "end": 1534758431622,
    "duration": 19,
    "pid": 14972,
    "index": 1
  },
  {
    "name": "Load Config",
    "start": 1534758431622,
    "end": 1534758431642,
    "duration": 20,
    "pid": 14972,
    "index": 2
  },
  {
    "name": "Require(0) config/config.default.js",
    "start": 1534758431623,
    "end": 1534758431623,
    "duration": 0,
    "pid": 14972,
    "index": 3
  },
  {
    "name": "Require(1) node_modules/.3.1.0@egg-session/config/config.default.js",
    "start": 1534758431624,
    "end": 1534758431625,
    "duration": 1,
    "pid": 14972,
    "index": 4
  },
  {
    "name": "Require(2) node_modules/.2.2.3@egg-security/config/config.default.js",
    "start": 1534758431625,
    "end": 1534758431625,
    "duration": 0,
    "pid": 14972,
    "index": 5
  },
  {
    "name": "Require(3) node_modules/.2.0.0@egg-jsonp/config/config.default.js",
    "start": 1534758431626,
    "end": 1534758431626,
    "duration": 0,
    "pid": 14972,
    "index": 6
  },
  {
    "name": "Require(4) node_modules/.2.1.0@egg-onerror/config/config.default.js",
    "start": 1534758431626,
    "end": 1534758431626,
    "duration": 0,
    "pid": 14972,
    "index": 7
  },
  {
    "name": "Require(5) node_modules/.2.0.0@egg-i18n/config/config.default.js",
    "start": 1534758431627,
    "end": 1534758431627,
    "duration": 0,
    "pid": 14972,
    "index": 8
  },
  {
    "name": "Require(6) node_modules/.3.0.0@egg-watcher/config/config.default.js",
    "start": 1534758431627,
    "end": 1534758431628,
    "duration": 1,
    "pid": 14972,
    "index": 9
  },
  {
    "name": "Require(7) node_modules/.2.0.0@egg-multipart/config/config.default.js",
    "start": 1534758431628,
    "end": 1534758431628,
    "duration": 0,
    "pid": 14972,
    "index": 10
  },
  {
    "name": "Require(8) node_modules/.2.3.1@egg-development/config/config.default.js",
    "start": 1534758431629,
    "end": 1534758431629,
    "duration": 0,
    "pid": 14972,
    "index": 11
  },
  {
    "name": "Require(9) node_modules/.3.3.0@egg-schedule/config/config.default.js",
    "start": 1534758431630,
    "end": 1534758431630,
    "duration": 0,
    "pid": 14972,
    "index": 12
  },
  {
    "name": "Require(10) node_modules/.3.0.3@egg-logrotator/config/config.default.js",
    "start": 1534758431630,
    "end": 1534758431630,
    "duration": 0,
    "pid": 14972,
    "index": 13
  },
  {
    "name": "Require(11) node_modules/.2.1.1@egg-static/config/config.default.js",
    "start": 1534758431631,
    "end": 1534758431631,
    "duration": 0,
    "pid": 14972,
    "index": 14
  },
  {
    "name": "Require(12) node_modules/.2.1.0@egg-view/config/config.default.js",
    "start": 1534758431631,
    "end": 1534758431632,
    "duration": 1,
    "pid": 14972,
    "index": 15
  },
  {
    "name": "Require(13) node_modules/.3.1.0@egg-mongoose/config/config.default.js",
    "start": 1534758431632,
    "end": 1534758431633,
    "duration": 1,
    "pid": 14972,
    "index": 16
  },
  {
    "name": "Require(14) node_modules/.2.1.0@egg-cors/config/config.default.js",
    "start": 1534758431633,
    "end": 1534758431634,
    "duration": 1,
    "pid": 14972,
    "index": 17
  },
  {
    "name": "Require(15) node_modules/.2.2.0@egg-view-nunjucks/config/config.default.js",
    "start": 1534758431634,
    "end": 1534758431634,
    "duration": 0,
    "pid": 14972,
    "index": 18
  },
  {
    "name": "Require(16) node_modules/.2.9.1@egg/config/config.default.js",
    "start": 1534758431634,
    "end": 1534758431637,
    "duration": 3,
    "pid": 14972,
    "index": 19
  },
  {
    "name": "Require(17) config/config.default.js",
    "start": 1534758431639,
    "end": 1534758431639,
    "duration": 0,
    "pid": 14972,
    "index": 20
  },
  {
    "name": "Require(18) node_modules/.2.2.3@egg-security/config/config.local.js",
    "start": 1534758431639,
    "end": 1534758431639,
    "duration": 0,
    "pid": 14972,
    "index": 21
  },
  {
    "name": "Require(19) node_modules/.3.0.0@egg-watcher/config/config.local.js",
    "start": 1534758431640,
    "end": 1534758431640,
    "duration": 0,
    "pid": 14972,
    "index": 22
  },
  {
    "name": "Require(20) node_modules/.2.1.0@egg-view/config/config.local.js",
    "start": 1534758431641,
    "end": 1534758431641,
    "duration": 0,
    "pid": 14972,
    "index": 23
  },
  {
    "name": "Require(21) node_modules/.2.2.0@egg-view-nunjucks/config/config.local.js",
    "start": 1534758431641,
    "end": 1534758431641,
    "duration": 0,
    "pid": 14972,
    "index": 24
  },
  {
    "name": "Require(22) node_modules/.2.9.1@egg/config/config.local.js",
    "start": 1534758431642,
    "end": 1534758431642,
    "duration": 0,
    "pid": 14972,
    "index": 25
  },
  {
    "name": "Load extend/application.js",
    "start": 1534758431643,
    "end": 1534758431700,
    "duration": 57,
    "pid": 14972,
    "index": 26
  },
  {
    "name": "Require(23) node_modules/.3.1.0@egg-session/app/extend/application.js",
    "start": 1534758431643,
    "end": 1534758431644,
    "duration": 1,
    "pid": 14972,
    "index": 27
  },
  {
    "name": "Require(24) node_modules/.2.2.3@egg-security/app/extend/application.js",
    "start": 1534758431644,
    "end": 1534758431645,
    "duration": 1,
    "pid": 14972,
    "index": 28
  },
  {
    "name": "Require(25) node_modules/.2.0.0@egg-jsonp/app/extend/application.js",
    "start": 1534758431646,
    "end": 1534758431648,
    "duration": 2,
    "pid": 14972,
    "index": 29
  },
  {
    "name": "Require(26) node_modules/.3.0.3@egg-logrotator/app/extend/application.js",
    "start": 1534758431649,
    "end": 1534758431651,
    "duration": 2,
    "pid": 14972,
    "index": 30
  },
  {
    "name": "Require(27) node_modules/.2.1.0@egg-view/app/extend/application.js",
    "start": 1534758431651,
    "end": 1534758431653,
    "duration": 2,
    "pid": 14972,
    "index": 31
  },
  {
    "name": "Require(28) node_modules/.2.2.0@egg-view-nunjucks/app/extend/application.js",
    "start": 1534758431653,
    "end": 1534758431697,
    "duration": 44,
    "pid": 14972,
    "index": 32
  },
  {
    "name": "Load extend/request.js",
    "start": 1534758431700,
    "end": 1534758431705,
    "duration": 5,
    "pid": 14972,
    "index": 33
  },
  {
    "name": "Require(29) node_modules/.2.9.1@egg/app/extend/request.js",
    "start": 1534758431702,
    "end": 1534758431703,
    "duration": 1,
    "pid": 14972,
    "index": 34
  },
  {
    "name": "Load extend/response.js",
    "start": 1534758431705,
    "end": 1534758431710,
    "duration": 5,
    "pid": 14972,
    "index": 35
  },
  {
    "name": "Require(30) node_modules/.2.9.1@egg/app/extend/response.js",
    "start": 1534758431706,
    "end": 1534758431708,
    "duration": 2,
    "pid": 14972,
    "index": 36
  },
  {
    "name": "Load extend/context.js",
    "start": 1534758431710,
    "end": 1534758431774,
    "duration": 64,
    "pid": 14972,
    "index": 37
  },
  {
    "name": "Require(31) node_modules/.2.2.3@egg-security/app/extend/context.js",
    "start": 1534758431710,
    "end": 1534758431721,
    "duration": 11,
    "pid": 14972,
    "index": 38
  },
  {
    "name": "Require(32) node_modules/.2.0.0@egg-jsonp/app/extend/context.js",
    "start": 1534758431721,
    "end": 1534758431723,
    "duration": 2,
    "pid": 14972,
    "index": 39
  },
  {
    "name": "Require(33) node_modules/.2.0.0@egg-i18n/app/extend/context.js",
    "start": 1534758431723,
    "end": 1534758431723,
    "duration": 0,
    "pid": 14972,
    "index": 40
  },
  {
    "name": "Require(34) node_modules/.2.0.0@egg-multipart/app/extend/context.js",
    "start": 1534758431723,
    "end": 1534758431764,
    "duration": 41,
    "pid": 14972,
    "index": 41
  },
  {
    "name": "Require(35) node_modules/.2.1.0@egg-view/app/extend/context.js",
    "start": 1534758431768,
    "end": 1534758431770,
    "duration": 2,
    "pid": 14972,
    "index": 42
  },
  {
    "name": "Require(36) node_modules/.1.0.0@egg-validate/app/extend/context.js",
    "start": 1534758431770,
    "end": 1534758431771,
    "duration": 1,
    "pid": 14972,
    "index": 43
  },
  {
    "name": "Require(37) node_modules/.3.1.0@egg-mongoose/app/extend/context.js",
    "start": 1534758431771,
    "end": 1534758431771,
    "duration": 0,
    "pid": 14972,
    "index": 44
  },
  {
    "name": "Require(38) node_modules/.2.9.1@egg/app/extend/context.js",
    "start": 1534758431771,
    "end": 1534758431773,
    "duration": 2,
    "pid": 14972,
    "index": 45
  },
  {
    "name": "Load extend/helper.js",
    "start": 1534758431774,
    "end": 1534758431791,
    "duration": 17,
    "pid": 14972,
    "index": 46
  },
  {
    "name": "Require(39) node_modules/.2.2.3@egg-security/app/extend/helper.js",
    "start": 1534758431775,
    "end": 1534758431787,
    "duration": 12,
    "pid": 14972,
    "index": 47
  },
  {
    "name": "Require(40) node_modules/.2.9.1@egg/app/extend/helper.js",
    "start": 1534758431789,
    "end": 1534758431789,
    "duration": 0,
    "pid": 14972,
    "index": 48
  },
  {
    "name": "Load app.js",
    "start": 1534758431791,
    "end": 1534758432639,
    "duration": 848,
    "pid": 14972,
    "index": 49
  },
  {
    "name": "Require(41) node_modules/.3.1.0@egg-session/app.js",
    "start": 1534758431791,
    "end": 1534758431791,
    "duration": 0,
    "pid": 14972,
    "index": 50
  },
  {
    "name": "Require(42) node_modules/.2.2.3@egg-security/app.js",
    "start": 1534758431791,
    "end": 1534758431793,
    "duration": 2,
    "pid": 14972,
    "index": 51
  },
  {
    "name": "Require(43) node_modules/.2.1.0@egg-onerror/app.js",
    "start": 1534758431793,
    "end": 1534758431800,
    "duration": 7,
    "pid": 14972,
    "index": 52
  },
  {
    "name": "Require(44) node_modules/.2.0.0@egg-i18n/app.js",
    "start": 1534758431801,
    "end": 1534758431806,
    "duration": 5,
    "pid": 14972,
    "index": 53
  },
  {
    "name": "Require(45) node_modules/.3.0.0@egg-watcher/app.js",
    "start": 1534758431809,
    "end": 1534758431812,
    "duration": 3,
    "pid": 14972,
    "index": 54
  },
  {
    "name": "Before Start in node_modules/.3.0.0@egg-watcher/app.js:15:7",
    "start": 1534758431822,
    "end": 1534758433040,
    "duration": 1218,
    "pid": 14972,
    "index": 55
  },
  {
    "name": "Require(46) node_modules/.2.0.0@egg-multipart/app.js",
    "start": 1534758431823,
    "end": 1534758431824,
    "duration": 1,
    "pid": 14972,
    "index": 56
  },
  {
    "name": "Require(47) node_modules/.2.3.1@egg-development/app.js",
    "start": 1534758431825,
    "end": 1534758431826,
    "duration": 1,
    "pid": 14972,
    "index": 57
  },
  {
    "name": "Before Start in node_modules/.2.3.1@egg-development/app.js:12:7",
    "start": 1534758431826,
    "end": 1534758433040,
    "duration": 1214,
    "pid": 14972,
    "index": 58
  },
  {
    "name": "Require(48) node_modules/.3.3.0@egg-schedule/app.js",
    "start": 1534758431827,
    "end": 1534758431828,
    "duration": 1,
    "pid": 14972,
    "index": 59
  },
  {
    "name": "Require(49) node_modules/.3.0.3@egg-logrotator/app.js",
    "start": 1534758431855,
    "end": 1534758431855,
    "duration": 0,
    "pid": 14972,
    "index": 60
  },
  {
    "name": "Require(50) node_modules/.2.1.1@egg-static/app.js",
    "start": 1534758431855,
    "end": 1534758431855,
    "duration": 0,
    "pid": 14972,
    "index": 61
  },
  {
    "name": "Require(51) node_modules/.1.0.0@egg-validate/app.js",
    "start": 1534758431856,
    "end": 1534758431857,
    "duration": 1,
    "pid": 14972,
    "index": 62
  },
  {
    "name": "Require(52) node_modules/.3.1.0@egg-mongoose/app.js",
    "start": 1534758431857,
    "end": 1534758431857,
    "duration": 0,
    "pid": 14972,
    "index": 63
  },
  {
    "name": "Before Start in node_modules/.3.1.0@egg-mongoose/lib/mongoose.js:77:7",
    "start": 1534758432636,
    "end": 1534758434046,
    "duration": 1410,
    "pid": 14972,
    "index": 64
  },
  {
    "name": "Before Start in node_modules/.3.1.0@egg-mongoose/lib/mongoose.js:42:9",
    "start": 1534758432637,
    "end": 1534758432993,
    "duration": 356,
    "pid": 14972,
    "index": 65
  },
  {
    "name": "Require(53) node_modules/.2.1.0@egg-cors/app.js",
    "start": 1534758432637,
    "end": 1534758432637,
    "duration": 0,
    "pid": 14972,
    "index": 66
  },
  {
    "name": "Require(54) node_modules/.2.2.0@egg-view-nunjucks/app.js",
    "start": 1534758432637,
    "end": 1534758432638,
    "duration": 1,
    "pid": 14972,
    "index": 67
  },
  {
    "name": "Load Service",
    "start": 1534758432639,
    "end": 1534758432894,
    "duration": 255,
    "pid": 14972,
    "index": 68
  },
  {
    "name": "Load \"service\" to Context",
    "start": 1534758432639,
    "end": 1534758432894,
    "duration": 255,
    "pid": 14972,
    "index": 69
  },
  {
    "name": "Load Middleware",
    "start": 1534758432894,
    "end": 1534758432955,
    "duration": 61,
    "pid": 14972,
    "index": 70
  },
  {
    "name": "Load \"middlewares\" to Application",
    "start": 1534758432895,
    "end": 1534758432949,
    "duration": 54,
    "pid": 14972,
    "index": 71
  },
  {
    "name": "Load Controller",
    "start": 1534758432956,
    "end": 1534758432962,
    "duration": 6,
    "pid": 14972,
    "index": 72
  },
  {
    "name": "Load \"controller\" to Application",
    "start": 1534758432956,
    "end": 1534758432962,
    "duration": 6,
    "pid": 14972,
    "index": 73
  },
  {
    "name": "Load Router",
    "start": 1534758432963,
    "end": 1534758432965,
    "duration": 2,
    "pid": 14972,
    "index": 74
  },
  {
    "name": "Require(55) app/router.js",
    "start": 1534758432963,
    "end": 1534758432963,
    "duration": 0,
    "pid": 14972,
    "index": 75
  },
  {
    "name": "Before Start in node_modules/.4.9.1@egg-core/lib/egg.js:328:10",
    "start": 1534758432963,
    "end": 1534758432993,
    "duration": 30,
    "pid": 14972,
    "index": 76
  },
  {
    "name": "Load \"model\" to Application",
    "start": 1534758432978,
    "end": 1534758432992,
    "duration": 14,
    "pid": 14972,
    "index": 77
  }
]