[
  {
    "name": "Application Start",
    "start": 1534736827207,
    "end": 1534736829580,
    "duration": 2373,
    "pid": 11944,
    "index": 0
  },
  {
    "name": "Load Plugin",
    "start": 1534736827210,
    "end": 1534736827228,
    "duration": 18,
    "pid": 11944,
    "index": 1
  },
  {
    "name": "Load Config",
    "start": 1534736827228,
    "end": 1534736827246,
    "duration": 18,
    "pid": 11944,
    "index": 2
  },
  {
    "name": "Require(0) config/config.default.js",
    "start": 1534736827229,
    "end": 1534736827229,
    "duration": 0,
    "pid": 11944,
    "index": 3
  },
  {
    "name": "Require(1) node_modules/.3.1.0@egg-session/config/config.default.js",
    "start": 1534736827230,
    "end": 1534736827231,
    "duration": 1,
    "pid": 11944,
    "index": 4
  },
  {
    "name": "Require(2) node_modules/.2.2.3@egg-security/config/config.default.js",
    "start": 1534736827231,
    "end": 1534736827231,
    "duration": 0,
    "pid": 11944,
    "index": 5
  },
  {
    "name": "Require(3) node_modules/.2.0.0@egg-jsonp/config/config.default.js",
    "start": 1534736827232,
    "end": 1534736827232,
    "duration": 0,
    "pid": 11944,
    "index": 6
  },
  {
    "name": "Require(4) node_modules/.2.1.0@egg-onerror/config/config.default.js",
    "start": 1534736827232,
    "end": 1534736827232,
    "duration": 0,
    "pid": 11944,
    "index": 7
  },
  {
    "name": "Require(5) node_modules/.2.0.0@egg-i18n/config/config.default.js",
    "start": 1534736827233,
    "end": 1534736827233,
    "duration": 0,
    "pid": 11944,
    "index": 8
  },
  {
    "name": "Require(6) node_modules/.3.0.0@egg-watcher/config/config.default.js",
    "start": 1534736827233,
    "end": 1534736827233,
    "duration": 0,
    "pid": 11944,
    "index": 9
  },
  {
    "name": "Require(7) node_modules/.2.0.0@egg-multipart/config/config.default.js",
    "start": 1534736827234,
    "end": 1534736827234,
    "duration": 0,
    "pid": 11944,
    "index": 10
  },
  {
    "name": "Require(8) node_modules/.2.3.1@egg-development/config/config.default.js",
    "start": 1534736827234,
    "end": 1534736827234,
    "duration": 0,
    "pid": 11944,
    "index": 11
  },
  {
    "name": "Require(9) node_modules/.3.3.0@egg-schedule/config/config.default.js",
    "start": 1534736827235,
    "end": 1534736827235,
    "duration": 0,
    "pid": 11944,
    "index": 12
  },
  {
    "name": "Require(10) node_modules/.3.0.3@egg-logrotator/config/config.default.js",
    "start": 1534736827235,
    "end": 1534736827236,
    "duration": 1,
    "pid": 11944,
    "index": 13
  },
  {
    "name": "Require(11) node_modules/.2.1.1@egg-static/config/config.default.js",
    "start": 1534736827236,
    "end": 1534736827236,
    "duration": 0,
    "pid": 11944,
    "index": 14
  },
  {
    "name": "Require(12) node_modules/.2.1.0@egg-view/config/config.default.js",
    "start": 1534736827237,
    "end": 1534736827237,
    "duration": 0,
    "pid": 11944,
    "index": 15
  },
  {
    "name": "Require(13) node_modules/.3.1.0@egg-mongoose/config/config.default.js",
    "start": 1534736827237,
    "end": 1534736827238,
    "duration": 1,
    "pid": 11944,
    "index": 16
  },
  {
    "name": "Require(14) node_modules/.2.1.0@egg-cors/config/config.default.js",
    "start": 1534736827238,
    "end": 1534736827238,
    "duration": 0,
    "pid": 11944,
    "index": 17
  },
  {
    "name": "Require(15) node_modules/.2.2.0@egg-view-nunjucks/config/config.default.js",
    "start": 1534736827238,
    "end": 1534736827239,
    "duration": 1,
    "pid": 11944,
    "index": 18
  },
  {
    "name": "Require(16) node_modules/.2.9.1@egg/config/config.default.js",
    "start": 1534736827239,
    "end": 1534736827239,
    "duration": 0,
    "pid": 11944,
    "index": 19
  },
  {
    "name": "Require(17) config/config.default.js",
    "start": 1534736827242,
    "end": 1534736827242,
    "duration": 0,
    "pid": 11944,
    "index": 20
  },
  {
    "name": "Require(18) node_modules/.2.2.3@egg-security/config/config.local.js",
    "start": 1534736827243,
    "end": 1534736827243,
    "duration": 0,
    "pid": 11944,
    "index": 21
  },
  {
    "name": "Require(19) node_modules/.3.0.0@egg-watcher/config/config.local.js",
    "start": 1534736827243,
    "end": 1534736827244,
    "duration": 1,
    "pid": 11944,
    "index": 22
  },
  {
    "name": "Require(20) node_modules/.2.1.0@egg-view/config/config.local.js",
    "start": 1534736827245,
    "end": 1534736827245,
    "duration": 0,
    "pid": 11944,
    "index": 23
  },
  {
    "name": "Require(21) node_modules/.2.2.0@egg-view-nunjucks/config/config.local.js",
    "start": 1534736827246,
    "end": 1534736827246,
    "duration": 0,
    "pid": 11944,
    "index": 24
  },
  {
    "name": "Require(22) node_modules/.2.9.1@egg/config/config.local.js",
    "start": 1534736827246,
    "end": 1534736827246,
    "duration": 0,
    "pid": 11944,
    "index": 25
  },
  {
    "name": "Load extend/application.js",
    "start": 1534736827247,
    "end": 1534736827300,
    "duration": 53,
    "pid": 11944,
    "index": 26
  },
  {
    "name": "Require(23) node_modules/.3.1.0@egg-session/app/extend/application.js",
    "start": 1534736827248,
    "end": 1534736827248,
    "duration": 0,
    "pid": 11944,
    "index": 27
  },
  {
    "name": "Require(24) node_modules/.2.2.3@egg-security/app/extend/application.js",
    "start": 1534736827248,
    "end": 1534736827249,
    "duration": 1,
    "pid": 11944,
    "index": 28
  },
  {
    "name": "Require(25) node_modules/.2.0.0@egg-jsonp/app/extend/application.js",
    "start": 1534736827249,
    "end": 1534736827251,
    "duration": 2,
    "pid": 11944,
    "index": 29
  },
  {
    "name": "Require(26) node_modules/.3.0.3@egg-logrotator/app/extend/application.js",
    "start": 1534736827251,
    "end": 1534736827253,
    "duration": 2,
    "pid": 11944,
    "index": 30
  },
  {
    "name": "Require(27) node_modules/.2.1.0@egg-view/app/extend/application.js",
    "start": 1534736827254,
    "end": 1534736827255,
    "duration": 1,
    "pid": 11944,
    "index": 31
  },
  {
    "name": "Require(28) node_modules/.2.2.0@egg-view-nunjucks/app/extend/application.js",
    "start": 1534736827255,
    "end": 1534736827298,
    "duration": 43,
    "pid": 11944,
    "index": 32
  },
  {
    "name": "Load extend/request.js",
    "start": 1534736827301,
    "end": 1534736827307,
    "duration": 6,
    "pid": 11944,
    "index": 33
  },
  {
    "name": "Require(29) node_modules/.2.9.1@egg/app/extend/request.js",
    "start": 1534736827303,
    "end": 1534736827304,
    "duration": 1,
    "pid": 11944,
    "index": 34
  },
  {
    "name": "Load extend/response.js",
    "start": 1534736827307,
    "end": 1534736827312,
    "duration": 5,
    "pid": 11944,
    "index": 35
  },
  {
    "name": "Require(30) node_modules/.2.9.1@egg/app/extend/response.js",
    "start": 1534736827309,
    "end": 1534736827310,
    "duration": 1,
    "pid": 11944,
    "index": 36
  },
  {
    "name": "Load extend/context.js",
    "start": 1534736827312,
    "end": 1534736827365,
    "duration": 53,
    "pid": 11944,
    "index": 37
  },
  {
    "name": "Require(31) node_modules/.2.2.3@egg-security/app/extend/context.js",
    "start": 1534736827312,
    "end": 1534736827321,
    "duration": 9,
    "pid": 11944,
    "index": 38
  },
  {
    "name": "Require(32) node_modules/.2.0.0@egg-jsonp/app/extend/context.js",
    "start": 1534736827321,
    "end": 1534736827322,
    "duration": 1,
    "pid": 11944,
    "index": 39
  },
  {
    "name": "Require(33) node_modules/.2.0.0@egg-i18n/app/extend/context.js",
    "start": 1534736827323,
    "end": 1534736827323,
    "duration": 0,
    "pid": 11944,
    "index": 40
  },
  {
    "name": "Require(34) node_modules/.2.0.0@egg-multipart/app/extend/context.js",
    "start": 1534736827323,
    "end": 1534736827357,
    "duration": 34,
    "pid": 11944,
    "index": 41
  },
  {
    "name": "Require(35) node_modules/.2.1.0@egg-view/app/extend/context.js",
    "start": 1534736827357,
    "end": 1534736827358,
    "duration": 1,
    "pid": 11944,
    "index": 42
  },
  {
    "name": "Require(36) node_modules/.1.0.0@egg-validate/app/extend/context.js",
    "start": 1534736827358,
    "end": 1534736827358,
    "duration": 0,
    "pid": 11944,
    "index": 43
  },
  {
    "name": "Require(37) node_modules/.3.1.0@egg-mongoose/app/extend/context.js",
    "start": 1534736827359,
    "end": 1534736827359,
    "duration": 0,
    "pid": 11944,
    "index": 44
  },
  {
    "name": "Require(38) node_modules/.2.9.1@egg/app/extend/context.js",
    "start": 1534736827359,
    "end": 1534736827360,
    "duration": 1,
    "pid": 11944,
    "index": 45
  },
  {
    "name": "Load extend/helper.js",
    "start": 1534736827365,
    "end": 1534736827379,
    "duration": 14,
    "pid": 11944,
    "index": 46
  },
  {
    "name": "Require(39) node_modules/.2.2.3@egg-security/app/extend/helper.js",
    "start": 1534736827365,
    "end": 1534736827376,
    "duration": 11,
    "pid": 11944,
    "index": 47
  },
  {
    "name": "Require(40) node_modules/.2.9.1@egg/app/extend/helper.js",
    "start": 1534736827377,
    "end": 1534736827378,
    "duration": 1,
    "pid": 11944,
    "index": 48
  },
  {
    "name": "Load app.js",
    "start": 1534736827379,
    "end": 1534736828192,
    "duration": 813,
    "pid": 11944,
    "index": 49
  },
  {
    "name": "Require(41) node_modules/.3.1.0@egg-session/app.js",
    "start": 1534736827379,
    "end": 1534736827380,
    "duration": 1,
    "pid": 11944,
    "index": 50
  },
  {
    "name": "Require(42) node_modules/.2.2.3@egg-security/app.js",
    "start": 1534736827380,
    "end": 1534736827381,
    "duration": 1,
    "pid": 11944,
    "index": 51
  },
  {
    "name": "Require(43) node_modules/.2.1.0@egg-onerror/app.js",
    "start": 1534736827382,
    "end": 1534736827388,
    "duration": 6,
    "pid": 11944,
    "index": 52
  },
  {
    "name": "Require(44) node_modules/.2.0.0@egg-i18n/app.js",
    "start": 1534736827389,
    "end": 1534736827396,
    "duration": 7,
    "pid": 11944,
    "index": 53
  },
  {
    "name": "Require(45) node_modules/.3.0.0@egg-watcher/app.js",
    "start": 1534736827398,
    "end": 1534736827401,
    "duration": 3,
    "pid": 11944,
    "index": 54
  },
  {
    "name": "Before Start in node_modules/.3.0.0@egg-watcher/app.js:15:7",
    "start": 1534736827411,
    "end": 1534736828576,
    "duration": 1165,
    "pid": 11944,
    "index": 55
  },
  {
    "name": "Require(46) node_modules/.2.0.0@egg-multipart/app.js",
    "start": 1534736827412,
    "end": 1534736827414,
    "duration": 2,
    "pid": 11944,
    "index": 56
  },
  {
    "name": "Require(47) node_modules/.2.3.1@egg-development/app.js",
    "start": 1534736827414,
    "end": 1534736827416,
    "duration": 2,
    "pid": 11944,
    "index": 57
  },
  {
    "name": "Before Start in node_modules/.2.3.1@egg-development/app.js:12:7",
    "start": 1534736827416,
    "end": 1534736828577,
    "duration": 1161,
    "pid": 11944,
    "index": 58
  },
  {
    "name": "Require(48) node_modules/.3.3.0@egg-schedule/app.js",
    "start": 1534736827416,
    "end": 1534736827417,
    "duration": 1,
    "pid": 11944,
    "index": 59
  },
  {
    "name": "Require(49) node_modules/.3.0.3@egg-logrotator/app.js",
    "start": 1534736827445,
    "end": 1534736827445,
    "duration": 0,
    "pid": 11944,
    "index": 60
  },
  {
    "name": "Require(50) node_modules/.2.1.1@egg-static/app.js",
    "start": 1534736827445,
    "end": 1534736827445,
    "duration": 0,
    "pid": 11944,
    "index": 61
  },
  {
    "name": "Require(51) node_modules/.1.0.0@egg-validate/app.js",
    "start": 1534736827446,
    "end": 1534736827448,
    "duration": 2,
    "pid": 11944,
    "index": 62
  },
  {
    "name": "Require(52) node_modules/.3.1.0@egg-mongoose/app.js",
    "start": 1534736827448,
    "end": 1534736827448,
    "duration": 0,
    "pid": 11944,
    "index": 63
  },
  {
    "name": "Before Start in node_modules/.3.1.0@egg-mongoose/lib/mongoose.js:77:7",
    "start": 1534736828190,
    "end": 1534736829580,
    "duration": 1390,
    "pid": 11944,
    "index": 64
  },
  {
    "name": "Before Start in node_modules/.3.1.0@egg-mongoose/lib/mongoose.js:42:9",
    "start": 1534736828190,
    "end": 1534736828537,
    "duration": 347,
    "pid": 11944,
    "index": 65
  },
  {
    "name": "Require(53) node_modules/.2.1.0@egg-cors/app.js",
    "start": 1534736828190,
    "end": 1534736828190,
    "duration": 0,
    "pid": 11944,
    "index": 66
  },
  {
    "name": "Require(54) node_modules/.2.2.0@egg-view-nunjucks/app.js",
    "start": 1534736828191,
    "end": 1534736828191,
    "duration": 0,
    "pid": 11944,
    "index": 67
  },
  {
    "name": "Load Service",
    "start": 1534736828192,
    "end": 1534736828444,
    "duration": 252,
    "pid": 11944,
    "index": 68
  },
  {
    "name": "Load \"service\" to Context",
    "start": 1534736828192,
    "end": 1534736828444,
    "duration": 252,
    "pid": 11944,
    "index": 69
  },
  {
    "name": "Load Middleware",
    "start": 1534736828445,
    "end": 1534736828502,
    "duration": 57,
    "pid": 11944,
    "index": 70
  },
  {
    "name": "Load \"middlewares\" to Application",
    "start": 1534736828445,
    "end": 1534736828495,
    "duration": 50,
    "pid": 11944,
    "index": 71
  },
  {
    "name": "Load Controller",
    "start": 1534736828502,
    "end": 1534736828507,
    "duration": 5,
    "pid": 11944,
    "index": 72
  },
  {
    "name": "Load \"controller\" to Application",
    "start": 1534736828503,
    "end": 1534736828507,
    "duration": 4,
    "pid": 11944,
    "index": 73
  },
  {
    "name": "Load Router",
    "start": 1534736828507,
    "end": 1534736828509,
    "duration": 2,
    "pid": 11944,
    "index": 74
  },
  {
    "name": "Require(55) app/router.js",
    "start": 1534736828508,
    "end": 1534736828508,
    "duration": 0,
    "pid": 11944,
    "index": 75
  },
  {
    "name": "Before Start in node_modules/.4.9.1@egg-core/lib/egg.js:328:10",
    "start": 1534736828508,
    "end": 1534736828537,
    "duration": 29,
    "pid": 11944,
    "index": 76
  },
  {
    "name": "Load \"model\" to Application",
    "start": 1534736828520,
    "end": 1534736828536,
    "duration": 16,
    "pid": 11944,
    "index": 77
  }
]