[
  {
    "name": "Application Start",
    "start": 1534759531072,
    "end": 1534759533703,
    "duration": 2631,
    "pid": 11084,
    "index": 0
  },
  {
    "name": "Load Plugin",
    "start": 1534759531075,
    "end": 1534759531095,
    "duration": 20,
    "pid": 11084,
    "index": 1
  },
  {
    "name": "Load Config",
    "start": 1534759531096,
    "end": 1534759531116,
    "duration": 20,
    "pid": 11084,
    "index": 2
  },
  {
    "name": "Require(0) config/config.default.js",
    "start": 1534759531096,
    "end": 1534759531097,
    "duration": 1,
    "pid": 11084,
    "index": 3
  },
  {
    "name": "Require(1) node_modules/.3.1.0@egg-session/config/config.default.js",
    "start": 1534759531098,
    "end": 1534759531098,
    "duration": 0,
    "pid": 11084,
    "index": 4
  },
  {
    "name": "Require(2) node_modules/.2.2.3@egg-security/config/config.default.js",
    "start": 1534759531099,
    "end": 1534759531099,
    "duration": 0,
    "pid": 11084,
    "index": 5
  },
  {
    "name": "Require(3) node_modules/.2.0.0@egg-jsonp/config/config.default.js",
    "start": 1534759531100,
    "end": 1534759531100,
    "duration": 0,
    "pid": 11084,
    "index": 6
  },
  {
    "name": "Require(4) node_modules/.2.1.0@egg-onerror/config/config.default.js",
    "start": 1534759531101,
    "end": 1534759531101,
    "duration": 0,
    "pid": 11084,
    "index": 7
  },
  {
    "name": "Require(5) node_modules/.2.0.0@egg-i18n/config/config.default.js",
    "start": 1534759531101,
    "end": 1534759531101,
    "duration": 0,
    "pid": 11084,
    "index": 8
  },
  {
    "name": "Require(6) node_modules/.3.0.0@egg-watcher/config/config.default.js",
    "start": 1534759531102,
    "end": 1534759531102,
    "duration": 0,
    "pid": 11084,
    "index": 9
  },
  {
    "name": "Require(7) node_modules/.2.0.0@egg-multipart/config/config.default.js",
    "start": 1534759531103,
    "end": 1534759531103,
    "duration": 0,
    "pid": 11084,
    "index": 10
  },
  {
    "name": "Require(8) node_modules/.2.3.1@egg-development/config/config.default.js",
    "start": 1534759531103,
    "end": 1534759531104,
    "duration": 1,
    "pid": 11084,
    "index": 11
  },
  {
    "name": "Require(9) node_modules/.3.3.0@egg-schedule/config/config.default.js",
    "start": 1534759531104,
    "end": 1534759531104,
    "duration": 0,
    "pid": 11084,
    "index": 12
  },
  {
    "name": "Require(10) node_modules/.3.0.3@egg-logrotator/config/config.default.js",
    "start": 1534759531105,
    "end": 1534759531105,
    "duration": 0,
    "pid": 11084,
    "index": 13
  },
  {
    "name": "Require(11) node_modules/.2.1.1@egg-static/config/config.default.js",
    "start": 1534759531105,
    "end": 1534759531105,
    "duration": 0,
    "pid": 11084,
    "index": 14
  },
  {
    "name": "Require(12) node_modules/.2.1.0@egg-view/config/config.default.js",
    "start": 1534759531106,
    "end": 1534759531106,
    "duration": 0,
    "pid": 11084,
    "index": 15
  },
  {
    "name": "Require(13) node_modules/.3.1.0@egg-mongoose/config/config.default.js",
    "start": 1534759531107,
    "end": 1534759531107,
    "duration": 0,
    "pid": 11084,
    "index": 16
  },
  {
    "name": "Require(14) node_modules/.2.1.0@egg-cors/config/config.default.js",
    "start": 1534759531107,
    "end": 1534759531107,
    "duration": 0,
    "pid": 11084,
    "index": 17
  },
  {
    "name": "Require(15) node_modules/.2.2.0@egg-view-nunjucks/config/config.default.js",
    "start": 1534759531108,
    "end": 1534759531108,
    "duration": 0,
    "pid": 11084,
    "index": 18
  },
  {
    "name": "Require(16) node_modules/.2.9.1@egg/config/config.default.js",
    "start": 1534759531108,
    "end": 1534759531109,
    "duration": 1,
    "pid": 11084,
    "index": 19
  },
  {
    "name": "Require(17) config/config.default.js",
    "start": 1534759531110,
    "end": 1534759531110,
    "duration": 0,
    "pid": 11084,
    "index": 20
  },
  {
    "name": "Require(18) node_modules/.2.2.3@egg-security/config/config.local.js",
    "start": 1534759531113,
    "end": 1534759531113,
    "duration": 0,
    "pid": 11084,
    "index": 21
  },
  {
    "name": "Require(19) node_modules/.3.0.0@egg-watcher/config/config.local.js",
    "start": 1534759531114,
    "end": 1534759531114,
    "duration": 0,
    "pid": 11084,
    "index": 22
  },
  {
    "name": "Require(20) node_modules/.2.1.0@egg-view/config/config.local.js",
    "start": 1534759531115,
    "end": 1534759531115,
    "duration": 0,
    "pid": 11084,
    "index": 23
  },
  {
    "name": "Require(21) node_modules/.2.2.0@egg-view-nunjucks/config/config.local.js",
    "start": 1534759531115,
    "end": 1534759531116,
    "duration": 1,
    "pid": 11084,
    "index": 24
  },
  {
    "name": "Require(22) node_modules/.2.9.1@egg/config/config.local.js",
    "start": 1534759531116,
    "end": 1534759531116,
    "duration": 0,
    "pid": 11084,
    "index": 25
  },
  {
    "name": "Load extend/application.js",
    "start": 1534759531117,
    "end": 1534759531182,
    "duration": 65,
    "pid": 11084,
    "index": 26
  },
  {
    "name": "Require(23) node_modules/.3.1.0@egg-session/app/extend/application.js",
    "start": 1534759531118,
    "end": 1534759531118,
    "duration": 0,
    "pid": 11084,
    "index": 27
  },
  {
    "name": "Require(24) node_modules/.2.2.3@egg-security/app/extend/application.js",
    "start": 1534759531119,
    "end": 1534759531119,
    "duration": 0,
    "pid": 11084,
    "index": 28
  },
  {
    "name": "Require(25) node_modules/.2.0.0@egg-jsonp/app/extend/application.js",
    "start": 1534759531120,
    "end": 1534759531121,
    "duration": 1,
    "pid": 11084,
    "index": 29
  },
  {
    "name": "Require(26) node_modules/.3.0.3@egg-logrotator/app/extend/application.js",
    "start": 1534759531122,
    "end": 1534759531124,
    "duration": 2,
    "pid": 11084,
    "index": 30
  },
  {
    "name": "Require(27) node_modules/.2.1.0@egg-view/app/extend/application.js",
    "start": 1534759531124,
    "end": 1534759531126,
    "duration": 2,
    "pid": 11084,
    "index": 31
  },
  {
    "name": "Require(28) node_modules/.2.2.0@egg-view-nunjucks/app/extend/application.js",
    "start": 1534759531126,
    "end": 1534759531175,
    "duration": 49,
    "pid": 11084,
    "index": 32
  },
  {
    "name": "Load extend/request.js",
    "start": 1534759531182,
    "end": 1534759531188,
    "duration": 6,
    "pid": 11084,
    "index": 33
  },
  {
    "name": "Require(29) node_modules/.2.9.1@egg/app/extend/request.js",
    "start": 1534759531183,
    "end": 1534759531185,
    "duration": 2,
    "pid": 11084,
    "index": 34
  },
  {
    "name": "Load extend/response.js",
    "start": 1534759531189,
    "end": 1534759531196,
    "duration": 7,
    "pid": 11084,
    "index": 35
  },
  {
    "name": "Require(30) node_modules/.2.9.1@egg/app/extend/response.js",
    "start": 1534759531191,
    "end": 1534759531194,
    "duration": 3,
    "pid": 11084,
    "index": 36
  },
  {
    "name": "Load extend/context.js",
    "start": 1534759531196,
    "end": 1534759531256,
    "duration": 60,
    "pid": 11084,
    "index": 37
  },
  {
    "name": "Require(31) node_modules/.2.2.3@egg-security/app/extend/context.js",
    "start": 1534759531197,
    "end": 1534759531208,
    "duration": 11,
    "pid": 11084,
    "index": 38
  },
  {
    "name": "Require(32) node_modules/.2.0.0@egg-jsonp/app/extend/context.js",
    "start": 1534759531208,
    "end": 1534759531209,
    "duration": 1,
    "pid": 11084,
    "index": 39
  },
  {
    "name": "Require(33) node_modules/.2.0.0@egg-i18n/app/extend/context.js",
    "start": 1534759531209,
    "end": 1534759531210,
    "duration": 1,
    "pid": 11084,
    "index": 40
  },
  {
    "name": "Require(34) node_modules/.2.0.0@egg-multipart/app/extend/context.js",
    "start": 1534759531211,
    "end": 1534759531251,
    "duration": 40,
    "pid": 11084,
    "index": 41
  },
  {
    "name": "Require(35) node_modules/.2.1.0@egg-view/app/extend/context.js",
    "start": 1534759531252,
    "end": 1534759531252,
    "duration": 0,
    "pid": 11084,
    "index": 42
  },
  {
    "name": "Require(36) node_modules/.1.0.0@egg-validate/app/extend/context.js",
    "start": 1534759531253,
    "end": 1534759531253,
    "duration": 0,
    "pid": 11084,
    "index": 43
  },
  {
    "name": "Require(37) node_modules/.3.1.0@egg-mongoose/app/extend/context.js",
    "start": 1534759531253,
    "end": 1534759531253,
    "duration": 0,
    "pid": 11084,
    "index": 44
  },
  {
    "name": "Require(38) node_modules/.2.9.1@egg/app/extend/context.js",
    "start": 1534759531254,
    "end": 1534759531255,
    "duration": 1,
    "pid": 11084,
    "index": 45
  },
  {
    "name": "Load extend/helper.js",
    "start": 1534759531256,
    "end": 1534759531272,
    "duration": 16,
    "pid": 11084,
    "index": 46
  },
  {
    "name": "Require(39) node_modules/.2.2.3@egg-security/app/extend/helper.js",
    "start": 1534759531257,
    "end": 1534759531269,
    "duration": 12,
    "pid": 11084,
    "index": 47
  },
  {
    "name": "Require(40) node_modules/.2.9.1@egg/app/extend/helper.js",
    "start": 1534759531270,
    "end": 1534759531271,
    "duration": 1,
    "pid": 11084,
    "index": 48
  },
  {
    "name": "Load app.js",
    "start": 1534759531272,
    "end": 1534759532314,
    "duration": 1042,
    "pid": 11084,
    "index": 49
  },
  {
    "name": "Require(41) node_modules/.3.1.0@egg-session/app.js",
    "start": 1534759531273,
    "end": 1534759531273,
    "duration": 0,
    "pid": 11084,
    "index": 50
  },
  {
    "name": "Require(42) node_modules/.2.2.3@egg-security/app.js",
    "start": 1534759531273,
    "end": 1534759531276,
    "duration": 3,
    "pid": 11084,
    "index": 51
  },
  {
    "name": "Require(43) node_modules/.2.1.0@egg-onerror/app.js",
    "start": 1534759531277,
    "end": 1534759531285,
    "duration": 8,
    "pid": 11084,
    "index": 52
  },
  {
    "name": "Require(44) node_modules/.2.0.0@egg-i18n/app.js",
    "start": 1534759531286,
    "end": 1534759531293,
    "duration": 7,
    "pid": 11084,
    "index": 53
  },
  {
    "name": "Require(45) node_modules/.3.0.0@egg-watcher/app.js",
    "start": 1534759531295,
    "end": 1534759531298,
    "duration": 3,
    "pid": 11084,
    "index": 54
  },
  {
    "name": "Before Start in node_modules/.3.0.0@egg-watcher/app.js:15:7",
    "start": 1534759531314,
    "end": 1534759532696,
    "duration": 1382,
    "pid": 11084,
    "index": 55
  },
  {
    "name": "Require(46) node_modules/.2.0.0@egg-multipart/app.js",
    "start": 1534759531317,
    "end": 1534759531339,
    "duration": 22,
    "pid": 11084,
    "index": 56
  },
  {
    "name": "Require(47) node_modules/.2.3.1@egg-development/app.js",
    "start": 1534759531340,
    "end": 1534759531341,
    "duration": 1,
    "pid": 11084,
    "index": 57
  },
  {
    "name": "Before Start in node_modules/.2.3.1@egg-development/app.js:12:7",
    "start": 1534759531341,
    "end": 1534759532697,
    "duration": 1356,
    "pid": 11084,
    "index": 58
  },
  {
    "name": "Require(48) node_modules/.3.3.0@egg-schedule/app.js",
    "start": 1534759531342,
    "end": 1534759531343,
    "duration": 1,
    "pid": 11084,
    "index": 59
  },
  {
    "name": "Require(49) node_modules/.3.0.3@egg-logrotator/app.js",
    "start": 1534759531374,
    "end": 1534759531374,
    "duration": 0,
    "pid": 11084,
    "index": 60
  },
  {
    "name": "Require(50) node_modules/.2.1.1@egg-static/app.js",
    "start": 1534759531375,
    "end": 1534759531375,
    "duration": 0,
    "pid": 11084,
    "index": 61
  },
  {
    "name": "Require(51) node_modules/.1.0.0@egg-validate/app.js",
    "start": 1534759531375,
    "end": 1534759531378,
    "duration": 3,
    "pid": 11084,
    "index": 62
  },
  {
    "name": "Require(52) node_modules/.3.1.0@egg-mongoose/app.js",
    "start": 1534759531378,
    "end": 1534759531378,
    "duration": 0,
    "pid": 11084,
    "index": 63
  },
  {
    "name": "Before Start in node_modules/.3.1.0@egg-mongoose/lib/mongoose.js:77:7",
    "start": 1534759532311,
    "end": 1534759533703,
    "duration": 1392,
    "pid": 11084,
    "index": 64
  },
  {
    "name": "Before Start in node_modules/.3.1.0@egg-mongoose/lib/mongoose.js:42:9",
    "start": 1534759532312,
    "end": 1534759532653,
    "duration": 341,
    "pid": 11084,
    "index": 65
  },
  {
    "name": "Require(53) node_modules/.2.1.0@egg-cors/app.js",
    "start": 1534759532312,
    "end": 1534759532312,
    "duration": 0,
    "pid": 11084,
    "index": 66
  },
  {
    "name": "Require(54) node_modules/.2.2.0@egg-view-nunjucks/app.js",
    "start": 1534759532312,
    "end": 1534759532313,
    "duration": 1,
    "pid": 11084,
    "index": 67
  },
  {
    "name": "Load Service",
    "start": 1534759532314,
    "end": 1534759532558,
    "duration": 244,
    "pid": 11084,
    "index": 68
  },
  {
    "name": "Load \"service\" to Context",
    "start": 1534759532314,
    "end": 1534759532558,
    "duration": 244,
    "pid": 11084,
    "index": 69
  },
  {
    "name": "Load Middleware",
    "start": 1534759532559,
    "end": 1534759532620,
    "duration": 61,
    "pid": 11084,
    "index": 70
  },
  {
    "name": "Load \"middlewares\" to Application",
    "start": 1534759532559,
    "end": 1534759532612,
    "duration": 53,
    "pid": 11084,
    "index": 71
  },
  {
    "name": "Load Controller",
    "start": 1534759532620,
    "end": 1534759532624,
    "duration": 4,
    "pid": 11084,
    "index": 72
  },
  {
    "name": "Load \"controller\" to Application",
    "start": 1534759532620,
    "end": 1534759532624,
    "duration": 4,
    "pid": 11084,
    "index": 73
  },
  {
    "name": "Load Router",
    "start": 1534759532624,
    "end": 1534759532626,
    "duration": 2,
    "pid": 11084,
    "index": 74
  },
  {
    "name": "Require(55) app/router.js",
    "start": 1534759532625,
    "end": 1534759532625,
    "duration": 0,
    "pid": 11084,
    "index": 75
  },
  {
    "name": "Before Start in node_modules/.4.9.1@egg-core/lib/egg.js:328:10",
    "start": 1534759532625,
    "end": 1534759532653,
    "duration": 28,
    "pid": 11084,
    "index": 76
  },
  {
    "name": "Load \"model\" to Application",
    "start": 1534759532636,
    "end": 1534759532653,
    "duration": 17,
    "pid": 11084,
    "index": 77
  }
]