[
  {
    "name": "Application Start",
    "start": 1534759527705,
    "end": 1534759530095,
    "duration": 2390,
    "pid": 14728,
    "index": 0
  },
  {
    "name": "Load Plugin",
    "start": 1534759527710,
    "end": 1534759527727,
    "duration": 17,
    "pid": 14728,
    "index": 1
  },
  {
    "name": "Load Config",
    "start": 1534759527727,
    "end": 1534759527745,
    "duration": 18,
    "pid": 14728,
    "index": 2
  },
  {
    "name": "Require(0) config/config.default.js",
    "start": 1534759527727,
    "end": 1534759527728,
    "duration": 1,
    "pid": 14728,
    "index": 3
  },
  {
    "name": "Require(1) node_modules/.3.1.0@egg-session/config/config.default.js",
    "start": 1534759527729,
    "end": 1534759527729,
    "duration": 0,
    "pid": 14728,
    "index": 4
  },
  {
    "name": "Require(2) node_modules/.2.2.3@egg-security/config/config.default.js",
    "start": 1534759527730,
    "end": 1534759527730,
    "duration": 0,
    "pid": 14728,
    "index": 5
  },
  {
    "name": "Require(3) node_modules/.2.0.0@egg-jsonp/config/config.default.js",
    "start": 1534759527730,
    "end": 1534759527731,
    "duration": 1,
    "pid": 14728,
    "index": 6
  },
  {
    "name": "Require(4) node_modules/.2.1.0@egg-onerror/config/config.default.js",
    "start": 1534759527731,
    "end": 1534759527731,
    "duration": 0,
    "pid": 14728,
    "index": 7
  },
  {
    "name": "Require(5) node_modules/.2.0.0@egg-i18n/config/config.default.js",
    "start": 1534759527731,
    "end": 1534759527732,
    "duration": 1,
    "pid": 14728,
    "index": 8
  },
  {
    "name": "Require(6) node_modules/.3.0.0@egg-watcher/config/config.default.js",
    "start": 1534759527732,
    "end": 1534759527732,
    "duration": 0,
    "pid": 14728,
    "index": 9
  },
  {
    "name": "Require(7) node_modules/.2.0.0@egg-multipart/config/config.default.js",
    "start": 1534759527733,
    "end": 1534759527733,
    "duration": 0,
    "pid": 14728,
    "index": 10
  },
  {
    "name": "Require(8) node_modules/.2.3.1@egg-development/config/config.default.js",
    "start": 1534759527733,
    "end": 1534759527733,
    "duration": 0,
    "pid": 14728,
    "index": 11
  },
  {
    "name": "Require(9) node_modules/.3.3.0@egg-schedule/config/config.default.js",
    "start": 1534759527734,
    "end": 1534759527734,
    "duration": 0,
    "pid": 14728,
    "index": 12
  },
  {
    "name": "Require(10) node_modules/.3.0.3@egg-logrotator/config/config.default.js",
    "start": 1534759527734,
    "end": 1534759527735,
    "duration": 1,
    "pid": 14728,
    "index": 13
  },
  {
    "name": "Require(11) node_modules/.2.1.1@egg-static/config/config.default.js",
    "start": 1534759527735,
    "end": 1534759527736,
    "duration": 1,
    "pid": 14728,
    "index": 14
  },
  {
    "name": "Require(12) node_modules/.2.1.0@egg-view/config/config.default.js",
    "start": 1534759527736,
    "end": 1534759527736,
    "duration": 0,
    "pid": 14728,
    "index": 15
  },
  {
    "name": "Require(13) node_modules/.3.1.0@egg-mongoose/config/config.default.js",
    "start": 1534759527737,
    "end": 1534759527737,
    "duration": 0,
    "pid": 14728,
    "index": 16
  },
  {
    "name": "Require(14) node_modules/.2.1.0@egg-cors/config/config.default.js",
    "start": 1534759527737,
    "end": 1534759527738,
    "duration": 1,
    "pid": 14728,
    "index": 17
  },
  {
    "name": "Require(15) node_modules/.2.2.0@egg-view-nunjucks/config/config.default.js",
    "start": 1534759527738,
    "end": 1534759527738,
    "duration": 0,
    "pid": 14728,
    "index": 18
  },
  {
    "name": "Require(16) node_modules/.2.9.1@egg/config/config.default.js",
    "start": 1534759527740,
    "end": 1534759527740,
    "duration": 0,
    "pid": 14728,
    "index": 19
  },
  {
    "name": "Require(17) config/config.default.js",
    "start": 1534759527742,
    "end": 1534759527742,
    "duration": 0,
    "pid": 14728,
    "index": 20
  },
  {
    "name": "Require(18) node_modules/.2.2.3@egg-security/config/config.local.js",
    "start": 1534759527742,
    "end": 1534759527742,
    "duration": 0,
    "pid": 14728,
    "index": 21
  },
  {
    "name": "Require(19) node_modules/.3.0.0@egg-watcher/config/config.local.js",
    "start": 1534759527743,
    "end": 1534759527743,
    "duration": 0,
    "pid": 14728,
    "index": 22
  },
  {
    "name": "Require(20) node_modules/.2.1.0@egg-view/config/config.local.js",
    "start": 1534759527744,
    "end": 1534759527744,
    "duration": 0,
    "pid": 14728,
    "index": 23
  },
  {
    "name": "Require(21) node_modules/.2.2.0@egg-view-nunjucks/config/config.local.js",
    "start": 1534759527745,
    "end": 1534759527745,
    "duration": 0,
    "pid": 14728,
    "index": 24
  },
  {
    "name": "Require(22) node_modules/.2.9.1@egg/config/config.local.js",
    "start": 1534759527745,
    "end": 1534759527745,
    "duration": 0,
    "pid": 14728,
    "index": 25
  },
  {
    "name": "Load extend/application.js",
    "start": 1534759527746,
    "end": 1534759527808,
    "duration": 62,
    "pid": 14728,
    "index": 26
  },
  {
    "name": "Require(23) node_modules/.3.1.0@egg-session/app/extend/application.js",
    "start": 1534759527747,
    "end": 1534759527747,
    "duration": 0,
    "pid": 14728,
    "index": 27
  },
  {
    "name": "Require(24) node_modules/.2.2.3@egg-security/app/extend/application.js",
    "start": 1534759527747,
    "end": 1534759527748,
    "duration": 1,
    "pid": 14728,
    "index": 28
  },
  {
    "name": "Require(25) node_modules/.2.0.0@egg-jsonp/app/extend/application.js",
    "start": 1534759527748,
    "end": 1534759527749,
    "duration": 1,
    "pid": 14728,
    "index": 29
  },
  {
    "name": "Require(26) node_modules/.3.0.3@egg-logrotator/app/extend/application.js",
    "start": 1534759527750,
    "end": 1534759527752,
    "duration": 2,
    "pid": 14728,
    "index": 30
  },
  {
    "name": "Require(27) node_modules/.2.1.0@egg-view/app/extend/application.js",
    "start": 1534759527752,
    "end": 1534759527753,
    "duration": 1,
    "pid": 14728,
    "index": 31
  },
  {
    "name": "Require(28) node_modules/.2.2.0@egg-view-nunjucks/app/extend/application.js",
    "start": 1534759527754,
    "end": 1534759527805,
    "duration": 51,
    "pid": 14728,
    "index": 32
  },
  {
    "name": "Load extend/request.js",
    "start": 1534759527808,
    "end": 1534759527814,
    "duration": 6,
    "pid": 14728,
    "index": 33
  },
  {
    "name": "Require(29) node_modules/.2.9.1@egg/app/extend/request.js",
    "start": 1534759527810,
    "end": 1534759527812,
    "duration": 2,
    "pid": 14728,
    "index": 34
  },
  {
    "name": "Load extend/response.js",
    "start": 1534759527814,
    "end": 1534759527819,
    "duration": 5,
    "pid": 14728,
    "index": 35
  },
  {
    "name": "Require(30) node_modules/.2.9.1@egg/app/extend/response.js",
    "start": 1534759527815,
    "end": 1534759527817,
    "duration": 2,
    "pid": 14728,
    "index": 36
  },
  {
    "name": "Load extend/context.js",
    "start": 1534759527819,
    "end": 1534759527877,
    "duration": 58,
    "pid": 14728,
    "index": 37
  },
  {
    "name": "Require(31) node_modules/.2.2.3@egg-security/app/extend/context.js",
    "start": 1534759527820,
    "end": 1534759527831,
    "duration": 11,
    "pid": 14728,
    "index": 38
  },
  {
    "name": "Require(32) node_modules/.2.0.0@egg-jsonp/app/extend/context.js",
    "start": 1534759527831,
    "end": 1534759527833,
    "duration": 2,
    "pid": 14728,
    "index": 39
  },
  {
    "name": "Require(33) node_modules/.2.0.0@egg-i18n/app/extend/context.js",
    "start": 1534759527833,
    "end": 1534759527834,
    "duration": 1,
    "pid": 14728,
    "index": 40
  },
  {
    "name": "Require(34) node_modules/.2.0.0@egg-multipart/app/extend/context.js",
    "start": 1534759527834,
    "end": 1534759527868,
    "duration": 34,
    "pid": 14728,
    "index": 41
  },
  {
    "name": "Require(35) node_modules/.2.1.0@egg-view/app/extend/context.js",
    "start": 1534759527869,
    "end": 1534759527870,
    "duration": 1,
    "pid": 14728,
    "index": 42
  },
  {
    "name": "Require(36) node_modules/.1.0.0@egg-validate/app/extend/context.js",
    "start": 1534759527870,
    "end": 1534759527870,
    "duration": 0,
    "pid": 14728,
    "index": 43
  },
  {
    "name": "Require(37) node_modules/.3.1.0@egg-mongoose/app/extend/context.js",
    "start": 1534759527870,
    "end": 1534759527871,
    "duration": 1,
    "pid": 14728,
    "index": 44
  },
  {
    "name": "Require(38) node_modules/.2.9.1@egg/app/extend/context.js",
    "start": 1534759527874,
    "end": 1534759527875,
    "duration": 1,
    "pid": 14728,
    "index": 45
  },
  {
    "name": "Load extend/helper.js",
    "start": 1534759527877,
    "end": 1534759527891,
    "duration": 14,
    "pid": 14728,
    "index": 46
  },
  {
    "name": "Require(39) node_modules/.2.2.3@egg-security/app/extend/helper.js",
    "start": 1534759527877,
    "end": 1534759527888,
    "duration": 11,
    "pid": 14728,
    "index": 47
  },
  {
    "name": "Require(40) node_modules/.2.9.1@egg/app/extend/helper.js",
    "start": 1534759527889,
    "end": 1534759527889,
    "duration": 0,
    "pid": 14728,
    "index": 48
  },
  {
    "name": "Load app.js",
    "start": 1534759527891,
    "end": 1534759528706,
    "duration": 815,
    "pid": 14728,
    "index": 49
  },
  {
    "name": "Require(41) node_modules/.3.1.0@egg-session/app.js",
    "start": 1534759527891,
    "end": 1534759527891,
    "duration": 0,
    "pid": 14728,
    "index": 50
  },
  {
    "name": "Require(42) node_modules/.2.2.3@egg-security/app.js",
    "start": 1534759527892,
    "end": 1534759527893,
    "duration": 1,
    "pid": 14728,
    "index": 51
  },
  {
    "name": "Require(43) node_modules/.2.1.0@egg-onerror/app.js",
    "start": 1534759527894,
    "end": 1534759527900,
    "duration": 6,
    "pid": 14728,
    "index": 52
  },
  {
    "name": "Require(44) node_modules/.2.0.0@egg-i18n/app.js",
    "start": 1534759527901,
    "end": 1534759527908,
    "duration": 7,
    "pid": 14728,
    "index": 53
  },
  {
    "name": "Require(45) node_modules/.3.0.0@egg-watcher/app.js",
    "start": 1534759527910,
    "end": 1534759527913,
    "duration": 3,
    "pid": 14728,
    "index": 54
  },
  {
    "name": "Before Start in node_modules/.3.0.0@egg-watcher/app.js:15:7",
    "start": 1534759527921,
    "end": 1534759529090,
    "duration": 1169,
    "pid": 14728,
    "index": 55
  },
  {
    "name": "Require(46) node_modules/.2.0.0@egg-multipart/app.js",
    "start": 1534759527922,
    "end": 1534759527925,
    "duration": 3,
    "pid": 14728,
    "index": 56
  },
  {
    "name": "Require(47) node_modules/.2.3.1@egg-development/app.js",
    "start": 1534759527925,
    "end": 1534759527926,
    "duration": 1,
    "pid": 14728,
    "index": 57
  },
  {
    "name": "Before Start in node_modules/.2.3.1@egg-development/app.js:12:7",
    "start": 1534759527927,
    "end": 1534759529091,
    "duration": 1164,
    "pid": 14728,
    "index": 58
  },
  {
    "name": "Require(48) node_modules/.3.3.0@egg-schedule/app.js",
    "start": 1534759527927,
    "end": 1534759527928,
    "duration": 1,
    "pid": 14728,
    "index": 59
  },
  {
    "name": "Require(49) node_modules/.3.0.3@egg-logrotator/app.js",
    "start": 1534759527958,
    "end": 1534759527959,
    "duration": 1,
    "pid": 14728,
    "index": 60
  },
  {
    "name": "Require(50) node_modules/.2.1.1@egg-static/app.js",
    "start": 1534759527959,
    "end": 1534759527959,
    "duration": 0,
    "pid": 14728,
    "index": 61
  },
  {
    "name": "Require(51) node_modules/.1.0.0@egg-validate/app.js",
    "start": 1534759527959,
    "end": 1534759527961,
    "duration": 2,
    "pid": 14728,
    "index": 62
  },
  {
    "name": "Require(52) node_modules/.3.1.0@egg-mongoose/app.js",
    "start": 1534759527961,
    "end": 1534759527961,
    "duration": 0,
    "pid": 14728,
    "index": 63
  },
  {
    "name": "Before Start in node_modules/.3.1.0@egg-mongoose/lib/mongoose.js:77:7",
    "start": 1534759528704,
    "end": 1534759530095,
    "duration": 1391,
    "pid": 14728,
    "index": 64
  },
  {
    "name": "Before Start in node_modules/.3.1.0@egg-mongoose/lib/mongoose.js:42:9",
    "start": 1534759528704,
    "end": 1534759529047,
    "duration": 343,
    "pid": 14728,
    "index": 65
  },
  {
    "name": "Require(53) node_modules/.2.1.0@egg-cors/app.js",
    "start": 1534759528704,
    "end": 1534759528704,
    "duration": 0,
    "pid": 14728,
    "index": 66
  },
  {
    "name": "Require(54) node_modules/.2.2.0@egg-view-nunjucks/app.js",
    "start": 1534759528705,
    "end": 1534759528705,
    "duration": 0,
    "pid": 14728,
    "index": 67
  },
  {
    "name": "Load Service",
    "start": 1534759528706,
    "end": 1534759528952,
    "duration": 246,
    "pid": 14728,
    "index": 68
  },
  {
    "name": "Load \"service\" to Context",
    "start": 1534759528706,
    "end": 1534759528952,
    "duration": 246,
    "pid": 14728,
    "index": 69
  },
  {
    "name": "Load Middleware",
    "start": 1534759528952,
    "end": 1534759529008,
    "duration": 56,
    "pid": 14728,
    "index": 70
  },
  {
    "name": "Load \"middlewares\" to Application",
    "start": 1534759528952,
    "end": 1534759529002,
    "duration": 50,
    "pid": 14728,
    "index": 71
  },
  {
    "name": "Load Controller",
    "start": 1534759529008,
    "end": 1534759529014,
    "duration": 6,
    "pid": 14728,
    "index": 72
  },
  {
    "name": "Load \"controller\" to Application",
    "start": 1534759529008,
    "end": 1534759529014,
    "duration": 6,
    "pid": 14728,
    "index": 73
  },
  {
    "name": "Load Router",
    "start": 1534759529014,
    "end": 1534759529017,
    "duration": 3,
    "pid": 14728,
    "index": 74
  },
  {
    "name": "Require(55) app/router.js",
    "start": 1534759529014,
    "end": 1534759529015,
    "duration": 1,
    "pid": 14728,
    "index": 75
  },
  {
    "name": "Before Start in node_modules/.4.9.1@egg-core/lib/egg.js:328:10",
    "start": 1534759529015,
    "end": 1534759529047,
    "duration": 32,
    "pid": 14728,
    "index": 76
  },
  {
    "name": "Load \"model\" to Application",
    "start": 1534759529029,
    "end": 1534759529046,
    "duration": 17,
    "pid": 14728,
    "index": 77
  }
]