[
  {
    "name": "Application Start",
    "start": 1534758463342,
    "end": 1534758465703,
    "duration": 2361,
    "pid": 13396,
    "index": 0
  },
  {
    "name": "Load Plugin",
    "start": 1534758463345,
    "end": 1534758463362,
    "duration": 17,
    "pid": 13396,
    "index": 1
  },
  {
    "name": "Load Config",
    "start": 1534758463362,
    "end": 1534758463381,
    "duration": 19,
    "pid": 13396,
    "index": 2
  },
  {
    "name": "Require(0) config/config.default.js",
    "start": 1534758463363,
    "end": 1534758463363,
    "duration": 0,
    "pid": 13396,
    "index": 3
  },
  {
    "name": "Require(1) node_modules/.3.1.0@egg-session/config/config.default.js",
    "start": 1534758463364,
    "end": 1534758463365,
    "duration": 1,
    "pid": 13396,
    "index": 4
  },
  {
    "name": "Require(2) node_modules/.2.2.3@egg-security/config/config.default.js",
    "start": 1534758463365,
    "end": 1534758463365,
    "duration": 0,
    "pid": 13396,
    "index": 5
  },
  {
    "name": "Require(3) node_modules/.2.0.0@egg-jsonp/config/config.default.js",
    "start": 1534758463366,
    "end": 1534758463367,
    "duration": 1,
    "pid": 13396,
    "index": 6
  },
  {
    "name": "Require(4) node_modules/.2.1.0@egg-onerror/config/config.default.js",
    "start": 1534758463367,
    "end": 1534758463367,
    "duration": 0,
    "pid": 13396,
    "index": 7
  },
  {
    "name": "Require(5) node_modules/.2.0.0@egg-i18n/config/config.default.js",
    "start": 1534758463368,
    "end": 1534758463368,
    "duration": 0,
    "pid": 13396,
    "index": 8
  },
  {
    "name": "Require(6) node_modules/.3.0.0@egg-watcher/config/config.default.js",
    "start": 1534758463368,
    "end": 1534758463368,
    "duration": 0,
    "pid": 13396,
    "index": 9
  },
  {
    "name": "Require(7) node_modules/.2.0.0@egg-multipart/config/config.default.js",
    "start": 1534758463369,
    "end": 1534758463369,
    "duration": 0,
    "pid": 13396,
    "index": 10
  },
  {
    "name": "Require(8) node_modules/.2.3.1@egg-development/config/config.default.js",
    "start": 1534758463369,
    "end": 1534758463370,
    "duration": 1,
    "pid": 13396,
    "index": 11
  },
  {
    "name": "Require(9) node_modules/.3.3.0@egg-schedule/config/config.default.js",
    "start": 1534758463370,
    "end": 1534758463370,
    "duration": 0,
    "pid": 13396,
    "index": 12
  },
  {
    "name": "Require(10) node_modules/.3.0.3@egg-logrotator/config/config.default.js",
    "start": 1534758463370,
    "end": 1534758463371,
    "duration": 1,
    "pid": 13396,
    "index": 13
  },
  {
    "name": "Require(11) node_modules/.2.1.1@egg-static/config/config.default.js",
    "start": 1534758463371,
    "end": 1534758463371,
    "duration": 0,
    "pid": 13396,
    "index": 14
  },
  {
    "name": "Require(12) node_modules/.2.1.0@egg-view/config/config.default.js",
    "start": 1534758463372,
    "end": 1534758463372,
    "duration": 0,
    "pid": 13396,
    "index": 15
  },
  {
    "name": "Require(13) node_modules/.3.1.0@egg-mongoose/config/config.default.js",
    "start": 1534758463372,
    "end": 1534758463372,
    "duration": 0,
    "pid": 13396,
    "index": 16
  },
  {
    "name": "Require(14) node_modules/.2.1.0@egg-cors/config/config.default.js",
    "start": 1534758463373,
    "end": 1534758463373,
    "duration": 0,
    "pid": 13396,
    "index": 17
  },
  {
    "name": "Require(15) node_modules/.2.2.0@egg-view-nunjucks/config/config.default.js",
    "start": 1534758463373,
    "end": 1534758463374,
    "duration": 1,
    "pid": 13396,
    "index": 18
  },
  {
    "name": "Require(16) node_modules/.2.9.1@egg/config/config.default.js",
    "start": 1534758463376,
    "end": 1534758463376,
    "duration": 0,
    "pid": 13396,
    "index": 19
  },
  {
    "name": "Require(17) config/config.default.js",
    "start": 1534758463377,
    "end": 1534758463377,
    "duration": 0,
    "pid": 13396,
    "index": 20
  },
  {
    "name": "Require(18) node_modules/.2.2.3@egg-security/config/config.local.js",
    "start": 1534758463378,
    "end": 1534758463378,
    "duration": 0,
    "pid": 13396,
    "index": 21
  },
  {
    "name": "Require(19) node_modules/.3.0.0@egg-watcher/config/config.local.js",
    "start": 1534758463379,
    "end": 1534758463379,
    "duration": 0,
    "pid": 13396,
    "index": 22
  },
  {
    "name": "Require(20) node_modules/.2.1.0@egg-view/config/config.local.js",
    "start": 1534758463379,
    "end": 1534758463380,
    "duration": 1,
    "pid": 13396,
    "index": 23
  },
  {
    "name": "Require(21) node_modules/.2.2.0@egg-view-nunjucks/config/config.local.js",
    "start": 1534758463380,
    "end": 1534758463380,
    "duration": 0,
    "pid": 13396,
    "index": 24
  },
  {
    "name": "Require(22) node_modules/.2.9.1@egg/config/config.local.js",
    "start": 1534758463381,
    "end": 1534758463381,
    "duration": 0,
    "pid": 13396,
    "index": 25
  },
  {
    "name": "Load extend/application.js",
    "start": 1534758463382,
    "end": 1534758463440,
    "duration": 58,
    "pid": 13396,
    "index": 26
  },
  {
    "name": "Require(23) node_modules/.3.1.0@egg-session/app/extend/application.js",
    "start": 1534758463383,
    "end": 1534758463383,
    "duration": 0,
    "pid": 13396,
    "index": 27
  },
  {
    "name": "Require(24) node_modules/.2.2.3@egg-security/app/extend/application.js",
    "start": 1534758463383,
    "end": 1534758463384,
    "duration": 1,
    "pid": 13396,
    "index": 28
  },
  {
    "name": "Require(25) node_modules/.2.0.0@egg-jsonp/app/extend/application.js",
    "start": 1534758463384,
    "end": 1534758463386,
    "duration": 2,
    "pid": 13396,
    "index": 29
  },
  {
    "name": "Require(26) node_modules/.3.0.3@egg-logrotator/app/extend/application.js",
    "start": 1534758463387,
    "end": 1534758463390,
    "duration": 3,
    "pid": 13396,
    "index": 30
  },
  {
    "name": "Require(27) node_modules/.2.1.0@egg-view/app/extend/application.js",
    "start": 1534758463391,
    "end": 1534758463393,
    "duration": 2,
    "pid": 13396,
    "index": 31
  },
  {
    "name": "Require(28) node_modules/.2.2.0@egg-view-nunjucks/app/extend/application.js",
    "start": 1534758463393,
    "end": 1534758463438,
    "duration": 45,
    "pid": 13396,
    "index": 32
  },
  {
    "name": "Load extend/request.js",
    "start": 1534758463440,
    "end": 1534758463445,
    "duration": 5,
    "pid": 13396,
    "index": 33
  },
  {
    "name": "Require(29) node_modules/.2.9.1@egg/app/extend/request.js",
    "start": 1534758463442,
    "end": 1534758463443,
    "duration": 1,
    "pid": 13396,
    "index": 34
  },
  {
    "name": "Load extend/response.js",
    "start": 1534758463445,
    "end": 1534758463450,
    "duration": 5,
    "pid": 13396,
    "index": 35
  },
  {
    "name": "Require(30) node_modules/.2.9.1@egg/app/extend/response.js",
    "start": 1534758463447,
    "end": 1534758463449,
    "duration": 2,
    "pid": 13396,
    "index": 36
  },
  {
    "name": "Load extend/context.js",
    "start": 1534758463450,
    "end": 1534758463506,
    "duration": 56,
    "pid": 13396,
    "index": 37
  },
  {
    "name": "Require(31) node_modules/.2.2.3@egg-security/app/extend/context.js",
    "start": 1534758463451,
    "end": 1534758463459,
    "duration": 8,
    "pid": 13396,
    "index": 38
  },
  {
    "name": "Require(32) node_modules/.2.0.0@egg-jsonp/app/extend/context.js",
    "start": 1534758463459,
    "end": 1534758463460,
    "duration": 1,
    "pid": 13396,
    "index": 39
  },
  {
    "name": "Require(33) node_modules/.2.0.0@egg-i18n/app/extend/context.js",
    "start": 1534758463461,
    "end": 1534758463461,
    "duration": 0,
    "pid": 13396,
    "index": 40
  },
  {
    "name": "Require(34) node_modules/.2.0.0@egg-multipart/app/extend/context.js",
    "start": 1534758463461,
    "end": 1534758463496,
    "duration": 35,
    "pid": 13396,
    "index": 41
  },
  {
    "name": "Require(35) node_modules/.2.1.0@egg-view/app/extend/context.js",
    "start": 1534758463497,
    "end": 1534758463498,
    "duration": 1,
    "pid": 13396,
    "index": 42
  },
  {
    "name": "Require(36) node_modules/.1.0.0@egg-validate/app/extend/context.js",
    "start": 1534758463498,
    "end": 1534758463499,
    "duration": 1,
    "pid": 13396,
    "index": 43
  },
  {
    "name": "Require(37) node_modules/.3.1.0@egg-mongoose/app/extend/context.js",
    "start": 1534758463499,
    "end": 1534758463499,
    "duration": 0,
    "pid": 13396,
    "index": 44
  },
  {
    "name": "Require(38) node_modules/.2.9.1@egg/app/extend/context.js",
    "start": 1534758463499,
    "end": 1534758463504,
    "duration": 5,
    "pid": 13396,
    "index": 45
  },
  {
    "name": "Load extend/helper.js",
    "start": 1534758463506,
    "end": 1534758463519,
    "duration": 13,
    "pid": 13396,
    "index": 46
  },
  {
    "name": "Require(39) node_modules/.2.2.3@egg-security/app/extend/helper.js",
    "start": 1534758463506,
    "end": 1534758463516,
    "duration": 10,
    "pid": 13396,
    "index": 47
  },
  {
    "name": "Require(40) node_modules/.2.9.1@egg/app/extend/helper.js",
    "start": 1534758463518,
    "end": 1534758463518,
    "duration": 0,
    "pid": 13396,
    "index": 48
  },
  {
    "name": "Load app.js",
    "start": 1534758463519,
    "end": 1534758464314,
    "duration": 795,
    "pid": 13396,
    "index": 49
  },
  {
    "name": "Require(41) node_modules/.3.1.0@egg-session/app.js",
    "start": 1534758463520,
    "end": 1534758463520,
    "duration": 0,
    "pid": 13396,
    "index": 50
  },
  {
    "name": "Require(42) node_modules/.2.2.3@egg-security/app.js",
    "start": 1534758463520,
    "end": 1534758463521,
    "duration": 1,
    "pid": 13396,
    "index": 51
  },
  {
    "name": "Require(43) node_modules/.2.1.0@egg-onerror/app.js",
    "start": 1534758463522,
    "end": 1534758463528,
    "duration": 6,
    "pid": 13396,
    "index": 52
  },
  {
    "name": "Require(44) node_modules/.2.0.0@egg-i18n/app.js",
    "start": 1534758463529,
    "end": 1534758463534,
    "duration": 5,
    "pid": 13396,
    "index": 53
  },
  {
    "name": "Require(45) node_modules/.3.0.0@egg-watcher/app.js",
    "start": 1534758463536,
    "end": 1534758463539,
    "duration": 3,
    "pid": 13396,
    "index": 54
  },
  {
    "name": "Before Start in node_modules/.3.0.0@egg-watcher/app.js:15:7",
    "start": 1534758463545,
    "end": 1534758464701,
    "duration": 1156,
    "pid": 13396,
    "index": 55
  },
  {
    "name": "Require(46) node_modules/.2.0.0@egg-multipart/app.js",
    "start": 1534758463546,
    "end": 1534758463548,
    "duration": 2,
    "pid": 13396,
    "index": 56
  },
  {
    "name": "Require(47) node_modules/.2.3.1@egg-development/app.js",
    "start": 1534758463548,
    "end": 1534758463549,
    "duration": 1,
    "pid": 13396,
    "index": 57
  },
  {
    "name": "Before Start in node_modules/.2.3.1@egg-development/app.js:12:7",
    "start": 1534758463550,
    "end": 1534758464701,
    "duration": 1151,
    "pid": 13396,
    "index": 58
  },
  {
    "name": "Require(48) node_modules/.3.3.0@egg-schedule/app.js",
    "start": 1534758463550,
    "end": 1534758463551,
    "duration": 1,
    "pid": 13396,
    "index": 59
  },
  {
    "name": "Require(49) node_modules/.3.0.3@egg-logrotator/app.js",
    "start": 1534758463578,
    "end": 1534758463578,
    "duration": 0,
    "pid": 13396,
    "index": 60
  },
  {
    "name": "Require(50) node_modules/.2.1.1@egg-static/app.js",
    "start": 1534758463578,
    "end": 1534758463578,
    "duration": 0,
    "pid": 13396,
    "index": 61
  },
  {
    "name": "Require(51) node_modules/.1.0.0@egg-validate/app.js",
    "start": 1534758463579,
    "end": 1534758463580,
    "duration": 1,
    "pid": 13396,
    "index": 62
  },
  {
    "name": "Require(52) node_modules/.3.1.0@egg-mongoose/app.js",
    "start": 1534758463580,
    "end": 1534758463580,
    "duration": 0,
    "pid": 13396,
    "index": 63
  },
  {
    "name": "Before Start in node_modules/.3.1.0@egg-mongoose/lib/mongoose.js:77:7",
    "start": 1534758464311,
    "end": 1534758465703,
    "duration": 1392,
    "pid": 13396,
    "index": 64
  },
  {
    "name": "Before Start in node_modules/.3.1.0@egg-mongoose/lib/mongoose.js:42:9",
    "start": 1534758464312,
    "end": 1534758464660,
    "duration": 348,
    "pid": 13396,
    "index": 65
  },
  {
    "name": "Require(53) node_modules/.2.1.0@egg-cors/app.js",
    "start": 1534758464312,
    "end": 1534758464312,
    "duration": 0,
    "pid": 13396,
    "index": 66
  },
  {
    "name": "Require(54) node_modules/.2.2.0@egg-view-nunjucks/app.js",
    "start": 1534758464313,
    "end": 1534758464313,
    "duration": 0,
    "pid": 13396,
    "index": 67
  },
  {
    "name": "Load Service",
    "start": 1534758464314,
    "end": 1534758464564,
    "duration": 250,
    "pid": 13396,
    "index": 68
  },
  {
    "name": "Load \"service\" to Context",
    "start": 1534758464314,
    "end": 1534758464564,
    "duration": 250,
    "pid": 13396,
    "index": 69
  },
  {
    "name": "Load Middleware",
    "start": 1534758464564,
    "end": 1534758464624,
    "duration": 60,
    "pid": 13396,
    "index": 70
  },
  {
    "name": "Load \"middlewares\" to Application",
    "start": 1534758464564,
    "end": 1534758464618,
    "duration": 54,
    "pid": 13396,
    "index": 71
  },
  {
    "name": "Load Controller",
    "start": 1534758464624,
    "end": 1534758464629,
    "duration": 5,
    "pid": 13396,
    "index": 72
  },
  {
    "name": "Load \"controller\" to Application",
    "start": 1534758464625,
    "end": 1534758464629,
    "duration": 4,
    "pid": 13396,
    "index": 73
  },
  {
    "name": "Load Router",
    "start": 1534758464629,
    "end": 1534758464631,
    "duration": 2,
    "pid": 13396,
    "index": 74
  },
  {
    "name": "Require(55) app/router.js",
    "start": 1534758464630,
    "end": 1534758464630,
    "duration": 0,
    "pid": 13396,
    "index": 75
  },
  {
    "name": "Before Start in node_modules/.4.9.1@egg-core/lib/egg.js:328:10",
    "start": 1534758464630,
    "end": 1534758464660,
    "duration": 30,
    "pid": 13396,
    "index": 76
  },
  {
    "name": "Load \"model\" to Application",
    "start": 1534758464642,
    "end": 1534758464659,
    "duration": 17,
    "pid": 13396,
    "index": 77
  }
]