[
  {
    "name": "Application Start",
    "start": 1534758401064,
    "end": 1534758403411,
    "duration": 2347,
    "pid": 14892,
    "index": 0
  },
  {
    "name": "Load Plugin",
    "start": 1534758401068,
    "end": 1534758401086,
    "duration": 18,
    "pid": 14892,
    "index": 1
  },
  {
    "name": "Load Config",
    "start": 1534758401086,
    "end": 1534758401105,
    "duration": 19,
    "pid": 14892,
    "index": 2
  },
  {
    "name": "Require(0) config/config.default.js",
    "start": 1534758401087,
    "end": 1534758401087,
    "duration": 0,
    "pid": 14892,
    "index": 3
  },
  {
    "name": "Require(1) node_modules/.3.1.0@egg-session/config/config.default.js",
    "start": 1534758401089,
    "end": 1534758401089,
    "duration": 0,
    "pid": 14892,
    "index": 4
  },
  {
    "name": "Require(2) node_modules/.2.2.3@egg-security/config/config.default.js",
    "start": 1534758401089,
    "end": 1534758401089,
    "duration": 0,
    "pid": 14892,
    "index": 5
  },
  {
    "name": "Require(3) node_modules/.2.0.0@egg-jsonp/config/config.default.js",
    "start": 1534758401090,
    "end": 1534758401090,
    "duration": 0,
    "pid": 14892,
    "index": 6
  },
  {
    "name": "Require(4) node_modules/.2.1.0@egg-onerror/config/config.default.js",
    "start": 1534758401091,
    "end": 1534758401091,
    "duration": 0,
    "pid": 14892,
    "index": 7
  },
  {
    "name": "Require(5) node_modules/.2.0.0@egg-i18n/config/config.default.js",
    "start": 1534758401091,
    "end": 1534758401092,
    "duration": 1,
    "pid": 14892,
    "index": 8
  },
  {
    "name": "Require(6) node_modules/.3.0.0@egg-watcher/config/config.default.js",
    "start": 1534758401092,
    "end": 1534758401092,
    "duration": 0,
    "pid": 14892,
    "index": 9
  },
  {
    "name": "Require(7) node_modules/.2.0.0@egg-multipart/config/config.default.js",
    "start": 1534758401093,
    "end": 1534758401093,
    "duration": 0,
    "pid": 14892,
    "index": 10
  },
  {
    "name": "Require(8) node_modules/.2.3.1@egg-development/config/config.default.js",
    "start": 1534758401093,
    "end": 1534758401093,
    "duration": 0,
    "pid": 14892,
    "index": 11
  },
  {
    "name": "Require(9) node_modules/.3.3.0@egg-schedule/config/config.default.js",
    "start": 1534758401094,
    "end": 1534758401094,
    "duration": 0,
    "pid": 14892,
    "index": 12
  },
  {
    "name": "Require(10) node_modules/.3.0.3@egg-logrotator/config/config.default.js",
    "start": 1534758401094,
    "end": 1534758401094,
    "duration": 0,
    "pid": 14892,
    "index": 13
  },
  {
    "name": "Require(11) node_modules/.2.1.1@egg-static/config/config.default.js",
    "start": 1534758401095,
    "end": 1534758401095,
    "duration": 0,
    "pid": 14892,
    "index": 14
  },
  {
    "name": "Require(12) node_modules/.2.1.0@egg-view/config/config.default.js",
    "start": 1534758401095,
    "end": 1534758401096,
    "duration": 1,
    "pid": 14892,
    "index": 15
  },
  {
    "name": "Require(13) node_modules/.3.1.0@egg-mongoose/config/config.default.js",
    "start": 1534758401096,
    "end": 1534758401096,
    "duration": 0,
    "pid": 14892,
    "index": 16
  },
  {
    "name": "Require(14) node_modules/.2.1.0@egg-cors/config/config.default.js",
    "start": 1534758401097,
    "end": 1534758401097,
    "duration": 0,
    "pid": 14892,
    "index": 17
  },
  {
    "name": "Require(15) node_modules/.2.2.0@egg-view-nunjucks/config/config.default.js",
    "start": 1534758401097,
    "end": 1534758401097,
    "duration": 0,
    "pid": 14892,
    "index": 18
  },
  {
    "name": "Require(16) node_modules/.2.9.1@egg/config/config.default.js",
    "start": 1534758401098,
    "end": 1534758401100,
    "duration": 2,
    "pid": 14892,
    "index": 19
  },
  {
    "name": "Require(17) config/config.default.js",
    "start": 1534758401101,
    "end": 1534758401101,
    "duration": 0,
    "pid": 14892,
    "index": 20
  },
  {
    "name": "Require(18) node_modules/.2.2.3@egg-security/config/config.local.js",
    "start": 1534758401102,
    "end": 1534758401102,
    "duration": 0,
    "pid": 14892,
    "index": 21
  },
  {
    "name": "Require(19) node_modules/.3.0.0@egg-watcher/config/config.local.js",
    "start": 1534758401103,
    "end": 1534758401103,
    "duration": 0,
    "pid": 14892,
    "index": 22
  },
  {
    "name": "Require(20) node_modules/.2.1.0@egg-view/config/config.local.js",
    "start": 1534758401103,
    "end": 1534758401104,
    "duration": 1,
    "pid": 14892,
    "index": 23
  },
  {
    "name": "Require(21) node_modules/.2.2.0@egg-view-nunjucks/config/config.local.js",
    "start": 1534758401104,
    "end": 1534758401104,
    "duration": 0,
    "pid": 14892,
    "index": 24
  },
  {
    "name": "Require(22) node_modules/.2.9.1@egg/config/config.local.js",
    "start": 1534758401104,
    "end": 1534758401105,
    "duration": 1,
    "pid": 14892,
    "index": 25
  },
  {
    "name": "Load extend/application.js",
    "start": 1534758401106,
    "end": 1534758401158,
    "duration": 52,
    "pid": 14892,
    "index": 26
  },
  {
    "name": "Require(23) node_modules/.3.1.0@egg-session/app/extend/application.js",
    "start": 1534758401106,
    "end": 1534758401107,
    "duration": 1,
    "pid": 14892,
    "index": 27
  },
  {
    "name": "Require(24) node_modules/.2.2.3@egg-security/app/extend/application.js",
    "start": 1534758401107,
    "end": 1534758401107,
    "duration": 0,
    "pid": 14892,
    "index": 28
  },
  {
    "name": "Require(25) node_modules/.2.0.0@egg-jsonp/app/extend/application.js",
    "start": 1534758401108,
    "end": 1534758401109,
    "duration": 1,
    "pid": 14892,
    "index": 29
  },
  {
    "name": "Require(26) node_modules/.3.0.3@egg-logrotator/app/extend/application.js",
    "start": 1534758401110,
    "end": 1534758401112,
    "duration": 2,
    "pid": 14892,
    "index": 30
  },
  {
    "name": "Require(27) node_modules/.2.1.0@egg-view/app/extend/application.js",
    "start": 1534758401112,
    "end": 1534758401113,
    "duration": 1,
    "pid": 14892,
    "index": 31
  },
  {
    "name": "Require(28) node_modules/.2.2.0@egg-view-nunjucks/app/extend/application.js",
    "start": 1534758401114,
    "end": 1534758401156,
    "duration": 42,
    "pid": 14892,
    "index": 32
  },
  {
    "name": "Load extend/request.js",
    "start": 1534758401158,
    "end": 1534758401166,
    "duration": 8,
    "pid": 14892,
    "index": 33
  },
  {
    "name": "Require(29) node_modules/.2.9.1@egg/app/extend/request.js",
    "start": 1534758401161,
    "end": 1534758401163,
    "duration": 2,
    "pid": 14892,
    "index": 34
  },
  {
    "name": "Load extend/response.js",
    "start": 1534758401166,
    "end": 1534758401172,
    "duration": 6,
    "pid": 14892,
    "index": 35
  },
  {
    "name": "Require(30) node_modules/.2.9.1@egg/app/extend/response.js",
    "start": 1534758401168,
    "end": 1534758401170,
    "duration": 2,
    "pid": 14892,
    "index": 36
  },
  {
    "name": "Load extend/context.js",
    "start": 1534758401172,
    "end": 1534758401231,
    "duration": 59,
    "pid": 14892,
    "index": 37
  },
  {
    "name": "Require(31) node_modules/.2.2.3@egg-security/app/extend/context.js",
    "start": 1534758401173,
    "end": 1534758401182,
    "duration": 9,
    "pid": 14892,
    "index": 38
  },
  {
    "name": "Require(32) node_modules/.2.0.0@egg-jsonp/app/extend/context.js",
    "start": 1534758401182,
    "end": 1534758401183,
    "duration": 1,
    "pid": 14892,
    "index": 39
  },
  {
    "name": "Require(33) node_modules/.2.0.0@egg-i18n/app/extend/context.js",
    "start": 1534758401183,
    "end": 1534758401183,
    "duration": 0,
    "pid": 14892,
    "index": 40
  },
  {
    "name": "Require(34) node_modules/.2.0.0@egg-multipart/app/extend/context.js",
    "start": 1534758401184,
    "end": 1534758401221,
    "duration": 37,
    "pid": 14892,
    "index": 41
  },
  {
    "name": "Require(35) node_modules/.2.1.0@egg-view/app/extend/context.js",
    "start": 1534758401222,
    "end": 1534758401223,
    "duration": 1,
    "pid": 14892,
    "index": 42
  },
  {
    "name": "Require(36) node_modules/.1.0.0@egg-validate/app/extend/context.js",
    "start": 1534758401223,
    "end": 1534758401224,
    "duration": 1,
    "pid": 14892,
    "index": 43
  },
  {
    "name": "Require(37) node_modules/.3.1.0@egg-mongoose/app/extend/context.js",
    "start": 1534758401224,
    "end": 1534758401224,
    "duration": 0,
    "pid": 14892,
    "index": 44
  },
  {
    "name": "Require(38) node_modules/.2.9.1@egg/app/extend/context.js",
    "start": 1534758401225,
    "end": 1534758401229,
    "duration": 4,
    "pid": 14892,
    "index": 45
  },
  {
    "name": "Load extend/helper.js",
    "start": 1534758401231,
    "end": 1534758401245,
    "duration": 14,
    "pid": 14892,
    "index": 46
  },
  {
    "name": "Require(39) node_modules/.2.2.3@egg-security/app/extend/helper.js",
    "start": 1534758401231,
    "end": 1534758401242,
    "duration": 11,
    "pid": 14892,
    "index": 47
  },
  {
    "name": "Require(40) node_modules/.2.9.1@egg/app/extend/helper.js",
    "start": 1534758401243,
    "end": 1534758401243,
    "duration": 0,
    "pid": 14892,
    "index": 48
  },
  {
    "name": "Load app.js",
    "start": 1534758401245,
    "end": 1534758402025,
    "duration": 780,
    "pid": 14892,
    "index": 49
  },
  {
    "name": "Require(41) node_modules/.3.1.0@egg-session/app.js",
    "start": 1534758401245,
    "end": 1534758401245,
    "duration": 0,
    "pid": 14892,
    "index": 50
  },
  {
    "name": "Require(42) node_modules/.2.2.3@egg-security/app.js",
    "start": 1534758401245,
    "end": 1534758401247,
    "duration": 2,
    "pid": 14892,
    "index": 51
  },
  {
    "name": "Require(43) node_modules/.2.1.0@egg-onerror/app.js",
    "start": 1534758401247,
    "end": 1534758401254,
    "duration": 7,
    "pid": 14892,
    "index": 52
  },
  {
    "name": "Require(44) node_modules/.2.0.0@egg-i18n/app.js",
    "start": 1534758401254,
    "end": 1534758401259,
    "duration": 5,
    "pid": 14892,
    "index": 53
  },
  {
    "name": "Require(45) node_modules/.3.0.0@egg-watcher/app.js",
    "start": 1534758401261,
    "end": 1534758401264,
    "duration": 3,
    "pid": 14892,
    "index": 54
  },
  {
    "name": "Before Start in node_modules/.3.0.0@egg-watcher/app.js:15:7",
    "start": 1534758401270,
    "end": 1534758402406,
    "duration": 1136,
    "pid": 14892,
    "index": 55
  },
  {
    "name": "Require(46) node_modules/.2.0.0@egg-multipart/app.js",
    "start": 1534758401271,
    "end": 1534758401273,
    "duration": 2,
    "pid": 14892,
    "index": 56
  },
  {
    "name": "Require(47) node_modules/.2.3.1@egg-development/app.js",
    "start": 1534758401274,
    "end": 1534758401275,
    "duration": 1,
    "pid": 14892,
    "index": 57
  },
  {
    "name": "Before Start in node_modules/.2.3.1@egg-development/app.js:12:7",
    "start": 1534758401275,
    "end": 1534758402407,
    "duration": 1132,
    "pid": 14892,
    "index": 58
  },
  {
    "name": "Require(48) node_modules/.3.3.0@egg-schedule/app.js",
    "start": 1534758401276,
    "end": 1534758401277,
    "duration": 1,
    "pid": 14892,
    "index": 59
  },
  {
    "name": "Require(49) node_modules/.3.0.3@egg-logrotator/app.js",
    "start": 1534758401303,
    "end": 1534758401303,
    "duration": 0,
    "pid": 14892,
    "index": 60
  },
  {
    "name": "Require(50) node_modules/.2.1.1@egg-static/app.js",
    "start": 1534758401304,
    "end": 1534758401304,
    "duration": 0,
    "pid": 14892,
    "index": 61
  },
  {
    "name": "Require(51) node_modules/.1.0.0@egg-validate/app.js",
    "start": 1534758401304,
    "end": 1534758401306,
    "duration": 2,
    "pid": 14892,
    "index": 62
  },
  {
    "name": "Require(52) node_modules/.3.1.0@egg-mongoose/app.js",
    "start": 1534758401306,
    "end": 1534758401306,
    "duration": 0,
    "pid": 14892,
    "index": 63
  },
  {
    "name": "Before Start in node_modules/.3.1.0@egg-mongoose/lib/mongoose.js:77:7",
    "start": 1534758402023,
    "end": 1534758403410,
    "duration": 1387,
    "pid": 14892,
    "index": 64
  },
  {
    "name": "Before Start in node_modules/.3.1.0@egg-mongoose/lib/mongoose.js:42:9",
    "start": 1534758402023,
    "end": 1534758402366,
    "duration": 343,
    "pid": 14892,
    "index": 65
  },
  {
    "name": "Require(53) node_modules/.2.1.0@egg-cors/app.js",
    "start": 1534758402024,
    "end": 1534758402024,
    "duration": 0,
    "pid": 14892,
    "index": 66
  },
  {
    "name": "Require(54) node_modules/.2.2.0@egg-view-nunjucks/app.js",
    "start": 1534758402024,
    "end": 1534758402024,
    "duration": 0,
    "pid": 14892,
    "index": 67
  },
  {
    "name": "Load Service",
    "start": 1534758402025,
    "end": 1534758402279,
    "duration": 254,
    "pid": 14892,
    "index": 68
  },
  {
    "name": "Load \"service\" to Context",
    "start": 1534758402025,
    "end": 1534758402279,
    "duration": 254,
    "pid": 14892,
    "index": 69
  },
  {
    "name": "Load Middleware",
    "start": 1534758402279,
    "end": 1534758402333,
    "duration": 54,
    "pid": 14892,
    "index": 70
  },
  {
    "name": "Load \"middlewares\" to Application",
    "start": 1534758402279,
    "end": 1534758402327,
    "duration": 48,
    "pid": 14892,
    "index": 71
  },
  {
    "name": "Load Controller",
    "start": 1534758402333,
    "end": 1534758402338,
    "duration": 5,
    "pid": 14892,
    "index": 72
  },
  {
    "name": "Load \"controller\" to Application",
    "start": 1534758402333,
    "end": 1534758402338,
    "duration": 5,
    "pid": 14892,
    "index": 73
  },
  {
    "name": "Load Router",
    "start": 1534758402338,
    "end": 1534758402340,
    "duration": 2,
    "pid": 14892,
    "index": 74
  },
  {
    "name": "Require(55) app/router.js",
    "start": 1534758402338,
    "end": 1534758402339,
    "duration": 1,
    "pid": 14892,
    "index": 75
  },
  {
    "name": "Before Start in node_modules/.4.9.1@egg-core/lib/egg.js:328:10",
    "start": 1534758402339,
    "end": 1534758402366,
    "duration": 27,
    "pid": 14892,
    "index": 76
  },
  {
    "name": "Load \"model\" to Application",
    "start": 1534758402351,
    "end": 1534758402366,
    "duration": 15,
    "pid": 14892,
    "index": 77
  }
]