[
  {
    "name": "Application Start",
    "start": 1534758654230,
    "end": 1534758656603,
    "duration": 2373,
    "pid": 17360,
    "index": 0
  },
  {
    "name": "Load Plugin",
    "start": 1534758654236,
    "end": 1534758654255,
    "duration": 19,
    "pid": 17360,
    "index": 1
  },
  {
    "name": "Load Config",
    "start": 1534758654255,
    "end": 1534758654275,
    "duration": 20,
    "pid": 17360,
    "index": 2
  },
  {
    "name": "Require(0) config/config.default.js",
    "start": 1534758654256,
    "end": 1534758654256,
    "duration": 0,
    "pid": 17360,
    "index": 3
  },
  {
    "name": "Require(1) node_modules/.3.1.0@egg-session/config/config.default.js",
    "start": 1534758654257,
    "end": 1534758654258,
    "duration": 1,
    "pid": 17360,
    "index": 4
  },
  {
    "name": "Require(2) node_modules/.2.2.3@egg-security/config/config.default.js",
    "start": 1534758654258,
    "end": 1534758654258,
    "duration": 0,
    "pid": 17360,
    "index": 5
  },
  {
    "name": "Require(3) node_modules/.2.0.0@egg-jsonp/config/config.default.js",
    "start": 1534758654259,
    "end": 1534758654259,
    "duration": 0,
    "pid": 17360,
    "index": 6
  },
  {
    "name": "Require(4) node_modules/.2.1.0@egg-onerror/config/config.default.js",
    "start": 1534758654259,
    "end": 1534758654260,
    "duration": 1,
    "pid": 17360,
    "index": 7
  },
  {
    "name": "Require(5) node_modules/.2.0.0@egg-i18n/config/config.default.js",
    "start": 1534758654261,
    "end": 1534758654261,
    "duration": 0,
    "pid": 17360,
    "index": 8
  },
  {
    "name": "Require(6) node_modules/.3.0.0@egg-watcher/config/config.default.js",
    "start": 1534758654261,
    "end": 1534758654261,
    "duration": 0,
    "pid": 17360,
    "index": 9
  },
  {
    "name": "Require(7) node_modules/.2.0.0@egg-multipart/config/config.default.js",
    "start": 1534758654262,
    "end": 1534758654263,
    "duration": 1,
    "pid": 17360,
    "index": 10
  },
  {
    "name": "Require(8) node_modules/.2.3.1@egg-development/config/config.default.js",
    "start": 1534758654263,
    "end": 1534758654263,
    "duration": 0,
    "pid": 17360,
    "index": 11
  },
  {
    "name": "Require(9) node_modules/.3.3.0@egg-schedule/config/config.default.js",
    "start": 1534758654264,
    "end": 1534758654264,
    "duration": 0,
    "pid": 17360,
    "index": 12
  },
  {
    "name": "Require(10) node_modules/.3.0.3@egg-logrotator/config/config.default.js",
    "start": 1534758654264,
    "end": 1534758654264,
    "duration": 0,
    "pid": 17360,
    "index": 13
  },
  {
    "name": "Require(11) node_modules/.2.1.1@egg-static/config/config.default.js",
    "start": 1534758654265,
    "end": 1534758654265,
    "duration": 0,
    "pid": 17360,
    "index": 14
  },
  {
    "name": "Require(12) node_modules/.2.1.0@egg-view/config/config.default.js",
    "start": 1534758654265,
    "end": 1534758654266,
    "duration": 1,
    "pid": 17360,
    "index": 15
  },
  {
    "name": "Require(13) node_modules/.3.1.0@egg-mongoose/config/config.default.js",
    "start": 1534758654266,
    "end": 1534758654267,
    "duration": 1,
    "pid": 17360,
    "index": 16
  },
  {
    "name": "Require(14) node_modules/.2.1.0@egg-cors/config/config.default.js",
    "start": 1534758654267,
    "end": 1534758654267,
    "duration": 0,
    "pid": 17360,
    "index": 17
  },
  {
    "name": "Require(15) node_modules/.2.2.0@egg-view-nunjucks/config/config.default.js",
    "start": 1534758654267,
    "end": 1534758654267,
    "duration": 0,
    "pid": 17360,
    "index": 18
  },
  {
    "name": "Require(16) node_modules/.2.9.1@egg/config/config.default.js",
    "start": 1534758654268,
    "end": 1534758654270,
    "duration": 2,
    "pid": 17360,
    "index": 19
  },
  {
    "name": "Require(17) config/config.default.js",
    "start": 1534758654271,
    "end": 1534758654271,
    "duration": 0,
    "pid": 17360,
    "index": 20
  },
  {
    "name": "Require(18) node_modules/.2.2.3@egg-security/config/config.local.js",
    "start": 1534758654272,
    "end": 1534758654272,
    "duration": 0,
    "pid": 17360,
    "index": 21
  },
  {
    "name": "Require(19) node_modules/.3.0.0@egg-watcher/config/config.local.js",
    "start": 1534758654273,
    "end": 1534758654273,
    "duration": 0,
    "pid": 17360,
    "index": 22
  },
  {
    "name": "Require(20) node_modules/.2.1.0@egg-view/config/config.local.js",
    "start": 1534758654273,
    "end": 1534758654274,
    "duration": 1,
    "pid": 17360,
    "index": 23
  },
  {
    "name": "Require(21) node_modules/.2.2.0@egg-view-nunjucks/config/config.local.js",
    "start": 1534758654274,
    "end": 1534758654274,
    "duration": 0,
    "pid": 17360,
    "index": 24
  },
  {
    "name": "Require(22) node_modules/.2.9.1@egg/config/config.local.js",
    "start": 1534758654274,
    "end": 1534758654275,
    "duration": 1,
    "pid": 17360,
    "index": 25
  },
  {
    "name": "Load extend/application.js",
    "start": 1534758654276,
    "end": 1534758654335,
    "duration": 59,
    "pid": 17360,
    "index": 26
  },
  {
    "name": "Require(23) node_modules/.3.1.0@egg-session/app/extend/application.js",
    "start": 1534758654276,
    "end": 1534758654276,
    "duration": 0,
    "pid": 17360,
    "index": 27
  },
  {
    "name": "Require(24) node_modules/.2.2.3@egg-security/app/extend/application.js",
    "start": 1534758654277,
    "end": 1534758654277,
    "duration": 0,
    "pid": 17360,
    "index": 28
  },
  {
    "name": "Require(25) node_modules/.2.0.0@egg-jsonp/app/extend/application.js",
    "start": 1534758654278,
    "end": 1534758654280,
    "duration": 2,
    "pid": 17360,
    "index": 29
  },
  {
    "name": "Require(26) node_modules/.3.0.3@egg-logrotator/app/extend/application.js",
    "start": 1534758654281,
    "end": 1534758654283,
    "duration": 2,
    "pid": 17360,
    "index": 30
  },
  {
    "name": "Require(27) node_modules/.2.1.0@egg-view/app/extend/application.js",
    "start": 1534758654283,
    "end": 1534758654285,
    "duration": 2,
    "pid": 17360,
    "index": 31
  },
  {
    "name": "Require(28) node_modules/.2.2.0@egg-view-nunjucks/app/extend/application.js",
    "start": 1534758654285,
    "end": 1534758654332,
    "duration": 47,
    "pid": 17360,
    "index": 32
  },
  {
    "name": "Load extend/request.js",
    "start": 1534758654335,
    "end": 1534758654339,
    "duration": 4,
    "pid": 17360,
    "index": 33
  },
  {
    "name": "Require(29) node_modules/.2.9.1@egg/app/extend/request.js",
    "start": 1534758654336,
    "end": 1534758654338,
    "duration": 2,
    "pid": 17360,
    "index": 34
  },
  {
    "name": "Load extend/response.js",
    "start": 1534758654339,
    "end": 1534758654345,
    "duration": 6,
    "pid": 17360,
    "index": 35
  },
  {
    "name": "Require(30) node_modules/.2.9.1@egg/app/extend/response.js",
    "start": 1534758654341,
    "end": 1534758654343,
    "duration": 2,
    "pid": 17360,
    "index": 36
  },
  {
    "name": "Load extend/context.js",
    "start": 1534758654345,
    "end": 1534758654403,
    "duration": 58,
    "pid": 17360,
    "index": 37
  },
  {
    "name": "Require(31) node_modules/.2.2.3@egg-security/app/extend/context.js",
    "start": 1534758654346,
    "end": 1534758654356,
    "duration": 10,
    "pid": 17360,
    "index": 38
  },
  {
    "name": "Require(32) node_modules/.2.0.0@egg-jsonp/app/extend/context.js",
    "start": 1534758654357,
    "end": 1534758654358,
    "duration": 1,
    "pid": 17360,
    "index": 39
  },
  {
    "name": "Require(33) node_modules/.2.0.0@egg-i18n/app/extend/context.js",
    "start": 1534758654358,
    "end": 1534758654359,
    "duration": 1,
    "pid": 17360,
    "index": 40
  },
  {
    "name": "Require(34) node_modules/.2.0.0@egg-multipart/app/extend/context.js",
    "start": 1534758654359,
    "end": 1534758654392,
    "duration": 33,
    "pid": 17360,
    "index": 41
  },
  {
    "name": "Require(35) node_modules/.2.1.0@egg-view/app/extend/context.js",
    "start": 1534758654393,
    "end": 1534758654394,
    "duration": 1,
    "pid": 17360,
    "index": 42
  },
  {
    "name": "Require(36) node_modules/.1.0.0@egg-validate/app/extend/context.js",
    "start": 1534758654394,
    "end": 1534758654394,
    "duration": 0,
    "pid": 17360,
    "index": 43
  },
  {
    "name": "Require(37) node_modules/.3.1.0@egg-mongoose/app/extend/context.js",
    "start": 1534758654394,
    "end": 1534758654395,
    "duration": 1,
    "pid": 17360,
    "index": 44
  },
  {
    "name": "Require(38) node_modules/.2.9.1@egg/app/extend/context.js",
    "start": 1534758654400,
    "end": 1534758654401,
    "duration": 1,
    "pid": 17360,
    "index": 45
  },
  {
    "name": "Load extend/helper.js",
    "start": 1534758654403,
    "end": 1534758654417,
    "duration": 14,
    "pid": 17360,
    "index": 46
  },
  {
    "name": "Require(39) node_modules/.2.2.3@egg-security/app/extend/helper.js",
    "start": 1534758654403,
    "end": 1534758654414,
    "duration": 11,
    "pid": 17360,
    "index": 47
  },
  {
    "name": "Require(40) node_modules/.2.9.1@egg/app/extend/helper.js",
    "start": 1534758654415,
    "end": 1534758654415,
    "duration": 0,
    "pid": 17360,
    "index": 48
  },
  {
    "name": "Load app.js",
    "start": 1534758654417,
    "end": 1534758655224,
    "duration": 807,
    "pid": 17360,
    "index": 49
  },
  {
    "name": "Require(41) node_modules/.3.1.0@egg-session/app.js",
    "start": 1534758654417,
    "end": 1534758654417,
    "duration": 0,
    "pid": 17360,
    "index": 50
  },
  {
    "name": "Require(42) node_modules/.2.2.3@egg-security/app.js",
    "start": 1534758654418,
    "end": 1534758654419,
    "duration": 1,
    "pid": 17360,
    "index": 51
  },
  {
    "name": "Require(43) node_modules/.2.1.0@egg-onerror/app.js",
    "start": 1534758654420,
    "end": 1534758654426,
    "duration": 6,
    "pid": 17360,
    "index": 52
  },
  {
    "name": "Require(44) node_modules/.2.0.0@egg-i18n/app.js",
    "start": 1534758654427,
    "end": 1534758654432,
    "duration": 5,
    "pid": 17360,
    "index": 53
  },
  {
    "name": "Require(45) node_modules/.3.0.0@egg-watcher/app.js",
    "start": 1534758654434,
    "end": 1534758654437,
    "duration": 3,
    "pid": 17360,
    "index": 54
  },
  {
    "name": "Before Start in node_modules/.3.0.0@egg-watcher/app.js:15:7",
    "start": 1534758654445,
    "end": 1534758655599,
    "duration": 1154,
    "pid": 17360,
    "index": 55
  },
  {
    "name": "Require(46) node_modules/.2.0.0@egg-multipart/app.js",
    "start": 1534758654446,
    "end": 1534758654448,
    "duration": 2,
    "pid": 17360,
    "index": 56
  },
  {
    "name": "Require(47) node_modules/.2.3.1@egg-development/app.js",
    "start": 1534758654448,
    "end": 1534758654449,
    "duration": 1,
    "pid": 17360,
    "index": 57
  },
  {
    "name": "Before Start in node_modules/.2.3.1@egg-development/app.js:12:7",
    "start": 1534758654449,
    "end": 1534758655599,
    "duration": 1150,
    "pid": 17360,
    "index": 58
  },
  {
    "name": "Require(48) node_modules/.3.3.0@egg-schedule/app.js",
    "start": 1534758654452,
    "end": 1534758654453,
    "duration": 1,
    "pid": 17360,
    "index": 59
  },
  {
    "name": "Require(49) node_modules/.3.0.3@egg-logrotator/app.js",
    "start": 1534758654485,
    "end": 1534758654485,
    "duration": 0,
    "pid": 17360,
    "index": 60
  },
  {
    "name": "Require(50) node_modules/.2.1.1@egg-static/app.js",
    "start": 1534758654486,
    "end": 1534758654486,
    "duration": 0,
    "pid": 17360,
    "index": 61
  },
  {
    "name": "Require(51) node_modules/.1.0.0@egg-validate/app.js",
    "start": 1534758654486,
    "end": 1534758654488,
    "duration": 2,
    "pid": 17360,
    "index": 62
  },
  {
    "name": "Require(52) node_modules/.3.1.0@egg-mongoose/app.js",
    "start": 1534758654488,
    "end": 1534758654488,
    "duration": 0,
    "pid": 17360,
    "index": 63
  },
  {
    "name": "Before Start in node_modules/.3.1.0@egg-mongoose/lib/mongoose.js:77:7",
    "start": 1534758655222,
    "end": 1534758656603,
    "duration": 1381,
    "pid": 17360,
    "index": 64
  },
  {
    "name": "Before Start in node_modules/.3.1.0@egg-mongoose/lib/mongoose.js:42:9",
    "start": 1534758655222,
    "end": 1534758655561,
    "duration": 339,
    "pid": 17360,
    "index": 65
  },
  {
    "name": "Require(53) node_modules/.2.1.0@egg-cors/app.js",
    "start": 1534758655223,
    "end": 1534758655223,
    "duration": 0,
    "pid": 17360,
    "index": 66
  },
  {
    "name": "Require(54) node_modules/.2.2.0@egg-view-nunjucks/app.js",
    "start": 1534758655223,
    "end": 1534758655223,
    "duration": 0,
    "pid": 17360,
    "index": 67
  },
  {
    "name": "Load Service",
    "start": 1534758655225,
    "end": 1534758655472,
    "duration": 247,
    "pid": 17360,
    "index": 68
  },
  {
    "name": "Load \"service\" to Context",
    "start": 1534758655225,
    "end": 1534758655472,
    "duration": 247,
    "pid": 17360,
    "index": 69
  },
  {
    "name": "Load Middleware",
    "start": 1534758655472,
    "end": 1534758655530,
    "duration": 58,
    "pid": 17360,
    "index": 70
  },
  {
    "name": "Load \"middlewares\" to Application",
    "start": 1534758655472,
    "end": 1534758655523,
    "duration": 51,
    "pid": 17360,
    "index": 71
  },
  {
    "name": "Load Controller",
    "start": 1534758655530,
    "end": 1534758655535,
    "duration": 5,
    "pid": 17360,
    "index": 72
  },
  {
    "name": "Load \"controller\" to Application",
    "start": 1534758655530,
    "end": 1534758655535,
    "duration": 5,
    "pid": 17360,
    "index": 73
  },
  {
    "name": "Load Router",
    "start": 1534758655535,
    "end": 1534758655537,
    "duration": 2,
    "pid": 17360,
    "index": 74
  },
  {
    "name": "Require(55) app/router.js",
    "start": 1534758655536,
    "end": 1534758655536,
    "duration": 0,
    "pid": 17360,
    "index": 75
  },
  {
    "name": "Before Start in node_modules/.4.9.1@egg-core/lib/egg.js:328:10",
    "start": 1534758655536,
    "end": 1534758655561,
    "duration": 25,
    "pid": 17360,
    "index": 76
  },
  {
    "name": "Load \"model\" to Application",
    "start": 1534758655547,
    "end": 1534758655560,
    "duration": 13,
    "pid": 17360,
    "index": 77
  }
]