[
  {
    "name": "Application Start",
    "start": 1534751115366,
    "end": 1534751117777,
    "duration": 2411,
    "pid": 8888,
    "index": 0
  },
  {
    "name": "Load Plugin",
    "start": 1534751115370,
    "end": 1534751115387,
    "duration": 17,
    "pid": 8888,
    "index": 1
  },
  {
    "name": "Load Config",
    "start": 1534751115388,
    "end": 1534751115406,
    "duration": 18,
    "pid": 8888,
    "index": 2
  },
  {
    "name": "Require(0) config/config.default.js",
    "start": 1534751115388,
    "end": 1534751115389,
    "duration": 1,
    "pid": 8888,
    "index": 3
  },
  {
    "name": "Require(1) node_modules/.3.1.0@egg-session/config/config.default.js",
    "start": 1534751115390,
    "end": 1534751115390,
    "duration": 0,
    "pid": 8888,
    "index": 4
  },
  {
    "name": "Require(2) node_modules/.2.2.3@egg-security/config/config.default.js",
    "start": 1534751115391,
    "end": 1534751115391,
    "duration": 0,
    "pid": 8888,
    "index": 5
  },
  {
    "name": "Require(3) node_modules/.2.0.0@egg-jsonp/config/config.default.js",
    "start": 1534751115392,
    "end": 1534751115392,
    "duration": 0,
    "pid": 8888,
    "index": 6
  },
  {
    "name": "Require(4) node_modules/.2.1.0@egg-onerror/config/config.default.js",
    "start": 1534751115392,
    "end": 1534751115393,
    "duration": 1,
    "pid": 8888,
    "index": 7
  },
  {
    "name": "Require(5) node_modules/.2.0.0@egg-i18n/config/config.default.js",
    "start": 1534751115393,
    "end": 1534751115393,
    "duration": 0,
    "pid": 8888,
    "index": 8
  },
  {
    "name": "Require(6) node_modules/.3.0.0@egg-watcher/config/config.default.js",
    "start": 1534751115394,
    "end": 1534751115394,
    "duration": 0,
    "pid": 8888,
    "index": 9
  },
  {
    "name": "Require(7) node_modules/.2.0.0@egg-multipart/config/config.default.js",
    "start": 1534751115394,
    "end": 1534751115394,
    "duration": 0,
    "pid": 8888,
    "index": 10
  },
  {
    "name": "Require(8) node_modules/.2.3.1@egg-development/config/config.default.js",
    "start": 1534751115395,
    "end": 1534751115395,
    "duration": 0,
    "pid": 8888,
    "index": 11
  },
  {
    "name": "Require(9) node_modules/.3.3.0@egg-schedule/config/config.default.js",
    "start": 1534751115395,
    "end": 1534751115395,
    "duration": 0,
    "pid": 8888,
    "index": 12
  },
  {
    "name": "Require(10) node_modules/.3.0.3@egg-logrotator/config/config.default.js",
    "start": 1534751115396,
    "end": 1534751115396,
    "duration": 0,
    "pid": 8888,
    "index": 13
  },
  {
    "name": "Require(11) node_modules/.2.1.1@egg-static/config/config.default.js",
    "start": 1534751115396,
    "end": 1534751115396,
    "duration": 0,
    "pid": 8888,
    "index": 14
  },
  {
    "name": "Require(12) node_modules/.2.1.0@egg-view/config/config.default.js",
    "start": 1534751115397,
    "end": 1534751115397,
    "duration": 0,
    "pid": 8888,
    "index": 15
  },
  {
    "name": "Require(13) node_modules/.3.1.0@egg-mongoose/config/config.default.js",
    "start": 1534751115398,
    "end": 1534751115398,
    "duration": 0,
    "pid": 8888,
    "index": 16
  },
  {
    "name": "Require(14) node_modules/.2.1.0@egg-cors/config/config.default.js",
    "start": 1534751115398,
    "end": 1534751115399,
    "duration": 1,
    "pid": 8888,
    "index": 17
  },
  {
    "name": "Require(15) node_modules/.2.2.0@egg-view-nunjucks/config/config.default.js",
    "start": 1534751115399,
    "end": 1534751115399,
    "duration": 0,
    "pid": 8888,
    "index": 18
  },
  {
    "name": "Require(16) node_modules/.2.9.1@egg/config/config.default.js",
    "start": 1534751115400,
    "end": 1534751115402,
    "duration": 2,
    "pid": 8888,
    "index": 19
  },
  {
    "name": "Require(17) config/config.default.js",
    "start": 1534751115403,
    "end": 1534751115403,
    "duration": 0,
    "pid": 8888,
    "index": 20
  },
  {
    "name": "Require(18) node_modules/.2.2.3@egg-security/config/config.local.js",
    "start": 1534751115404,
    "end": 1534751115404,
    "duration": 0,
    "pid": 8888,
    "index": 21
  },
  {
    "name": "Require(19) node_modules/.3.0.0@egg-watcher/config/config.local.js",
    "start": 1534751115404,
    "end": 1534751115404,
    "duration": 0,
    "pid": 8888,
    "index": 22
  },
  {
    "name": "Require(20) node_modules/.2.1.0@egg-view/config/config.local.js",
    "start": 1534751115405,
    "end": 1534751115405,
    "duration": 0,
    "pid": 8888,
    "index": 23
  },
  {
    "name": "Require(21) node_modules/.2.2.0@egg-view-nunjucks/config/config.local.js",
    "start": 1534751115406,
    "end": 1534751115406,
    "duration": 0,
    "pid": 8888,
    "index": 24
  },
  {
    "name": "Require(22) node_modules/.2.9.1@egg/config/config.local.js",
    "start": 1534751115406,
    "end": 1534751115406,
    "duration": 0,
    "pid": 8888,
    "index": 25
  },
  {
    "name": "Load extend/application.js",
    "start": 1534751115407,
    "end": 1534751115461,
    "duration": 54,
    "pid": 8888,
    "index": 26
  },
  {
    "name": "Require(23) node_modules/.3.1.0@egg-session/app/extend/application.js",
    "start": 1534751115408,
    "end": 1534751115408,
    "duration": 0,
    "pid": 8888,
    "index": 27
  },
  {
    "name": "Require(24) node_modules/.2.2.3@egg-security/app/extend/application.js",
    "start": 1534751115408,
    "end": 1534751115409,
    "duration": 1,
    "pid": 8888,
    "index": 28
  },
  {
    "name": "Require(25) node_modules/.2.0.0@egg-jsonp/app/extend/application.js",
    "start": 1534751115409,
    "end": 1534751115411,
    "duration": 2,
    "pid": 8888,
    "index": 29
  },
  {
    "name": "Require(26) node_modules/.3.0.3@egg-logrotator/app/extend/application.js",
    "start": 1534751115412,
    "end": 1534751115414,
    "duration": 2,
    "pid": 8888,
    "index": 30
  },
  {
    "name": "Require(27) node_modules/.2.1.0@egg-view/app/extend/application.js",
    "start": 1534751115414,
    "end": 1534751115415,
    "duration": 1,
    "pid": 8888,
    "index": 31
  },
  {
    "name": "Require(28) node_modules/.2.2.0@egg-view-nunjucks/app/extend/application.js",
    "start": 1534751115416,
    "end": 1534751115459,
    "duration": 43,
    "pid": 8888,
    "index": 32
  },
  {
    "name": "Load extend/request.js",
    "start": 1534751115461,
    "end": 1534751115466,
    "duration": 5,
    "pid": 8888,
    "index": 33
  },
  {
    "name": "Require(29) node_modules/.2.9.1@egg/app/extend/request.js",
    "start": 1534751115463,
    "end": 1534751115464,
    "duration": 1,
    "pid": 8888,
    "index": 34
  },
  {
    "name": "Load extend/response.js",
    "start": 1534751115467,
    "end": 1534751115473,
    "duration": 6,
    "pid": 8888,
    "index": 35
  },
  {
    "name": "Require(30) node_modules/.2.9.1@egg/app/extend/response.js",
    "start": 1534751115468,
    "end": 1534751115471,
    "duration": 3,
    "pid": 8888,
    "index": 36
  },
  {
    "name": "Load extend/context.js",
    "start": 1534751115473,
    "end": 1534751115527,
    "duration": 54,
    "pid": 8888,
    "index": 37
  },
  {
    "name": "Require(31) node_modules/.2.2.3@egg-security/app/extend/context.js",
    "start": 1534751115473,
    "end": 1534751115481,
    "duration": 8,
    "pid": 8888,
    "index": 38
  },
  {
    "name": "Require(32) node_modules/.2.0.0@egg-jsonp/app/extend/context.js",
    "start": 1534751115482,
    "end": 1534751115483,
    "duration": 1,
    "pid": 8888,
    "index": 39
  },
  {
    "name": "Require(33) node_modules/.2.0.0@egg-i18n/app/extend/context.js",
    "start": 1534751115483,
    "end": 1534751115483,
    "duration": 0,
    "pid": 8888,
    "index": 40
  },
  {
    "name": "Require(34) node_modules/.2.0.0@egg-multipart/app/extend/context.js",
    "start": 1534751115483,
    "end": 1534751115520,
    "duration": 37,
    "pid": 8888,
    "index": 41
  },
  {
    "name": "Require(35) node_modules/.2.1.0@egg-view/app/extend/context.js",
    "start": 1534751115521,
    "end": 1534751115522,
    "duration": 1,
    "pid": 8888,
    "index": 42
  },
  {
    "name": "Require(36) node_modules/.1.0.0@egg-validate/app/extend/context.js",
    "start": 1534751115522,
    "end": 1534751115522,
    "duration": 0,
    "pid": 8888,
    "index": 43
  },
  {
    "name": "Require(37) node_modules/.3.1.0@egg-mongoose/app/extend/context.js",
    "start": 1534751115522,
    "end": 1534751115523,
    "duration": 1,
    "pid": 8888,
    "index": 44
  },
  {
    "name": "Require(38) node_modules/.2.9.1@egg/app/extend/context.js",
    "start": 1534751115523,
    "end": 1534751115525,
    "duration": 2,
    "pid": 8888,
    "index": 45
  },
  {
    "name": "Load extend/helper.js",
    "start": 1534751115527,
    "end": 1534751115545,
    "duration": 18,
    "pid": 8888,
    "index": 46
  },
  {
    "name": "Require(39) node_modules/.2.2.3@egg-security/app/extend/helper.js",
    "start": 1534751115527,
    "end": 1534751115542,
    "duration": 15,
    "pid": 8888,
    "index": 47
  },
  {
    "name": "Require(40) node_modules/.2.9.1@egg/app/extend/helper.js",
    "start": 1534751115543,
    "end": 1534751115543,
    "duration": 0,
    "pid": 8888,
    "index": 48
  },
  {
    "name": "Load app.js",
    "start": 1534751115545,
    "end": 1534751116328,
    "duration": 783,
    "pid": 8888,
    "index": 49
  },
  {
    "name": "Require(41) node_modules/.3.1.0@egg-session/app.js",
    "start": 1534751115545,
    "end": 1534751115545,
    "duration": 0,
    "pid": 8888,
    "index": 50
  },
  {
    "name": "Require(42) node_modules/.2.2.3@egg-security/app.js",
    "start": 1534751115545,
    "end": 1534751115546,
    "duration": 1,
    "pid": 8888,
    "index": 51
  },
  {
    "name": "Require(43) node_modules/.2.1.0@egg-onerror/app.js",
    "start": 1534751115547,
    "end": 1534751115554,
    "duration": 7,
    "pid": 8888,
    "index": 52
  },
  {
    "name": "Require(44) node_modules/.2.0.0@egg-i18n/app.js",
    "start": 1534751115554,
    "end": 1534751115559,
    "duration": 5,
    "pid": 8888,
    "index": 53
  },
  {
    "name": "Require(45) node_modules/.3.0.0@egg-watcher/app.js",
    "start": 1534751115561,
    "end": 1534751115564,
    "duration": 3,
    "pid": 8888,
    "index": 54
  },
  {
    "name": "Before Start in node_modules/.3.0.0@egg-watcher/app.js:15:7",
    "start": 1534751115571,
    "end": 1534751116769,
    "duration": 1198,
    "pid": 8888,
    "index": 55
  },
  {
    "name": "Require(46) node_modules/.2.0.0@egg-multipart/app.js",
    "start": 1534751115572,
    "end": 1534751115574,
    "duration": 2,
    "pid": 8888,
    "index": 56
  },
  {
    "name": "Require(47) node_modules/.2.3.1@egg-development/app.js",
    "start": 1534751115574,
    "end": 1534751115576,
    "duration": 2,
    "pid": 8888,
    "index": 57
  },
  {
    "name": "Before Start in node_modules/.2.3.1@egg-development/app.js:12:7",
    "start": 1534751115576,
    "end": 1534751116769,
    "duration": 1193,
    "pid": 8888,
    "index": 58
  },
  {
    "name": "Require(48) node_modules/.3.3.0@egg-schedule/app.js",
    "start": 1534751115576,
    "end": 1534751115577,
    "duration": 1,
    "pid": 8888,
    "index": 59
  },
  {
    "name": "Require(49) node_modules/.3.0.3@egg-logrotator/app.js",
    "start": 1534751115604,
    "end": 1534751115604,
    "duration": 0,
    "pid": 8888,
    "index": 60
  },
  {
    "name": "Require(50) node_modules/.2.1.1@egg-static/app.js",
    "start": 1534751115604,
    "end": 1534751115604,
    "duration": 0,
    "pid": 8888,
    "index": 61
  },
  {
    "name": "Require(51) node_modules/.1.0.0@egg-validate/app.js",
    "start": 1534751115605,
    "end": 1534751115606,
    "duration": 1,
    "pid": 8888,
    "index": 62
  },
  {
    "name": "Require(52) node_modules/.3.1.0@egg-mongoose/app.js",
    "start": 1534751115606,
    "end": 1534751115607,
    "duration": 1,
    "pid": 8888,
    "index": 63
  },
  {
    "name": "Before Start in node_modules/.3.1.0@egg-mongoose/lib/mongoose.js:77:7",
    "start": 1534751116325,
    "end": 1534751117777,
    "duration": 1452,
    "pid": 8888,
    "index": 64
  },
  {
    "name": "Before Start in node_modules/.3.1.0@egg-mongoose/lib/mongoose.js:42:9",
    "start": 1534751116325,
    "end": 1534751116724,
    "duration": 399,
    "pid": 8888,
    "index": 65
  },
  {
    "name": "Require(53) node_modules/.2.1.0@egg-cors/app.js",
    "start": 1534751116326,
    "end": 1534751116326,
    "duration": 0,
    "pid": 8888,
    "index": 66
  },
  {
    "name": "Require(54) node_modules/.2.2.0@egg-view-nunjucks/app.js",
    "start": 1534751116326,
    "end": 1534751116327,
    "duration": 1,
    "pid": 8888,
    "index": 67
  },
  {
    "name": "Load Service",
    "start": 1534751116328,
    "end": 1534751116618,
    "duration": 290,
    "pid": 8888,
    "index": 68
  },
  {
    "name": "Load \"service\" to Context",
    "start": 1534751116328,
    "end": 1534751116618,
    "duration": 290,
    "pid": 8888,
    "index": 69
  },
  {
    "name": "Load Middleware",
    "start": 1534751116618,
    "end": 1534751116685,
    "duration": 67,
    "pid": 8888,
    "index": 70
  },
  {
    "name": "Load \"middlewares\" to Application",
    "start": 1534751116618,
    "end": 1534751116678,
    "duration": 60,
    "pid": 8888,
    "index": 71
  },
  {
    "name": "Load Controller",
    "start": 1534751116685,
    "end": 1534751116692,
    "duration": 7,
    "pid": 8888,
    "index": 72
  },
  {
    "name": "Load \"controller\" to Application",
    "start": 1534751116685,
    "end": 1534751116692,
    "duration": 7,
    "pid": 8888,
    "index": 73
  },
  {
    "name": "Load Router",
    "start": 1534751116692,
    "end": 1534751116695,
    "duration": 3,
    "pid": 8888,
    "index": 74
  },
  {
    "name": "Require(55) app/router.js",
    "start": 1534751116693,
    "end": 1534751116693,
    "duration": 0,
    "pid": 8888,
    "index": 75
  },
  {
    "name": "Before Start in node_modules/.4.9.1@egg-core/lib/egg.js:328:10",
    "start": 1534751116693,
    "end": 1534751116724,
    "duration": 31,
    "pid": 8888,
    "index": 76
  },
  {
    "name": "Load \"model\" to Application",
    "start": 1534751116708,
    "end": 1534751116723,
    "duration": 15,
    "pid": 8888,
    "index": 77
  }
]