[
  {
    "name": "Application Start",
    "start": 1534751388750,
    "end": 1534751391148,
    "duration": 2398,
    "pid": 8928,
    "index": 0
  },
  {
    "name": "Load Plugin",
    "start": 1534751388754,
    "end": 1534751388771,
    "duration": 17,
    "pid": 8928,
    "index": 1
  },
  {
    "name": "Load Config",
    "start": 1534751388771,
    "end": 1534751388790,
    "duration": 19,
    "pid": 8928,
    "index": 2
  },
  {
    "name": "Require(0) config/config.default.js",
    "start": 1534751388772,
    "end": 1534751388772,
    "duration": 0,
    "pid": 8928,
    "index": 3
  },
  {
    "name": "Require(1) node_modules/.3.1.0@egg-session/config/config.default.js",
    "start": 1534751388774,
    "end": 1534751388774,
    "duration": 0,
    "pid": 8928,
    "index": 4
  },
  {
    "name": "Require(2) node_modules/.2.2.3@egg-security/config/config.default.js",
    "start": 1534751388774,
    "end": 1534751388774,
    "duration": 0,
    "pid": 8928,
    "index": 5
  },
  {
    "name": "Require(3) node_modules/.2.0.0@egg-jsonp/config/config.default.js",
    "start": 1534751388775,
    "end": 1534751388775,
    "duration": 0,
    "pid": 8928,
    "index": 6
  },
  {
    "name": "Require(4) node_modules/.2.1.0@egg-onerror/config/config.default.js",
    "start": 1534751388776,
    "end": 1534751388776,
    "duration": 0,
    "pid": 8928,
    "index": 7
  },
  {
    "name": "Require(5) node_modules/.2.0.0@egg-i18n/config/config.default.js",
    "start": 1534751388776,
    "end": 1534751388776,
    "duration": 0,
    "pid": 8928,
    "index": 8
  },
  {
    "name": "Require(6) node_modules/.3.0.0@egg-watcher/config/config.default.js",
    "start": 1534751388777,
    "end": 1534751388777,
    "duration": 0,
    "pid": 8928,
    "index": 9
  },
  {
    "name": "Require(7) node_modules/.2.0.0@egg-multipart/config/config.default.js",
    "start": 1534751388777,
    "end": 1534751388777,
    "duration": 0,
    "pid": 8928,
    "index": 10
  },
  {
    "name": "Require(8) node_modules/.2.3.1@egg-development/config/config.default.js",
    "start": 1534751388778,
    "end": 1534751388778,
    "duration": 0,
    "pid": 8928,
    "index": 11
  },
  {
    "name": "Require(9) node_modules/.3.3.0@egg-schedule/config/config.default.js",
    "start": 1534751388778,
    "end": 1534751388778,
    "duration": 0,
    "pid": 8928,
    "index": 12
  },
  {
    "name": "Require(10) node_modules/.3.0.3@egg-logrotator/config/config.default.js",
    "start": 1534751388779,
    "end": 1534751388779,
    "duration": 0,
    "pid": 8928,
    "index": 13
  },
  {
    "name": "Require(11) node_modules/.2.1.1@egg-static/config/config.default.js",
    "start": 1534751388779,
    "end": 1534751388780,
    "duration": 1,
    "pid": 8928,
    "index": 14
  },
  {
    "name": "Require(12) node_modules/.2.1.0@egg-view/config/config.default.js",
    "start": 1534751388780,
    "end": 1534751388780,
    "duration": 0,
    "pid": 8928,
    "index": 15
  },
  {
    "name": "Require(13) node_modules/.3.1.0@egg-mongoose/config/config.default.js",
    "start": 1534751388781,
    "end": 1534751388781,
    "duration": 0,
    "pid": 8928,
    "index": 16
  },
  {
    "name": "Require(14) node_modules/.2.1.0@egg-cors/config/config.default.js",
    "start": 1534751388781,
    "end": 1534751388781,
    "duration": 0,
    "pid": 8928,
    "index": 17
  },
  {
    "name": "Require(15) node_modules/.2.2.0@egg-view-nunjucks/config/config.default.js",
    "start": 1534751388782,
    "end": 1534751388782,
    "duration": 0,
    "pid": 8928,
    "index": 18
  },
  {
    "name": "Require(16) node_modules/.2.9.1@egg/config/config.default.js",
    "start": 1534751388782,
    "end": 1534751388783,
    "duration": 1,
    "pid": 8928,
    "index": 19
  },
  {
    "name": "Require(17) config/config.default.js",
    "start": 1534751388786,
    "end": 1534751388786,
    "duration": 0,
    "pid": 8928,
    "index": 20
  },
  {
    "name": "Require(18) node_modules/.2.2.3@egg-security/config/config.local.js",
    "start": 1534751388786,
    "end": 1534751388787,
    "duration": 1,
    "pid": 8928,
    "index": 21
  },
  {
    "name": "Require(19) node_modules/.3.0.0@egg-watcher/config/config.local.js",
    "start": 1534751388788,
    "end": 1534751388788,
    "duration": 0,
    "pid": 8928,
    "index": 22
  },
  {
    "name": "Require(20) node_modules/.2.1.0@egg-view/config/config.local.js",
    "start": 1534751388789,
    "end": 1534751388789,
    "duration": 0,
    "pid": 8928,
    "index": 23
  },
  {
    "name": "Require(21) node_modules/.2.2.0@egg-view-nunjucks/config/config.local.js",
    "start": 1534751388790,
    "end": 1534751388790,
    "duration": 0,
    "pid": 8928,
    "index": 24
  },
  {
    "name": "Require(22) node_modules/.2.9.1@egg/config/config.local.js",
    "start": 1534751388790,
    "end": 1534751388790,
    "duration": 0,
    "pid": 8928,
    "index": 25
  },
  {
    "name": "Load extend/application.js",
    "start": 1534751388791,
    "end": 1534751388844,
    "duration": 53,
    "pid": 8928,
    "index": 26
  },
  {
    "name": "Require(23) node_modules/.3.1.0@egg-session/app/extend/application.js",
    "start": 1534751388792,
    "end": 1534751388792,
    "duration": 0,
    "pid": 8928,
    "index": 27
  },
  {
    "name": "Require(24) node_modules/.2.2.3@egg-security/app/extend/application.js",
    "start": 1534751388792,
    "end": 1534751388793,
    "duration": 1,
    "pid": 8928,
    "index": 28
  },
  {
    "name": "Require(25) node_modules/.2.0.0@egg-jsonp/app/extend/application.js",
    "start": 1534751388793,
    "end": 1534751388794,
    "duration": 1,
    "pid": 8928,
    "index": 29
  },
  {
    "name": "Require(26) node_modules/.3.0.3@egg-logrotator/app/extend/application.js",
    "start": 1534751388795,
    "end": 1534751388797,
    "duration": 2,
    "pid": 8928,
    "index": 30
  },
  {
    "name": "Require(27) node_modules/.2.1.0@egg-view/app/extend/application.js",
    "start": 1534751388797,
    "end": 1534751388799,
    "duration": 2,
    "pid": 8928,
    "index": 31
  },
  {
    "name": "Require(28) node_modules/.2.2.0@egg-view-nunjucks/app/extend/application.js",
    "start": 1534751388799,
    "end": 1534751388842,
    "duration": 43,
    "pid": 8928,
    "index": 32
  },
  {
    "name": "Load extend/request.js",
    "start": 1534751388844,
    "end": 1534751388850,
    "duration": 6,
    "pid": 8928,
    "index": 33
  },
  {
    "name": "Require(29) node_modules/.2.9.1@egg/app/extend/request.js",
    "start": 1534751388846,
    "end": 1534751388848,
    "duration": 2,
    "pid": 8928,
    "index": 34
  },
  {
    "name": "Load extend/response.js",
    "start": 1534751388850,
    "end": 1534751388857,
    "duration": 7,
    "pid": 8928,
    "index": 35
  },
  {
    "name": "Require(30) node_modules/.2.9.1@egg/app/extend/response.js",
    "start": 1534751388852,
    "end": 1534751388854,
    "duration": 2,
    "pid": 8928,
    "index": 36
  },
  {
    "name": "Load extend/context.js",
    "start": 1534751388857,
    "end": 1534751388915,
    "duration": 58,
    "pid": 8928,
    "index": 37
  },
  {
    "name": "Require(31) node_modules/.2.2.3@egg-security/app/extend/context.js",
    "start": 1534751388857,
    "end": 1534751388866,
    "duration": 9,
    "pid": 8928,
    "index": 38
  },
  {
    "name": "Require(32) node_modules/.2.0.0@egg-jsonp/app/extend/context.js",
    "start": 1534751388866,
    "end": 1534751388867,
    "duration": 1,
    "pid": 8928,
    "index": 39
  },
  {
    "name": "Require(33) node_modules/.2.0.0@egg-i18n/app/extend/context.js",
    "start": 1534751388867,
    "end": 1534751388868,
    "duration": 1,
    "pid": 8928,
    "index": 40
  },
  {
    "name": "Require(34) node_modules/.2.0.0@egg-multipart/app/extend/context.js",
    "start": 1534751388868,
    "end": 1534751388904,
    "duration": 36,
    "pid": 8928,
    "index": 41
  },
  {
    "name": "Require(35) node_modules/.2.1.0@egg-view/app/extend/context.js",
    "start": 1534751388905,
    "end": 1534751388906,
    "duration": 1,
    "pid": 8928,
    "index": 42
  },
  {
    "name": "Require(36) node_modules/.1.0.0@egg-validate/app/extend/context.js",
    "start": 1534751388906,
    "end": 1534751388906,
    "duration": 0,
    "pid": 8928,
    "index": 43
  },
  {
    "name": "Require(37) node_modules/.3.1.0@egg-mongoose/app/extend/context.js",
    "start": 1534751388907,
    "end": 1534751388907,
    "duration": 0,
    "pid": 8928,
    "index": 44
  },
  {
    "name": "Require(38) node_modules/.2.9.1@egg/app/extend/context.js",
    "start": 1534751388907,
    "end": 1534751388914,
    "duration": 7,
    "pid": 8928,
    "index": 45
  },
  {
    "name": "Load extend/helper.js",
    "start": 1534751388916,
    "end": 1534751388929,
    "duration": 13,
    "pid": 8928,
    "index": 46
  },
  {
    "name": "Require(39) node_modules/.2.2.3@egg-security/app/extend/helper.js",
    "start": 1534751388916,
    "end": 1534751388926,
    "duration": 10,
    "pid": 8928,
    "index": 47
  },
  {
    "name": "Require(40) node_modules/.2.9.1@egg/app/extend/helper.js",
    "start": 1534751388927,
    "end": 1534751388927,
    "duration": 0,
    "pid": 8928,
    "index": 48
  },
  {
    "name": "Load app.js",
    "start": 1534751388929,
    "end": 1534751389772,
    "duration": 843,
    "pid": 8928,
    "index": 49
  },
  {
    "name": "Require(41) node_modules/.3.1.0@egg-session/app.js",
    "start": 1534751388929,
    "end": 1534751388930,
    "duration": 1,
    "pid": 8928,
    "index": 50
  },
  {
    "name": "Require(42) node_modules/.2.2.3@egg-security/app.js",
    "start": 1534751388930,
    "end": 1534751388931,
    "duration": 1,
    "pid": 8928,
    "index": 51
  },
  {
    "name": "Require(43) node_modules/.2.1.0@egg-onerror/app.js",
    "start": 1534751388932,
    "end": 1534751388938,
    "duration": 6,
    "pid": 8928,
    "index": 52
  },
  {
    "name": "Require(44) node_modules/.2.0.0@egg-i18n/app.js",
    "start": 1534751388939,
    "end": 1534751388944,
    "duration": 5,
    "pid": 8928,
    "index": 53
  },
  {
    "name": "Require(45) node_modules/.3.0.0@egg-watcher/app.js",
    "start": 1534751388946,
    "end": 1534751388949,
    "duration": 3,
    "pid": 8928,
    "index": 54
  },
  {
    "name": "Before Start in node_modules/.3.0.0@egg-watcher/app.js:15:7",
    "start": 1534751388955,
    "end": 1534751390143,
    "duration": 1188,
    "pid": 8928,
    "index": 55
  },
  {
    "name": "Require(46) node_modules/.2.0.0@egg-multipart/app.js",
    "start": 1534751388956,
    "end": 1534751388958,
    "duration": 2,
    "pid": 8928,
    "index": 56
  },
  {
    "name": "Require(47) node_modules/.2.3.1@egg-development/app.js",
    "start": 1534751388958,
    "end": 1534751388960,
    "duration": 2,
    "pid": 8928,
    "index": 57
  },
  {
    "name": "Before Start in node_modules/.2.3.1@egg-development/app.js:12:7",
    "start": 1534751388960,
    "end": 1534751390143,
    "duration": 1183,
    "pid": 8928,
    "index": 58
  },
  {
    "name": "Require(48) node_modules/.3.3.0@egg-schedule/app.js",
    "start": 1534751388960,
    "end": 1534751388961,
    "duration": 1,
    "pid": 8928,
    "index": 59
  },
  {
    "name": "Require(49) node_modules/.3.0.3@egg-logrotator/app.js",
    "start": 1534751388989,
    "end": 1534751388989,
    "duration": 0,
    "pid": 8928,
    "index": 60
  },
  {
    "name": "Require(50) node_modules/.2.1.1@egg-static/app.js",
    "start": 1534751388990,
    "end": 1534751388990,
    "duration": 0,
    "pid": 8928,
    "index": 61
  },
  {
    "name": "Require(51) node_modules/.1.0.0@egg-validate/app.js",
    "start": 1534751388990,
    "end": 1534751388992,
    "duration": 2,
    "pid": 8928,
    "index": 62
  },
  {
    "name": "Require(52) node_modules/.3.1.0@egg-mongoose/app.js",
    "start": 1534751388992,
    "end": 1534751388992,
    "duration": 0,
    "pid": 8928,
    "index": 63
  },
  {
    "name": "Before Start in node_modules/.3.1.0@egg-mongoose/lib/mongoose.js:77:7",
    "start": 1534751389769,
    "end": 1534751391148,
    "duration": 1379,
    "pid": 8928,
    "index": 64
  },
  {
    "name": "Before Start in node_modules/.3.1.0@egg-mongoose/lib/mongoose.js:42:9",
    "start": 1534751389769,
    "end": 1534751390102,
    "duration": 333,
    "pid": 8928,
    "index": 65
  },
  {
    "name": "Require(53) node_modules/.2.1.0@egg-cors/app.js",
    "start": 1534751389770,
    "end": 1534751389770,
    "duration": 0,
    "pid": 8928,
    "index": 66
  },
  {
    "name": "Require(54) node_modules/.2.2.0@egg-view-nunjucks/app.js",
    "start": 1534751389770,
    "end": 1534751389770,
    "duration": 0,
    "pid": 8928,
    "index": 67
  },
  {
    "name": "Load Service",
    "start": 1534751389772,
    "end": 1534751390014,
    "duration": 242,
    "pid": 8928,
    "index": 68
  },
  {
    "name": "Load \"service\" to Context",
    "start": 1534751389772,
    "end": 1534751390014,
    "duration": 242,
    "pid": 8928,
    "index": 69
  },
  {
    "name": "Load Middleware",
    "start": 1534751390015,
    "end": 1534751390070,
    "duration": 55,
    "pid": 8928,
    "index": 70
  },
  {
    "name": "Load \"middlewares\" to Application",
    "start": 1534751390015,
    "end": 1534751390063,
    "duration": 48,
    "pid": 8928,
    "index": 71
  },
  {
    "name": "Load Controller",
    "start": 1534751390070,
    "end": 1534751390075,
    "duration": 5,
    "pid": 8928,
    "index": 72
  },
  {
    "name": "Load \"controller\" to Application",
    "start": 1534751390070,
    "end": 1534751390075,
    "duration": 5,
    "pid": 8928,
    "index": 73
  },
  {
    "name": "Load Router",
    "start": 1534751390075,
    "end": 1534751390077,
    "duration": 2,
    "pid": 8928,
    "index": 74
  },
  {
    "name": "Require(55) app/router.js",
    "start": 1534751390075,
    "end": 1534751390075,
    "duration": 0,
    "pid": 8928,
    "index": 75
  },
  {
    "name": "Before Start in node_modules/.4.9.1@egg-core/lib/egg.js:328:10",
    "start": 1534751390075,
    "end": 1534751390102,
    "duration": 27,
    "pid": 8928,
    "index": 76
  },
  {
    "name": "Load \"model\" to Application",
    "start": 1534751390088,
    "end": 1534751390101,
    "duration": 13,
    "pid": 8928,
    "index": 77
  }
]