[
  {
    "name": "Application Start",
    "start": 1534758772447,
    "end": 1534758774861,
    "duration": 2414,
    "pid": 14008,
    "index": 0
  },
  {
    "name": "Load Plugin",
    "start": 1534758772451,
    "end": 1534758772471,
    "duration": 20,
    "pid": 14008,
    "index": 1
  },
  {
    "name": "Load Config",
    "start": 1534758772471,
    "end": 1534758772490,
    "duration": 19,
    "pid": 14008,
    "index": 2
  },
  {
    "name": "Require(0) config/config.default.js",
    "start": 1534758772472,
    "end": 1534758772473,
    "duration": 1,
    "pid": 14008,
    "index": 3
  },
  {
    "name": "Require(1) node_modules/.3.1.0@egg-session/config/config.default.js",
    "start": 1534758772474,
    "end": 1534758772474,
    "duration": 0,
    "pid": 14008,
    "index": 4
  },
  {
    "name": "Require(2) node_modules/.2.2.3@egg-security/config/config.default.js",
    "start": 1534758772474,
    "end": 1534758772475,
    "duration": 1,
    "pid": 14008,
    "index": 5
  },
  {
    "name": "Require(3) node_modules/.2.0.0@egg-jsonp/config/config.default.js",
    "start": 1534758772475,
    "end": 1534758772476,
    "duration": 1,
    "pid": 14008,
    "index": 6
  },
  {
    "name": "Require(4) node_modules/.2.1.0@egg-onerror/config/config.default.js",
    "start": 1534758772476,
    "end": 1534758772476,
    "duration": 0,
    "pid": 14008,
    "index": 7
  },
  {
    "name": "Require(5) node_modules/.2.0.0@egg-i18n/config/config.default.js",
    "start": 1534758772476,
    "end": 1534758772477,
    "duration": 1,
    "pid": 14008,
    "index": 8
  },
  {
    "name": "Require(6) node_modules/.3.0.0@egg-watcher/config/config.default.js",
    "start": 1534758772477,
    "end": 1534758772477,
    "duration": 0,
    "pid": 14008,
    "index": 9
  },
  {
    "name": "Require(7) node_modules/.2.0.0@egg-multipart/config/config.default.js",
    "start": 1534758772478,
    "end": 1534758772478,
    "duration": 0,
    "pid": 14008,
    "index": 10
  },
  {
    "name": "Require(8) node_modules/.2.3.1@egg-development/config/config.default.js",
    "start": 1534758772478,
    "end": 1534758772478,
    "duration": 0,
    "pid": 14008,
    "index": 11
  },
  {
    "name": "Require(9) node_modules/.3.3.0@egg-schedule/config/config.default.js",
    "start": 1534758772479,
    "end": 1534758772479,
    "duration": 0,
    "pid": 14008,
    "index": 12
  },
  {
    "name": "Require(10) node_modules/.3.0.3@egg-logrotator/config/config.default.js",
    "start": 1534758772479,
    "end": 1534758772480,
    "duration": 1,
    "pid": 14008,
    "index": 13
  },
  {
    "name": "Require(11) node_modules/.2.1.1@egg-static/config/config.default.js",
    "start": 1534758772480,
    "end": 1534758772481,
    "duration": 1,
    "pid": 14008,
    "index": 14
  },
  {
    "name": "Require(12) node_modules/.2.1.0@egg-view/config/config.default.js",
    "start": 1534758772481,
    "end": 1534758772481,
    "duration": 0,
    "pid": 14008,
    "index": 15
  },
  {
    "name": "Require(13) node_modules/.3.1.0@egg-mongoose/config/config.default.js",
    "start": 1534758772482,
    "end": 1534758772482,
    "duration": 0,
    "pid": 14008,
    "index": 16
  },
  {
    "name": "Require(14) node_modules/.2.1.0@egg-cors/config/config.default.js",
    "start": 1534758772482,
    "end": 1534758772482,
    "duration": 0,
    "pid": 14008,
    "index": 17
  },
  {
    "name": "Require(15) node_modules/.2.2.0@egg-view-nunjucks/config/config.default.js",
    "start": 1534758772483,
    "end": 1534758772483,
    "duration": 0,
    "pid": 14008,
    "index": 18
  },
  {
    "name": "Require(16) node_modules/.2.9.1@egg/config/config.default.js",
    "start": 1534758772483,
    "end": 1534758772484,
    "duration": 1,
    "pid": 14008,
    "index": 19
  },
  {
    "name": "Require(17) config/config.default.js",
    "start": 1534758772485,
    "end": 1534758772485,
    "duration": 0,
    "pid": 14008,
    "index": 20
  },
  {
    "name": "Require(18) node_modules/.2.2.3@egg-security/config/config.local.js",
    "start": 1534758772487,
    "end": 1534758772487,
    "duration": 0,
    "pid": 14008,
    "index": 21
  },
  {
    "name": "Require(19) node_modules/.3.0.0@egg-watcher/config/config.local.js",
    "start": 1534758772488,
    "end": 1534758772488,
    "duration": 0,
    "pid": 14008,
    "index": 22
  },
  {
    "name": "Require(20) node_modules/.2.1.0@egg-view/config/config.local.js",
    "start": 1534758772489,
    "end": 1534758772489,
    "duration": 0,
    "pid": 14008,
    "index": 23
  },
  {
    "name": "Require(21) node_modules/.2.2.0@egg-view-nunjucks/config/config.local.js",
    "start": 1534758772490,
    "end": 1534758772490,
    "duration": 0,
    "pid": 14008,
    "index": 24
  },
  {
    "name": "Require(22) node_modules/.2.9.1@egg/config/config.local.js",
    "start": 1534758772490,
    "end": 1534758772490,
    "duration": 0,
    "pid": 14008,
    "index": 25
  },
  {
    "name": "Load extend/application.js",
    "start": 1534758772491,
    "end": 1534758772566,
    "duration": 75,
    "pid": 14008,
    "index": 26
  },
  {
    "name": "Require(23) node_modules/.3.1.0@egg-session/app/extend/application.js",
    "start": 1534758772492,
    "end": 1534758772492,
    "duration": 0,
    "pid": 14008,
    "index": 27
  },
  {
    "name": "Require(24) node_modules/.2.2.3@egg-security/app/extend/application.js",
    "start": 1534758772492,
    "end": 1534758772493,
    "duration": 1,
    "pid": 14008,
    "index": 28
  },
  {
    "name": "Require(25) node_modules/.2.0.0@egg-jsonp/app/extend/application.js",
    "start": 1534758772494,
    "end": 1534758772495,
    "duration": 1,
    "pid": 14008,
    "index": 29
  },
  {
    "name": "Require(26) node_modules/.3.0.3@egg-logrotator/app/extend/application.js",
    "start": 1534758772497,
    "end": 1534758772501,
    "duration": 4,
    "pid": 14008,
    "index": 30
  },
  {
    "name": "Require(27) node_modules/.2.1.0@egg-view/app/extend/application.js",
    "start": 1534758772501,
    "end": 1534758772503,
    "duration": 2,
    "pid": 14008,
    "index": 31
  },
  {
    "name": "Require(28) node_modules/.2.2.0@egg-view-nunjucks/app/extend/application.js",
    "start": 1534758772504,
    "end": 1534758772564,
    "duration": 60,
    "pid": 14008,
    "index": 32
  },
  {
    "name": "Load extend/request.js",
    "start": 1534758772566,
    "end": 1534758772571,
    "duration": 5,
    "pid": 14008,
    "index": 33
  },
  {
    "name": "Require(29) node_modules/.2.9.1@egg/app/extend/request.js",
    "start": 1534758772568,
    "end": 1534758772569,
    "duration": 1,
    "pid": 14008,
    "index": 34
  },
  {
    "name": "Load extend/response.js",
    "start": 1534758772571,
    "end": 1534758772577,
    "duration": 6,
    "pid": 14008,
    "index": 35
  },
  {
    "name": "Require(30) node_modules/.2.9.1@egg/app/extend/response.js",
    "start": 1534758772573,
    "end": 1534758772575,
    "duration": 2,
    "pid": 14008,
    "index": 36
  },
  {
    "name": "Load extend/context.js",
    "start": 1534758772577,
    "end": 1534758772633,
    "duration": 56,
    "pid": 14008,
    "index": 37
  },
  {
    "name": "Require(31) node_modules/.2.2.3@egg-security/app/extend/context.js",
    "start": 1534758772577,
    "end": 1534758772586,
    "duration": 9,
    "pid": 14008,
    "index": 38
  },
  {
    "name": "Require(32) node_modules/.2.0.0@egg-jsonp/app/extend/context.js",
    "start": 1534758772586,
    "end": 1534758772587,
    "duration": 1,
    "pid": 14008,
    "index": 39
  },
  {
    "name": "Require(33) node_modules/.2.0.0@egg-i18n/app/extend/context.js",
    "start": 1534758772588,
    "end": 1534758772588,
    "duration": 0,
    "pid": 14008,
    "index": 40
  },
  {
    "name": "Require(34) node_modules/.2.0.0@egg-multipart/app/extend/context.js",
    "start": 1534758772588,
    "end": 1534758772624,
    "duration": 36,
    "pid": 14008,
    "index": 41
  },
  {
    "name": "Require(35) node_modules/.2.1.0@egg-view/app/extend/context.js",
    "start": 1534758772625,
    "end": 1534758772626,
    "duration": 1,
    "pid": 14008,
    "index": 42
  },
  {
    "name": "Require(36) node_modules/.1.0.0@egg-validate/app/extend/context.js",
    "start": 1534758772626,
    "end": 1534758772626,
    "duration": 0,
    "pid": 14008,
    "index": 43
  },
  {
    "name": "Require(37) node_modules/.3.1.0@egg-mongoose/app/extend/context.js",
    "start": 1534758772626,
    "end": 1534758772627,
    "duration": 1,
    "pid": 14008,
    "index": 44
  },
  {
    "name": "Require(38) node_modules/.2.9.1@egg/app/extend/context.js",
    "start": 1534758772630,
    "end": 1534758772631,
    "duration": 1,
    "pid": 14008,
    "index": 45
  },
  {
    "name": "Load extend/helper.js",
    "start": 1534758772633,
    "end": 1534758772647,
    "duration": 14,
    "pid": 14008,
    "index": 46
  },
  {
    "name": "Require(39) node_modules/.2.2.3@egg-security/app/extend/helper.js",
    "start": 1534758772633,
    "end": 1534758772644,
    "duration": 11,
    "pid": 14008,
    "index": 47
  },
  {
    "name": "Require(40) node_modules/.2.9.1@egg/app/extend/helper.js",
    "start": 1534758772645,
    "end": 1534758772645,
    "duration": 0,
    "pid": 14008,
    "index": 48
  },
  {
    "name": "Load app.js",
    "start": 1534758772647,
    "end": 1534758773472,
    "duration": 825,
    "pid": 14008,
    "index": 49
  },
  {
    "name": "Require(41) node_modules/.3.1.0@egg-session/app.js",
    "start": 1534758772647,
    "end": 1534758772647,
    "duration": 0,
    "pid": 14008,
    "index": 50
  },
  {
    "name": "Require(42) node_modules/.2.2.3@egg-security/app.js",
    "start": 1534758772648,
    "end": 1534758772649,
    "duration": 1,
    "pid": 14008,
    "index": 51
  },
  {
    "name": "Require(43) node_modules/.2.1.0@egg-onerror/app.js",
    "start": 1534758772649,
    "end": 1534758772655,
    "duration": 6,
    "pid": 14008,
    "index": 52
  },
  {
    "name": "Require(44) node_modules/.2.0.0@egg-i18n/app.js",
    "start": 1534758772656,
    "end": 1534758772661,
    "duration": 5,
    "pid": 14008,
    "index": 53
  },
  {
    "name": "Require(45) node_modules/.3.0.0@egg-watcher/app.js",
    "start": 1534758772663,
    "end": 1534758772666,
    "duration": 3,
    "pid": 14008,
    "index": 54
  },
  {
    "name": "Before Start in node_modules/.3.0.0@egg-watcher/app.js:15:7",
    "start": 1534758772672,
    "end": 1534758773850,
    "duration": 1178,
    "pid": 14008,
    "index": 55
  },
  {
    "name": "Require(46) node_modules/.2.0.0@egg-multipart/app.js",
    "start": 1534758772672,
    "end": 1534758772674,
    "duration": 2,
    "pid": 14008,
    "index": 56
  },
  {
    "name": "Require(47) node_modules/.2.3.1@egg-development/app.js",
    "start": 1534758772675,
    "end": 1534758772676,
    "duration": 1,
    "pid": 14008,
    "index": 57
  },
  {
    "name": "Before Start in node_modules/.2.3.1@egg-development/app.js:12:7",
    "start": 1534758772676,
    "end": 1534758773850,
    "duration": 1174,
    "pid": 14008,
    "index": 58
  },
  {
    "name": "Require(48) node_modules/.3.3.0@egg-schedule/app.js",
    "start": 1534758772677,
    "end": 1534758772678,
    "duration": 1,
    "pid": 14008,
    "index": 59
  },
  {
    "name": "Require(49) node_modules/.3.0.3@egg-logrotator/app.js",
    "start": 1534758772708,
    "end": 1534758772708,
    "duration": 0,
    "pid": 14008,
    "index": 60
  },
  {
    "name": "Require(50) node_modules/.2.1.1@egg-static/app.js",
    "start": 1534758772708,
    "end": 1534758772708,
    "duration": 0,
    "pid": 14008,
    "index": 61
  },
  {
    "name": "Require(51) node_modules/.1.0.0@egg-validate/app.js",
    "start": 1534758772709,
    "end": 1534758772710,
    "duration": 1,
    "pid": 14008,
    "index": 62
  },
  {
    "name": "Require(52) node_modules/.3.1.0@egg-mongoose/app.js",
    "start": 1534758772711,
    "end": 1534758772711,
    "duration": 0,
    "pid": 14008,
    "index": 63
  },
  {
    "name": "Before Start in node_modules/.3.1.0@egg-mongoose/lib/mongoose.js:77:7",
    "start": 1534758773469,
    "end": 1534758774860,
    "duration": 1391,
    "pid": 14008,
    "index": 64
  },
  {
    "name": "Before Start in node_modules/.3.1.0@egg-mongoose/lib/mongoose.js:42:9",
    "start": 1534758773469,
    "end": 1534758773813,
    "duration": 344,
    "pid": 14008,
    "index": 65
  },
  {
    "name": "Require(53) node_modules/.2.1.0@egg-cors/app.js",
    "start": 1534758773470,
    "end": 1534758773470,
    "duration": 0,
    "pid": 14008,
    "index": 66
  },
  {
    "name": "Require(54) node_modules/.2.2.0@egg-view-nunjucks/app.js",
    "start": 1534758773470,
    "end": 1534758773471,
    "duration": 1,
    "pid": 14008,
    "index": 67
  },
  {
    "name": "Load Service",
    "start": 1534758773472,
    "end": 1534758773718,
    "duration": 246,
    "pid": 14008,
    "index": 68
  },
  {
    "name": "Load \"service\" to Context",
    "start": 1534758773472,
    "end": 1534758773718,
    "duration": 246,
    "pid": 14008,
    "index": 69
  },
  {
    "name": "Load Middleware",
    "start": 1534758773719,
    "end": 1534758773777,
    "duration": 58,
    "pid": 14008,
    "index": 70
  },
  {
    "name": "Load \"middlewares\" to Application",
    "start": 1534758773719,
    "end": 1534758773770,
    "duration": 51,
    "pid": 14008,
    "index": 71
  },
  {
    "name": "Load Controller",
    "start": 1534758773778,
    "end": 1534758773782,
    "duration": 4,
    "pid": 14008,
    "index": 72
  },
  {
    "name": "Load \"controller\" to Application",
    "start": 1534758773778,
    "end": 1534758773782,
    "duration": 4,
    "pid": 14008,
    "index": 73
  },
  {
    "name": "Load Router",
    "start": 1534758773782,
    "end": 1534758773784,
    "duration": 2,
    "pid": 14008,
    "index": 74
  },
  {
    "name": "Require(55) app/router.js",
    "start": 1534758773783,
    "end": 1534758773783,
    "duration": 0,
    "pid": 14008,
    "index": 75
  },
  {
    "name": "Before Start in node_modules/.4.9.1@egg-core/lib/egg.js:328:10",
    "start": 1534758773783,
    "end": 1534758773813,
    "duration": 30,
    "pid": 14008,
    "index": 76
  },
  {
    "name": "Load \"model\" to Application",
    "start": 1534758773796,
    "end": 1534758773812,
    "duration": 16,
    "pid": 14008,
    "index": 77
  }
]