[
  {
    "name": "Application Start",
    "start": 1534753300518,
    "end": 1534753302813,
    "duration": 2295,
    "pid": 9652,
    "index": 0
  },
  {
    "name": "Load Plugin",
    "start": 1534753300522,
    "end": 1534753300538,
    "duration": 16,
    "pid": 9652,
    "index": 1
  },
  {
    "name": "Load Config",
    "start": 1534753300539,
    "end": 1534753300556,
    "duration": 17,
    "pid": 9652,
    "index": 2
  },
  {
    "name": "Require(0) config/config.default.js",
    "start": 1534753300539,
    "end": 1534753300540,
    "duration": 1,
    "pid": 9652,
    "index": 3
  },
  {
    "name": "Require(1) node_modules/.3.1.0@egg-session/config/config.default.js",
    "start": 1534753300541,
    "end": 1534753300541,
    "duration": 0,
    "pid": 9652,
    "index": 4
  },
  {
    "name": "Require(2) node_modules/.2.2.3@egg-security/config/config.default.js",
    "start": 1534753300541,
    "end": 1534753300542,
    "duration": 1,
    "pid": 9652,
    "index": 5
  },
  {
    "name": "Require(3) node_modules/.2.0.0@egg-jsonp/config/config.default.js",
    "start": 1534753300542,
    "end": 1534753300542,
    "duration": 0,
    "pid": 9652,
    "index": 6
  },
  {
    "name": "Require(4) node_modules/.2.1.0@egg-onerror/config/config.default.js",
    "start": 1534753300543,
    "end": 1534753300543,
    "duration": 0,
    "pid": 9652,
    "index": 7
  },
  {
    "name": "Require(5) node_modules/.2.0.0@egg-i18n/config/config.default.js",
    "start": 1534753300543,
    "end": 1534753300543,
    "duration": 0,
    "pid": 9652,
    "index": 8
  },
  {
    "name": "Require(6) node_modules/.3.0.0@egg-watcher/config/config.default.js",
    "start": 1534753300544,
    "end": 1534753300544,
    "duration": 0,
    "pid": 9652,
    "index": 9
  },
  {
    "name": "Require(7) node_modules/.2.0.0@egg-multipart/config/config.default.js",
    "start": 1534753300544,
    "end": 1534753300544,
    "duration": 0,
    "pid": 9652,
    "index": 10
  },
  {
    "name": "Require(8) node_modules/.2.3.1@egg-development/config/config.default.js",
    "start": 1534753300545,
    "end": 1534753300545,
    "duration": 0,
    "pid": 9652,
    "index": 11
  },
  {
    "name": "Require(9) node_modules/.3.3.0@egg-schedule/config/config.default.js",
    "start": 1534753300546,
    "end": 1534753300546,
    "duration": 0,
    "pid": 9652,
    "index": 12
  },
  {
    "name": "Require(10) node_modules/.3.0.3@egg-logrotator/config/config.default.js",
    "start": 1534753300546,
    "end": 1534753300547,
    "duration": 1,
    "pid": 9652,
    "index": 13
  },
  {
    "name": "Require(11) node_modules/.2.1.1@egg-static/config/config.default.js",
    "start": 1534753300547,
    "end": 1534753300547,
    "duration": 0,
    "pid": 9652,
    "index": 14
  },
  {
    "name": "Require(12) node_modules/.2.1.0@egg-view/config/config.default.js",
    "start": 1534753300547,
    "end": 1534753300548,
    "duration": 1,
    "pid": 9652,
    "index": 15
  },
  {
    "name": "Require(13) node_modules/.3.1.0@egg-mongoose/config/config.default.js",
    "start": 1534753300548,
    "end": 1534753300548,
    "duration": 0,
    "pid": 9652,
    "index": 16
  },
  {
    "name": "Require(14) node_modules/.2.1.0@egg-cors/config/config.default.js",
    "start": 1534753300549,
    "end": 1534753300549,
    "duration": 0,
    "pid": 9652,
    "index": 17
  },
  {
    "name": "Require(15) node_modules/.2.2.0@egg-view-nunjucks/config/config.default.js",
    "start": 1534753300549,
    "end": 1534753300549,
    "duration": 0,
    "pid": 9652,
    "index": 18
  },
  {
    "name": "Require(16) node_modules/.2.9.1@egg/config/config.default.js",
    "start": 1534753300550,
    "end": 1534753300551,
    "duration": 1,
    "pid": 9652,
    "index": 19
  },
  {
    "name": "Require(17) config/config.default.js",
    "start": 1534753300553,
    "end": 1534753300553,
    "duration": 0,
    "pid": 9652,
    "index": 20
  },
  {
    "name": "Require(18) node_modules/.2.2.3@egg-security/config/config.local.js",
    "start": 1534753300553,
    "end": 1534753300553,
    "duration": 0,
    "pid": 9652,
    "index": 21
  },
  {
    "name": "Require(19) node_modules/.3.0.0@egg-watcher/config/config.local.js",
    "start": 1534753300554,
    "end": 1534753300554,
    "duration": 0,
    "pid": 9652,
    "index": 22
  },
  {
    "name": "Require(20) node_modules/.2.1.0@egg-view/config/config.local.js",
    "start": 1534753300555,
    "end": 1534753300555,
    "duration": 0,
    "pid": 9652,
    "index": 23
  },
  {
    "name": "Require(21) node_modules/.2.2.0@egg-view-nunjucks/config/config.local.js",
    "start": 1534753300555,
    "end": 1534753300556,
    "duration": 1,
    "pid": 9652,
    "index": 24
  },
  {
    "name": "Require(22) node_modules/.2.9.1@egg/config/config.local.js",
    "start": 1534753300556,
    "end": 1534753300556,
    "duration": 0,
    "pid": 9652,
    "index": 25
  },
  {
    "name": "Load extend/application.js",
    "start": 1534753300557,
    "end": 1534753300609,
    "duration": 52,
    "pid": 9652,
    "index": 26
  },
  {
    "name": "Require(23) node_modules/.3.1.0@egg-session/app/extend/application.js",
    "start": 1534753300558,
    "end": 1534753300558,
    "duration": 0,
    "pid": 9652,
    "index": 27
  },
  {
    "name": "Require(24) node_modules/.2.2.3@egg-security/app/extend/application.js",
    "start": 1534753300558,
    "end": 1534753300559,
    "duration": 1,
    "pid": 9652,
    "index": 28
  },
  {
    "name": "Require(25) node_modules/.2.0.0@egg-jsonp/app/extend/application.js",
    "start": 1534753300559,
    "end": 1534753300561,
    "duration": 2,
    "pid": 9652,
    "index": 29
  },
  {
    "name": "Require(26) node_modules/.3.0.3@egg-logrotator/app/extend/application.js",
    "start": 1534753300561,
    "end": 1534753300563,
    "duration": 2,
    "pid": 9652,
    "index": 30
  },
  {
    "name": "Require(27) node_modules/.2.1.0@egg-view/app/extend/application.js",
    "start": 1534753300564,
    "end": 1534753300565,
    "duration": 1,
    "pid": 9652,
    "index": 31
  },
  {
    "name": "Require(28) node_modules/.2.2.0@egg-view-nunjucks/app/extend/application.js",
    "start": 1534753300565,
    "end": 1534753300606,
    "duration": 41,
    "pid": 9652,
    "index": 32
  },
  {
    "name": "Load extend/request.js",
    "start": 1534753300609,
    "end": 1534753300614,
    "duration": 5,
    "pid": 9652,
    "index": 33
  },
  {
    "name": "Require(29) node_modules/.2.9.1@egg/app/extend/request.js",
    "start": 1534753300610,
    "end": 1534753300612,
    "duration": 2,
    "pid": 9652,
    "index": 34
  },
  {
    "name": "Load extend/response.js",
    "start": 1534753300614,
    "end": 1534753300620,
    "duration": 6,
    "pid": 9652,
    "index": 35
  },
  {
    "name": "Require(30) node_modules/.2.9.1@egg/app/extend/response.js",
    "start": 1534753300615,
    "end": 1534753300617,
    "duration": 2,
    "pid": 9652,
    "index": 36
  },
  {
    "name": "Load extend/context.js",
    "start": 1534753300620,
    "end": 1534753300674,
    "duration": 54,
    "pid": 9652,
    "index": 37
  },
  {
    "name": "Require(31) node_modules/.2.2.3@egg-security/app/extend/context.js",
    "start": 1534753300620,
    "end": 1534753300629,
    "duration": 9,
    "pid": 9652,
    "index": 38
  },
  {
    "name": "Require(32) node_modules/.2.0.0@egg-jsonp/app/extend/context.js",
    "start": 1534753300629,
    "end": 1534753300630,
    "duration": 1,
    "pid": 9652,
    "index": 39
  },
  {
    "name": "Require(33) node_modules/.2.0.0@egg-i18n/app/extend/context.js",
    "start": 1534753300631,
    "end": 1534753300631,
    "duration": 0,
    "pid": 9652,
    "index": 40
  },
  {
    "name": "Require(34) node_modules/.2.0.0@egg-multipart/app/extend/context.js",
    "start": 1534753300631,
    "end": 1534753300668,
    "duration": 37,
    "pid": 9652,
    "index": 41
  },
  {
    "name": "Require(35) node_modules/.2.1.0@egg-view/app/extend/context.js",
    "start": 1534753300668,
    "end": 1534753300669,
    "duration": 1,
    "pid": 9652,
    "index": 42
  },
  {
    "name": "Require(36) node_modules/.1.0.0@egg-validate/app/extend/context.js",
    "start": 1534753300670,
    "end": 1534753300670,
    "duration": 0,
    "pid": 9652,
    "index": 43
  },
  {
    "name": "Require(37) node_modules/.3.1.0@egg-mongoose/app/extend/context.js",
    "start": 1534753300670,
    "end": 1534753300670,
    "duration": 0,
    "pid": 9652,
    "index": 44
  },
  {
    "name": "Require(38) node_modules/.2.9.1@egg/app/extend/context.js",
    "start": 1534753300671,
    "end": 1534753300672,
    "duration": 1,
    "pid": 9652,
    "index": 45
  },
  {
    "name": "Load extend/helper.js",
    "start": 1534753300674,
    "end": 1534753300693,
    "duration": 19,
    "pid": 9652,
    "index": 46
  },
  {
    "name": "Require(39) node_modules/.2.2.3@egg-security/app/extend/helper.js",
    "start": 1534753300675,
    "end": 1534753300690,
    "duration": 15,
    "pid": 9652,
    "index": 47
  },
  {
    "name": "Require(40) node_modules/.2.9.1@egg/app/extend/helper.js",
    "start": 1534753300692,
    "end": 1534753300692,
    "duration": 0,
    "pid": 9652,
    "index": 48
  },
  {
    "name": "Load app.js",
    "start": 1534753300693,
    "end": 1534753301462,
    "duration": 769,
    "pid": 9652,
    "index": 49
  },
  {
    "name": "Require(41) node_modules/.3.1.0@egg-session/app.js",
    "start": 1534753300694,
    "end": 1534753300694,
    "duration": 0,
    "pid": 9652,
    "index": 50
  },
  {
    "name": "Require(42) node_modules/.2.2.3@egg-security/app.js",
    "start": 1534753300694,
    "end": 1534753300695,
    "duration": 1,
    "pid": 9652,
    "index": 51
  },
  {
    "name": "Require(43) node_modules/.2.1.0@egg-onerror/app.js",
    "start": 1534753300696,
    "end": 1534753300702,
    "duration": 6,
    "pid": 9652,
    "index": 52
  },
  {
    "name": "Require(44) node_modules/.2.0.0@egg-i18n/app.js",
    "start": 1534753300703,
    "end": 1534753300708,
    "duration": 5,
    "pid": 9652,
    "index": 53
  },
  {
    "name": "Require(45) node_modules/.3.0.0@egg-watcher/app.js",
    "start": 1534753300710,
    "end": 1534753300712,
    "duration": 2,
    "pid": 9652,
    "index": 54
  },
  {
    "name": "Before Start in node_modules/.3.0.0@egg-watcher/app.js:15:7",
    "start": 1534753300719,
    "end": 1534753301809,
    "duration": 1090,
    "pid": 9652,
    "index": 55
  },
  {
    "name": "Require(46) node_modules/.2.0.0@egg-multipart/app.js",
    "start": 1534753300720,
    "end": 1534753300722,
    "duration": 2,
    "pid": 9652,
    "index": 56
  },
  {
    "name": "Require(47) node_modules/.2.3.1@egg-development/app.js",
    "start": 1534753300722,
    "end": 1534753300724,
    "duration": 2,
    "pid": 9652,
    "index": 57
  },
  {
    "name": "Before Start in node_modules/.2.3.1@egg-development/app.js:12:7",
    "start": 1534753300724,
    "end": 1534753301809,
    "duration": 1085,
    "pid": 9652,
    "index": 58
  },
  {
    "name": "Require(48) node_modules/.3.3.0@egg-schedule/app.js",
    "start": 1534753300724,
    "end": 1534753300726,
    "duration": 2,
    "pid": 9652,
    "index": 59
  },
  {
    "name": "Require(49) node_modules/.3.0.3@egg-logrotator/app.js",
    "start": 1534753300754,
    "end": 1534753300754,
    "duration": 0,
    "pid": 9652,
    "index": 60
  },
  {
    "name": "Require(50) node_modules/.2.1.1@egg-static/app.js",
    "start": 1534753300754,
    "end": 1534753300754,
    "duration": 0,
    "pid": 9652,
    "index": 61
  },
  {
    "name": "Require(51) node_modules/.1.0.0@egg-validate/app.js",
    "start": 1534753300755,
    "end": 1534753300757,
    "duration": 2,
    "pid": 9652,
    "index": 62
  },
  {
    "name": "Require(52) node_modules/.3.1.0@egg-mongoose/app.js",
    "start": 1534753300757,
    "end": 1534753300758,
    "duration": 1,
    "pid": 9652,
    "index": 63
  },
  {
    "name": "Before Start in node_modules/.3.1.0@egg-mongoose/lib/mongoose.js:77:7",
    "start": 1534753301460,
    "end": 1534753302813,
    "duration": 1353,
    "pid": 9652,
    "index": 64
  },
  {
    "name": "Before Start in node_modules/.3.1.0@egg-mongoose/lib/mongoose.js:42:9",
    "start": 1534753301460,
    "end": 1534753301799,
    "duration": 339,
    "pid": 9652,
    "index": 65
  },
  {
    "name": "Require(53) node_modules/.2.1.0@egg-cors/app.js",
    "start": 1534753301461,
    "end": 1534753301461,
    "duration": 0,
    "pid": 9652,
    "index": 66
  },
  {
    "name": "Require(54) node_modules/.2.2.0@egg-view-nunjucks/app.js",
    "start": 1534753301461,
    "end": 1534753301461,
    "duration": 0,
    "pid": 9652,
    "index": 67
  },
  {
    "name": "Load Service",
    "start": 1534753301462,
    "end": 1534753301703,
    "duration": 241,
    "pid": 9652,
    "index": 68
  },
  {
    "name": "Load \"service\" to Context",
    "start": 1534753301462,
    "end": 1534753301703,
    "duration": 241,
    "pid": 9652,
    "index": 69
  },
  {
    "name": "Load Middleware",
    "start": 1534753301703,
    "end": 1534753301765,
    "duration": 62,
    "pid": 9652,
    "index": 70
  },
  {
    "name": "Load \"middlewares\" to Application",
    "start": 1534753301703,
    "end": 1534753301758,
    "duration": 55,
    "pid": 9652,
    "index": 71
  },
  {
    "name": "Load Controller",
    "start": 1534753301765,
    "end": 1534753301770,
    "duration": 5,
    "pid": 9652,
    "index": 72
  },
  {
    "name": "Load \"controller\" to Application",
    "start": 1534753301765,
    "end": 1534753301770,
    "duration": 5,
    "pid": 9652,
    "index": 73
  },
  {
    "name": "Load Router",
    "start": 1534753301770,
    "end": 1534753301772,
    "duration": 2,
    "pid": 9652,
    "index": 74
  },
  {
    "name": "Require(55) app/router.js",
    "start": 1534753301770,
    "end": 1534753301771,
    "duration": 1,
    "pid": 9652,
    "index": 75
  },
  {
    "name": "Before Start in node_modules/.4.9.1@egg-core/lib/egg.js:328:10",
    "start": 1534753301771,
    "end": 1534753301799,
    "duration": 28,
    "pid": 9652,
    "index": 76
  },
  {
    "name": "Load \"model\" to Application",
    "start": 1534753301782,
    "end": 1534753301799,
    "duration": 17,
    "pid": 9652,
    "index": 77
  }
]