[
  {
    "name": "Application Start",
    "start": 1534751437315,
    "end": 1534751439703,
    "duration": 2388,
    "pid": 12952,
    "index": 0
  },
  {
    "name": "Load Plugin",
    "start": 1534751437320,
    "end": 1534751437342,
    "duration": 22,
    "pid": 12952,
    "index": 1
  },
  {
    "name": "Load Config",
    "start": 1534751437342,
    "end": 1534751437362,
    "duration": 20,
    "pid": 12952,
    "index": 2
  },
  {
    "name": "Require(0) config/config.default.js",
    "start": 1534751437342,
    "end": 1534751437343,
    "duration": 1,
    "pid": 12952,
    "index": 3
  },
  {
    "name": "Require(1) node_modules/.3.1.0@egg-session/config/config.default.js",
    "start": 1534751437344,
    "end": 1534751437344,
    "duration": 0,
    "pid": 12952,
    "index": 4
  },
  {
    "name": "Require(2) node_modules/.2.2.3@egg-security/config/config.default.js",
    "start": 1534751437345,
    "end": 1534751437345,
    "duration": 0,
    "pid": 12952,
    "index": 5
  },
  {
    "name": "Require(3) node_modules/.2.0.0@egg-jsonp/config/config.default.js",
    "start": 1534751437346,
    "end": 1534751437346,
    "duration": 0,
    "pid": 12952,
    "index": 6
  },
  {
    "name": "Require(4) node_modules/.2.1.0@egg-onerror/config/config.default.js",
    "start": 1534751437347,
    "end": 1534751437347,
    "duration": 0,
    "pid": 12952,
    "index": 7
  },
  {
    "name": "Require(5) node_modules/.2.0.0@egg-i18n/config/config.default.js",
    "start": 1534751437347,
    "end": 1534751437347,
    "duration": 0,
    "pid": 12952,
    "index": 8
  },
  {
    "name": "Require(6) node_modules/.3.0.0@egg-watcher/config/config.default.js",
    "start": 1534751437348,
    "end": 1534751437348,
    "duration": 0,
    "pid": 12952,
    "index": 9
  },
  {
    "name": "Require(7) node_modules/.2.0.0@egg-multipart/config/config.default.js",
    "start": 1534751437348,
    "end": 1534751437349,
    "duration": 1,
    "pid": 12952,
    "index": 10
  },
  {
    "name": "Require(8) node_modules/.2.3.1@egg-development/config/config.default.js",
    "start": 1534751437349,
    "end": 1534751437349,
    "duration": 0,
    "pid": 12952,
    "index": 11
  },
  {
    "name": "Require(9) node_modules/.3.3.0@egg-schedule/config/config.default.js",
    "start": 1534751437349,
    "end": 1534751437350,
    "duration": 1,
    "pid": 12952,
    "index": 12
  },
  {
    "name": "Require(10) node_modules/.3.0.3@egg-logrotator/config/config.default.js",
    "start": 1534751437350,
    "end": 1534751437351,
    "duration": 1,
    "pid": 12952,
    "index": 13
  },
  {
    "name": "Require(11) node_modules/.2.1.1@egg-static/config/config.default.js",
    "start": 1534751437351,
    "end": 1534751437351,
    "duration": 0,
    "pid": 12952,
    "index": 14
  },
  {
    "name": "Require(12) node_modules/.2.1.0@egg-view/config/config.default.js",
    "start": 1534751437352,
    "end": 1534751437352,
    "duration": 0,
    "pid": 12952,
    "index": 15
  },
  {
    "name": "Require(13) node_modules/.3.1.0@egg-mongoose/config/config.default.js",
    "start": 1534751437352,
    "end": 1534751437353,
    "duration": 1,
    "pid": 12952,
    "index": 16
  },
  {
    "name": "Require(14) node_modules/.2.1.0@egg-cors/config/config.default.js",
    "start": 1534751437353,
    "end": 1534751437353,
    "duration": 0,
    "pid": 12952,
    "index": 17
  },
  {
    "name": "Require(15) node_modules/.2.2.0@egg-view-nunjucks/config/config.default.js",
    "start": 1534751437354,
    "end": 1534751437354,
    "duration": 0,
    "pid": 12952,
    "index": 18
  },
  {
    "name": "Require(16) node_modules/.2.9.1@egg/config/config.default.js",
    "start": 1534751437355,
    "end": 1534751437355,
    "duration": 0,
    "pid": 12952,
    "index": 19
  },
  {
    "name": "Require(17) config/config.default.js",
    "start": 1534751437356,
    "end": 1534751437356,
    "duration": 0,
    "pid": 12952,
    "index": 20
  },
  {
    "name": "Require(18) node_modules/.2.2.3@egg-security/config/config.local.js",
    "start": 1534751437358,
    "end": 1534751437359,
    "duration": 1,
    "pid": 12952,
    "index": 21
  },
  {
    "name": "Require(19) node_modules/.3.0.0@egg-watcher/config/config.local.js",
    "start": 1534751437360,
    "end": 1534751437360,
    "duration": 0,
    "pid": 12952,
    "index": 22
  },
  {
    "name": "Require(20) node_modules/.2.1.0@egg-view/config/config.local.js",
    "start": 1534751437361,
    "end": 1534751437361,
    "duration": 0,
    "pid": 12952,
    "index": 23
  },
  {
    "name": "Require(21) node_modules/.2.2.0@egg-view-nunjucks/config/config.local.js",
    "start": 1534751437362,
    "end": 1534751437362,
    "duration": 0,
    "pid": 12952,
    "index": 24
  },
  {
    "name": "Require(22) node_modules/.2.9.1@egg/config/config.local.js",
    "start": 1534751437362,
    "end": 1534751437362,
    "duration": 0,
    "pid": 12952,
    "index": 25
  },
  {
    "name": "Load extend/application.js",
    "start": 1534751437363,
    "end": 1534751437424,
    "duration": 61,
    "pid": 12952,
    "index": 26
  },
  {
    "name": "Require(23) node_modules/.3.1.0@egg-session/app/extend/application.js",
    "start": 1534751437364,
    "end": 1534751437364,
    "duration": 0,
    "pid": 12952,
    "index": 27
  },
  {
    "name": "Require(24) node_modules/.2.2.3@egg-security/app/extend/application.js",
    "start": 1534751437364,
    "end": 1534751437365,
    "duration": 1,
    "pid": 12952,
    "index": 28
  },
  {
    "name": "Require(25) node_modules/.2.0.0@egg-jsonp/app/extend/application.js",
    "start": 1534751437366,
    "end": 1534751437367,
    "duration": 1,
    "pid": 12952,
    "index": 29
  },
  {
    "name": "Require(26) node_modules/.3.0.3@egg-logrotator/app/extend/application.js",
    "start": 1534751437368,
    "end": 1534751437372,
    "duration": 4,
    "pid": 12952,
    "index": 30
  },
  {
    "name": "Require(27) node_modules/.2.1.0@egg-view/app/extend/application.js",
    "start": 1534751437372,
    "end": 1534751437374,
    "duration": 2,
    "pid": 12952,
    "index": 31
  },
  {
    "name": "Require(28) node_modules/.2.2.0@egg-view-nunjucks/app/extend/application.js",
    "start": 1534751437374,
    "end": 1534751437421,
    "duration": 47,
    "pid": 12952,
    "index": 32
  },
  {
    "name": "Load extend/request.js",
    "start": 1534751437424,
    "end": 1534751437429,
    "duration": 5,
    "pid": 12952,
    "index": 33
  },
  {
    "name": "Require(29) node_modules/.2.9.1@egg/app/extend/request.js",
    "start": 1534751437425,
    "end": 1534751437427,
    "duration": 2,
    "pid": 12952,
    "index": 34
  },
  {
    "name": "Load extend/response.js",
    "start": 1534751437429,
    "end": 1534751437434,
    "duration": 5,
    "pid": 12952,
    "index": 35
  },
  {
    "name": "Require(30) node_modules/.2.9.1@egg/app/extend/response.js",
    "start": 1534751437431,
    "end": 1534751437433,
    "duration": 2,
    "pid": 12952,
    "index": 36
  },
  {
    "name": "Load extend/context.js",
    "start": 1534751437434,
    "end": 1534751437491,
    "duration": 57,
    "pid": 12952,
    "index": 37
  },
  {
    "name": "Require(31) node_modules/.2.2.3@egg-security/app/extend/context.js",
    "start": 1534751437435,
    "end": 1534751437445,
    "duration": 10,
    "pid": 12952,
    "index": 38
  },
  {
    "name": "Require(32) node_modules/.2.0.0@egg-jsonp/app/extend/context.js",
    "start": 1534751437445,
    "end": 1534751437446,
    "duration": 1,
    "pid": 12952,
    "index": 39
  },
  {
    "name": "Require(33) node_modules/.2.0.0@egg-i18n/app/extend/context.js",
    "start": 1534751437447,
    "end": 1534751437447,
    "duration": 0,
    "pid": 12952,
    "index": 40
  },
  {
    "name": "Require(34) node_modules/.2.0.0@egg-multipart/app/extend/context.js",
    "start": 1534751437447,
    "end": 1534751437484,
    "duration": 37,
    "pid": 12952,
    "index": 41
  },
  {
    "name": "Require(35) node_modules/.2.1.0@egg-view/app/extend/context.js",
    "start": 1534751437485,
    "end": 1534751437485,
    "duration": 0,
    "pid": 12952,
    "index": 42
  },
  {
    "name": "Require(36) node_modules/.1.0.0@egg-validate/app/extend/context.js",
    "start": 1534751437485,
    "end": 1534751437486,
    "duration": 1,
    "pid": 12952,
    "index": 43
  },
  {
    "name": "Require(37) node_modules/.3.1.0@egg-mongoose/app/extend/context.js",
    "start": 1534751437486,
    "end": 1534751437486,
    "duration": 0,
    "pid": 12952,
    "index": 44
  },
  {
    "name": "Require(38) node_modules/.2.9.1@egg/app/extend/context.js",
    "start": 1534751437487,
    "end": 1534751437489,
    "duration": 2,
    "pid": 12952,
    "index": 45
  },
  {
    "name": "Load extend/helper.js",
    "start": 1534751437491,
    "end": 1534751437507,
    "duration": 16,
    "pid": 12952,
    "index": 46
  },
  {
    "name": "Require(39) node_modules/.2.2.3@egg-security/app/extend/helper.js",
    "start": 1534751437491,
    "end": 1534751437502,
    "duration": 11,
    "pid": 12952,
    "index": 47
  },
  {
    "name": "Require(40) node_modules/.2.9.1@egg/app/extend/helper.js",
    "start": 1534751437504,
    "end": 1534751437504,
    "duration": 0,
    "pid": 12952,
    "index": 48
  },
  {
    "name": "Load app.js",
    "start": 1534751437507,
    "end": 1534751438314,
    "duration": 807,
    "pid": 12952,
    "index": 49
  },
  {
    "name": "Require(41) node_modules/.3.1.0@egg-session/app.js",
    "start": 1534751437507,
    "end": 1534751437507,
    "duration": 0,
    "pid": 12952,
    "index": 50
  },
  {
    "name": "Require(42) node_modules/.2.2.3@egg-security/app.js",
    "start": 1534751437508,
    "end": 1534751437509,
    "duration": 1,
    "pid": 12952,
    "index": 51
  },
  {
    "name": "Require(43) node_modules/.2.1.0@egg-onerror/app.js",
    "start": 1534751437510,
    "end": 1534751437516,
    "duration": 6,
    "pid": 12952,
    "index": 52
  },
  {
    "name": "Require(44) node_modules/.2.0.0@egg-i18n/app.js",
    "start": 1534751437517,
    "end": 1534751437524,
    "duration": 7,
    "pid": 12952,
    "index": 53
  },
  {
    "name": "Require(45) node_modules/.3.0.0@egg-watcher/app.js",
    "start": 1534751437526,
    "end": 1534751437529,
    "duration": 3,
    "pid": 12952,
    "index": 54
  },
  {
    "name": "Before Start in node_modules/.3.0.0@egg-watcher/app.js:15:7",
    "start": 1534751437536,
    "end": 1534751438707,
    "duration": 1171,
    "pid": 12952,
    "index": 55
  },
  {
    "name": "Require(46) node_modules/.2.0.0@egg-multipart/app.js",
    "start": 1534751437537,
    "end": 1534751437540,
    "duration": 3,
    "pid": 12952,
    "index": 56
  },
  {
    "name": "Require(47) node_modules/.2.3.1@egg-development/app.js",
    "start": 1534751437541,
    "end": 1534751437543,
    "duration": 2,
    "pid": 12952,
    "index": 57
  },
  {
    "name": "Before Start in node_modules/.2.3.1@egg-development/app.js:12:7",
    "start": 1534751437543,
    "end": 1534751438708,
    "duration": 1165,
    "pid": 12952,
    "index": 58
  },
  {
    "name": "Require(48) node_modules/.3.3.0@egg-schedule/app.js",
    "start": 1534751437543,
    "end": 1534751437545,
    "duration": 2,
    "pid": 12952,
    "index": 59
  },
  {
    "name": "Require(49) node_modules/.3.0.3@egg-logrotator/app.js",
    "start": 1534751437578,
    "end": 1534751437578,
    "duration": 0,
    "pid": 12952,
    "index": 60
  },
  {
    "name": "Require(50) node_modules/.2.1.1@egg-static/app.js",
    "start": 1534751437578,
    "end": 1534751437578,
    "duration": 0,
    "pid": 12952,
    "index": 61
  },
  {
    "name": "Require(51) node_modules/.1.0.0@egg-validate/app.js",
    "start": 1534751437579,
    "end": 1534751437580,
    "duration": 1,
    "pid": 12952,
    "index": 62
  },
  {
    "name": "Require(52) node_modules/.3.1.0@egg-mongoose/app.js",
    "start": 1534751437580,
    "end": 1534751437581,
    "duration": 1,
    "pid": 12952,
    "index": 63
  },
  {
    "name": "Before Start in node_modules/.3.1.0@egg-mongoose/lib/mongoose.js:77:7",
    "start": 1534751438311,
    "end": 1534751439703,
    "duration": 1392,
    "pid": 12952,
    "index": 64
  },
  {
    "name": "Before Start in node_modules/.3.1.0@egg-mongoose/lib/mongoose.js:42:9",
    "start": 1534751438311,
    "end": 1534751438665,
    "duration": 354,
    "pid": 12952,
    "index": 65
  },
  {
    "name": "Require(53) node_modules/.2.1.0@egg-cors/app.js",
    "start": 1534751438312,
    "end": 1534751438312,
    "duration": 0,
    "pid": 12952,
    "index": 66
  },
  {
    "name": "Require(54) node_modules/.2.2.0@egg-view-nunjucks/app.js",
    "start": 1534751438312,
    "end": 1534751438312,
    "duration": 0,
    "pid": 12952,
    "index": 67
  },
  {
    "name": "Load Service",
    "start": 1534751438314,
    "end": 1534751438573,
    "duration": 259,
    "pid": 12952,
    "index": 68
  },
  {
    "name": "Load \"service\" to Context",
    "start": 1534751438314,
    "end": 1534751438573,
    "duration": 259,
    "pid": 12952,
    "index": 69
  },
  {
    "name": "Load Middleware",
    "start": 1534751438573,
    "end": 1534751438630,
    "duration": 57,
    "pid": 12952,
    "index": 70
  },
  {
    "name": "Load \"middlewares\" to Application",
    "start": 1534751438573,
    "end": 1534751438623,
    "duration": 50,
    "pid": 12952,
    "index": 71
  },
  {
    "name": "Load Controller",
    "start": 1534751438630,
    "end": 1534751438635,
    "duration": 5,
    "pid": 12952,
    "index": 72
  },
  {
    "name": "Load \"controller\" to Application",
    "start": 1534751438630,
    "end": 1534751438635,
    "duration": 5,
    "pid": 12952,
    "index": 73
  },
  {
    "name": "Load Router",
    "start": 1534751438635,
    "end": 1534751438637,
    "duration": 2,
    "pid": 12952,
    "index": 74
  },
  {
    "name": "Require(55) app/router.js",
    "start": 1534751438635,
    "end": 1534751438635,
    "duration": 0,
    "pid": 12952,
    "index": 75
  },
  {
    "name": "Before Start in node_modules/.4.9.1@egg-core/lib/egg.js:328:10",
    "start": 1534751438636,
    "end": 1534751438665,
    "duration": 29,
    "pid": 12952,
    "index": 76
  },
  {
    "name": "Load \"model\" to Application",
    "start": 1534751438647,
    "end": 1534751438664,
    "duration": 17,
    "pid": 12952,
    "index": 77
  }
]