[
  {
    "name": "Application Start",
    "start": 1534758365073,
    "end": 1534758367654,
    "duration": 2581,
    "pid": 12600,
    "index": 0
  },
  {
    "name": "Load Plugin",
    "start": 1534758365076,
    "end": 1534758365094,
    "duration": 18,
    "pid": 12600,
    "index": 1
  },
  {
    "name": "Load Config",
    "start": 1534758365094,
    "end": 1534758365115,
    "duration": 21,
    "pid": 12600,
    "index": 2
  },
  {
    "name": "Require(0) config/config.default.js",
    "start": 1534758365095,
    "end": 1534758365096,
    "duration": 1,
    "pid": 12600,
    "index": 3
  },
  {
    "name": "Require(1) node_modules/.3.1.0@egg-session/config/config.default.js",
    "start": 1534758365098,
    "end": 1534758365098,
    "duration": 0,
    "pid": 12600,
    "index": 4
  },
  {
    "name": "Require(2) node_modules/.2.2.3@egg-security/config/config.default.js",
    "start": 1534758365098,
    "end": 1534758365099,
    "duration": 1,
    "pid": 12600,
    "index": 5
  },
  {
    "name": "Require(3) node_modules/.2.0.0@egg-jsonp/config/config.default.js",
    "start": 1534758365099,
    "end": 1534758365099,
    "duration": 0,
    "pid": 12600,
    "index": 6
  },
  {
    "name": "Require(4) node_modules/.2.1.0@egg-onerror/config/config.default.js",
    "start": 1534758365100,
    "end": 1534758365100,
    "duration": 0,
    "pid": 12600,
    "index": 7
  },
  {
    "name": "Require(5) node_modules/.2.0.0@egg-i18n/config/config.default.js",
    "start": 1534758365100,
    "end": 1534758365100,
    "duration": 0,
    "pid": 12600,
    "index": 8
  },
  {
    "name": "Require(6) node_modules/.3.0.0@egg-watcher/config/config.default.js",
    "start": 1534758365101,
    "end": 1534758365101,
    "duration": 0,
    "pid": 12600,
    "index": 9
  },
  {
    "name": "Require(7) node_modules/.2.0.0@egg-multipart/config/config.default.js",
    "start": 1534758365101,
    "end": 1534758365102,
    "duration": 1,
    "pid": 12600,
    "index": 10
  },
  {
    "name": "Require(8) node_modules/.2.3.1@egg-development/config/config.default.js",
    "start": 1534758365102,
    "end": 1534758365102,
    "duration": 0,
    "pid": 12600,
    "index": 11
  },
  {
    "name": "Require(9) node_modules/.3.3.0@egg-schedule/config/config.default.js",
    "start": 1534758365103,
    "end": 1534758365103,
    "duration": 0,
    "pid": 12600,
    "index": 12
  },
  {
    "name": "Require(10) node_modules/.3.0.3@egg-logrotator/config/config.default.js",
    "start": 1534758365103,
    "end": 1534758365103,
    "duration": 0,
    "pid": 12600,
    "index": 13
  },
  {
    "name": "Require(11) node_modules/.2.1.1@egg-static/config/config.default.js",
    "start": 1534758365104,
    "end": 1534758365104,
    "duration": 0,
    "pid": 12600,
    "index": 14
  },
  {
    "name": "Require(12) node_modules/.2.1.0@egg-view/config/config.default.js",
    "start": 1534758365104,
    "end": 1534758365104,
    "duration": 0,
    "pid": 12600,
    "index": 15
  },
  {
    "name": "Require(13) node_modules/.3.1.0@egg-mongoose/config/config.default.js",
    "start": 1534758365105,
    "end": 1534758365105,
    "duration": 0,
    "pid": 12600,
    "index": 16
  },
  {
    "name": "Require(14) node_modules/.2.1.0@egg-cors/config/config.default.js",
    "start": 1534758365105,
    "end": 1534758365106,
    "duration": 1,
    "pid": 12600,
    "index": 17
  },
  {
    "name": "Require(15) node_modules/.2.2.0@egg-view-nunjucks/config/config.default.js",
    "start": 1534758365106,
    "end": 1534758365106,
    "duration": 0,
    "pid": 12600,
    "index": 18
  },
  {
    "name": "Require(16) node_modules/.2.9.1@egg/config/config.default.js",
    "start": 1534758365108,
    "end": 1534758365109,
    "duration": 1,
    "pid": 12600,
    "index": 19
  },
  {
    "name": "Require(17) config/config.default.js",
    "start": 1534758365110,
    "end": 1534758365110,
    "duration": 0,
    "pid": 12600,
    "index": 20
  },
  {
    "name": "Require(18) node_modules/.2.2.3@egg-security/config/config.local.js",
    "start": 1534758365111,
    "end": 1534758365111,
    "duration": 0,
    "pid": 12600,
    "index": 21
  },
  {
    "name": "Require(19) node_modules/.3.0.0@egg-watcher/config/config.local.js",
    "start": 1534758365112,
    "end": 1534758365112,
    "duration": 0,
    "pid": 12600,
    "index": 22
  },
  {
    "name": "Require(20) node_modules/.2.1.0@egg-view/config/config.local.js",
    "start": 1534758365113,
    "end": 1534758365113,
    "duration": 0,
    "pid": 12600,
    "index": 23
  },
  {
    "name": "Require(21) node_modules/.2.2.0@egg-view-nunjucks/config/config.local.js",
    "start": 1534758365114,
    "end": 1534758365114,
    "duration": 0,
    "pid": 12600,
    "index": 24
  },
  {
    "name": "Require(22) node_modules/.2.9.1@egg/config/config.local.js",
    "start": 1534758365115,
    "end": 1534758365115,
    "duration": 0,
    "pid": 12600,
    "index": 25
  },
  {
    "name": "Load extend/application.js",
    "start": 1534758365116,
    "end": 1534758365171,
    "duration": 55,
    "pid": 12600,
    "index": 26
  },
  {
    "name": "Require(23) node_modules/.3.1.0@egg-session/app/extend/application.js",
    "start": 1534758365116,
    "end": 1534758365117,
    "duration": 1,
    "pid": 12600,
    "index": 27
  },
  {
    "name": "Require(24) node_modules/.2.2.3@egg-security/app/extend/application.js",
    "start": 1534758365117,
    "end": 1534758365117,
    "duration": 0,
    "pid": 12600,
    "index": 28
  },
  {
    "name": "Require(25) node_modules/.2.0.0@egg-jsonp/app/extend/application.js",
    "start": 1534758365118,
    "end": 1534758365119,
    "duration": 1,
    "pid": 12600,
    "index": 29
  },
  {
    "name": "Require(26) node_modules/.3.0.3@egg-logrotator/app/extend/application.js",
    "start": 1534758365120,
    "end": 1534758365123,
    "duration": 3,
    "pid": 12600,
    "index": 30
  },
  {
    "name": "Require(27) node_modules/.2.1.0@egg-view/app/extend/application.js",
    "start": 1534758365123,
    "end": 1534758365124,
    "duration": 1,
    "pid": 12600,
    "index": 31
  },
  {
    "name": "Require(28) node_modules/.2.2.0@egg-view-nunjucks/app/extend/application.js",
    "start": 1534758365125,
    "end": 1534758365169,
    "duration": 44,
    "pid": 12600,
    "index": 32
  },
  {
    "name": "Load extend/request.js",
    "start": 1534758365171,
    "end": 1534758365176,
    "duration": 5,
    "pid": 12600,
    "index": 33
  },
  {
    "name": "Require(29) node_modules/.2.9.1@egg/app/extend/request.js",
    "start": 1534758365174,
    "end": 1534758365175,
    "duration": 1,
    "pid": 12600,
    "index": 34
  },
  {
    "name": "Load extend/response.js",
    "start": 1534758365176,
    "end": 1534758365182,
    "duration": 6,
    "pid": 12600,
    "index": 35
  },
  {
    "name": "Require(30) node_modules/.2.9.1@egg/app/extend/response.js",
    "start": 1534758365179,
    "end": 1534758365180,
    "duration": 1,
    "pid": 12600,
    "index": 36
  },
  {
    "name": "Load extend/context.js",
    "start": 1534758365182,
    "end": 1534758365238,
    "duration": 56,
    "pid": 12600,
    "index": 37
  },
  {
    "name": "Require(31) node_modules/.2.2.3@egg-security/app/extend/context.js",
    "start": 1534758365183,
    "end": 1534758365191,
    "duration": 8,
    "pid": 12600,
    "index": 38
  },
  {
    "name": "Require(32) node_modules/.2.0.0@egg-jsonp/app/extend/context.js",
    "start": 1534758365191,
    "end": 1534758365192,
    "duration": 1,
    "pid": 12600,
    "index": 39
  },
  {
    "name": "Require(33) node_modules/.2.0.0@egg-i18n/app/extend/context.js",
    "start": 1534758365192,
    "end": 1534758365192,
    "duration": 0,
    "pid": 12600,
    "index": 40
  },
  {
    "name": "Require(34) node_modules/.2.0.0@egg-multipart/app/extend/context.js",
    "start": 1534758365193,
    "end": 1534758365229,
    "duration": 36,
    "pid": 12600,
    "index": 41
  },
  {
    "name": "Require(35) node_modules/.2.1.0@egg-view/app/extend/context.js",
    "start": 1534758365230,
    "end": 1534758365231,
    "duration": 1,
    "pid": 12600,
    "index": 42
  },
  {
    "name": "Require(36) node_modules/.1.0.0@egg-validate/app/extend/context.js",
    "start": 1534758365231,
    "end": 1534758365231,
    "duration": 0,
    "pid": 12600,
    "index": 43
  },
  {
    "name": "Require(37) node_modules/.3.1.0@egg-mongoose/app/extend/context.js",
    "start": 1534758365231,
    "end": 1534758365232,
    "duration": 1,
    "pid": 12600,
    "index": 44
  },
  {
    "name": "Require(38) node_modules/.2.9.1@egg/app/extend/context.js",
    "start": 1534758365232,
    "end": 1534758365236,
    "duration": 4,
    "pid": 12600,
    "index": 45
  },
  {
    "name": "Load extend/helper.js",
    "start": 1534758365238,
    "end": 1534758365251,
    "duration": 13,
    "pid": 12600,
    "index": 46
  },
  {
    "name": "Require(39) node_modules/.2.2.3@egg-security/app/extend/helper.js",
    "start": 1534758365238,
    "end": 1534758365248,
    "duration": 10,
    "pid": 12600,
    "index": 47
  },
  {
    "name": "Require(40) node_modules/.2.9.1@egg/app/extend/helper.js",
    "start": 1534758365250,
    "end": 1534758365250,
    "duration": 0,
    "pid": 12600,
    "index": 48
  },
  {
    "name": "Load app.js",
    "start": 1534758365252,
    "end": 1534758366158,
    "duration": 906,
    "pid": 12600,
    "index": 49
  },
  {
    "name": "Require(41) node_modules/.3.1.0@egg-session/app.js",
    "start": 1534758365252,
    "end": 1534758365252,
    "duration": 0,
    "pid": 12600,
    "index": 50
  },
  {
    "name": "Require(42) node_modules/.2.2.3@egg-security/app.js",
    "start": 1534758365252,
    "end": 1534758365253,
    "duration": 1,
    "pid": 12600,
    "index": 51
  },
  {
    "name": "Require(43) node_modules/.2.1.0@egg-onerror/app.js",
    "start": 1534758365254,
    "end": 1534758365261,
    "duration": 7,
    "pid": 12600,
    "index": 52
  },
  {
    "name": "Require(44) node_modules/.2.0.0@egg-i18n/app.js",
    "start": 1534758365262,
    "end": 1534758365267,
    "duration": 5,
    "pid": 12600,
    "index": 53
  },
  {
    "name": "Require(45) node_modules/.3.0.0@egg-watcher/app.js",
    "start": 1534758365269,
    "end": 1534758365272,
    "duration": 3,
    "pid": 12600,
    "index": 54
  },
  {
    "name": "Before Start in node_modules/.3.0.0@egg-watcher/app.js:15:7",
    "start": 1534758365280,
    "end": 1534758366649,
    "duration": 1369,
    "pid": 12600,
    "index": 55
  },
  {
    "name": "Require(46) node_modules/.2.0.0@egg-multipart/app.js",
    "start": 1534758365281,
    "end": 1534758365283,
    "duration": 2,
    "pid": 12600,
    "index": 56
  },
  {
    "name": "Require(47) node_modules/.2.3.1@egg-development/app.js",
    "start": 1534758365284,
    "end": 1534758365285,
    "duration": 1,
    "pid": 12600,
    "index": 57
  },
  {
    "name": "Before Start in node_modules/.2.3.1@egg-development/app.js:12:7",
    "start": 1534758365285,
    "end": 1534758366649,
    "duration": 1364,
    "pid": 12600,
    "index": 58
  },
  {
    "name": "Require(48) node_modules/.3.3.0@egg-schedule/app.js",
    "start": 1534758365285,
    "end": 1534758365287,
    "duration": 2,
    "pid": 12600,
    "index": 59
  },
  {
    "name": "Require(49) node_modules/.3.0.3@egg-logrotator/app.js",
    "start": 1534758365315,
    "end": 1534758365315,
    "duration": 0,
    "pid": 12600,
    "index": 60
  },
  {
    "name": "Require(50) node_modules/.2.1.1@egg-static/app.js",
    "start": 1534758365315,
    "end": 1534758365316,
    "duration": 1,
    "pid": 12600,
    "index": 61
  },
  {
    "name": "Require(51) node_modules/.1.0.0@egg-validate/app.js",
    "start": 1534758365316,
    "end": 1534758365317,
    "duration": 1,
    "pid": 12600,
    "index": 62
  },
  {
    "name": "Require(52) node_modules/.3.1.0@egg-mongoose/app.js",
    "start": 1534758365318,
    "end": 1534758365318,
    "duration": 0,
    "pid": 12600,
    "index": 63
  },
  {
    "name": "Before Start in node_modules/.3.1.0@egg-mongoose/lib/mongoose.js:77:7",
    "start": 1534758366156,
    "end": 1534758367654,
    "duration": 1498,
    "pid": 12600,
    "index": 64
  },
  {
    "name": "Before Start in node_modules/.3.1.0@egg-mongoose/lib/mongoose.js:42:9",
    "start": 1534758366156,
    "end": 1534758366605,
    "duration": 449,
    "pid": 12600,
    "index": 65
  },
  {
    "name": "Require(53) node_modules/.2.1.0@egg-cors/app.js",
    "start": 1534758366156,
    "end": 1534758366157,
    "duration": 1,
    "pid": 12600,
    "index": 66
  },
  {
    "name": "Require(54) node_modules/.2.2.0@egg-view-nunjucks/app.js",
    "start": 1534758366157,
    "end": 1534758366157,
    "duration": 0,
    "pid": 12600,
    "index": 67
  },
  {
    "name": "Load Service",
    "start": 1534758366158,
    "end": 1534758366481,
    "duration": 323,
    "pid": 12600,
    "index": 68
  },
  {
    "name": "Load \"service\" to Context",
    "start": 1534758366159,
    "end": 1534758366481,
    "duration": 322,
    "pid": 12600,
    "index": 69
  },
  {
    "name": "Load Middleware",
    "start": 1534758366481,
    "end": 1534758366569,
    "duration": 88,
    "pid": 12600,
    "index": 70
  },
  {
    "name": "Load \"middlewares\" to Application",
    "start": 1534758366481,
    "end": 1534758366560,
    "duration": 79,
    "pid": 12600,
    "index": 71
  },
  {
    "name": "Load Controller",
    "start": 1534758366569,
    "end": 1534758366574,
    "duration": 5,
    "pid": 12600,
    "index": 72
  },
  {
    "name": "Load \"controller\" to Application",
    "start": 1534758366569,
    "end": 1534758366574,
    "duration": 5,
    "pid": 12600,
    "index": 73
  },
  {
    "name": "Load Router",
    "start": 1534758366574,
    "end": 1534758366576,
    "duration": 2,
    "pid": 12600,
    "index": 74
  },
  {
    "name": "Require(55) app/router.js",
    "start": 1534758366574,
    "end": 1534758366574,
    "duration": 0,
    "pid": 12600,
    "index": 75
  },
  {
    "name": "Before Start in node_modules/.4.9.1@egg-core/lib/egg.js:328:10",
    "start": 1534758366575,
    "end": 1534758366605,
    "duration": 30,
    "pid": 12600,
    "index": 76
  },
  {
    "name": "Load \"model\" to Application",
    "start": 1534758366590,
    "end": 1534758366604,
    "duration": 14,
    "pid": 12600,
    "index": 77
  }
]